source_table,temperature_k,pressure_gpa,log10_fugacity
Table S4,1000.0,0.0,-21.6067683060155
Table S4,1000.0,1.0,-21.0601010033554
Table S4,1000.0,2.0,-20.5163186804466
Table S4,1000.0,3.0,-19.9754359781383
Table S4,1000.0,4.0,-19.4374533287336
Table S4,1000.0,5.0,-18.9023604150503
Table S4,1000.0,6.0,-18.3701387839311
Table S4,1000.0,7.0,-17.8407638385363
Table S4,1000.0,8.0,-17.3142063689821
Table S4,1000.0,9.0,-16.7904337362676
Table S4,1000.0,10.0,-16.2694107932753
Table S4,1000.0,11.0,-15.7511006046134
Table S4,1000.0,12.0,-15.235465011305
Table S4,1000.0,13.0,-14.7224650749323
Table S4,1000.0,14.0,-14.2120614275034
Table S4,1000.0,15.0,-13.7042145471452
Table S4,1000.0,16.0,-13.1889716813796
Table S4,1000.0,17.0,-12.6666010015758
Table S4,1000.0,18.0,-12.1472689321428
Table S4,1000.0,19.0,-11.6309074352679
Table S4,1000.0,20.0,-11.117451236149
Table S4,1000.0,21.0,-10.606837663132
Table S4,1000.0,22.0,-10.0990064995176
Table S4,1000.0,23.0,-9.59389984604933
Table S4,1000.0,24.0,-9.09146199318433
Table S4,1000.0,25.0,-8.59163930232951
Table S4,1000.0,26.0,-8.09438009529995
Table S4,1000.0,27.0,-7.59963455132572
Table S4,1000.0,28.0,-7.10735461099373
Table S4,1000.0,29.0,-6.61749388656755
Table S4,1000.0,30.0,-6.13000757817869
Table S4,1000.0,31.0,-5.64485239542812
Table S4,1000.0,32.0,-5.16198648397842
Table S4,1000.0,33.0,-4.68136935675382
Table S4,1000.0,34.0,-4.20296182939928
Table S4,1000.0,35.0,-3.72672595967994
Table S4,1000.0,36.0,-3.25262499052981
Table S4,1000.0,37.0,-2.78062329648346
Table S4,1000.0,38.0,-2.31068633324698
Table S4,1000.0,39.0,-1.84278059018457
Table S4,1000.0,40.0,-1.37687354551596
Table S4,1000.0,41.0,-0.912933624036522
Table S4,1000.0,42.0,-0.450930157186824
Table S4,1000.0,43.0,0.00916665468728439
Table S4,1000.0,44.0,0.467385778030728
Table S4,1000.0,45.0,0.923755379866577
Table S4,1000.0,46.0,1.37830285979927
Table S4,1000.0,47.0,1.83105488034897
Table S4,1000.0,48.0,2.28203739572336
Table S4,1000.0,49.0,2.73127567912539
Table S4,1000.0,50.0,3.1787943486883
Table S4,1000.0,51.0,3.62461739212216
Table S4,1000.0,52.0,4.06876819015066
Table S4,1000.0,53.0,4.51126953881071
Table S4,1000.0,54.0,4.95214367068262
Table S4,1000.0,55.0,5.39141227511369
Table S4,1000.0,56.0,5.82909651749393
Table S4,1000.0,57.0,6.2652170576382
Table S4,1000.0,58.0,6.69979406732587
Table S4,1000.0,59.0,7.13284724704527
Table S4,1000.0,60.0,7.56439584198729
Table S4,1000.0,61.0,7.99445865732947
Table S4,1000.0,62.0,8.42305407284929
Table S4,1000.0,63.0,8.8502000569029
Table S4,1000.0,64.0,9.27591417980302
Table S4,1000.0,65.0,9.70021362662802
Table S4,1000.0,66.0,10.1231152094916
Table S4,1000.0,67.0,10.5446353793016
Table S4,1000.0,68.0,10.9647902370331
Table S4,1000.0,69.0,11.3835955445418
Table S4,1000.0,70.0,11.8010667349397
Table S4,1000.0,71.0,12.2172189225555
Table S4,1000.0,72.0,12.6320669124996
Table S4,1000.0,73.0,13.0456252098541
Table S4,1000.0,74.0,13.4579080285046
Table S4,1000.0,75.0,13.8689292996321
Table S4,1000.0,76.0,14.2787026798801
Table S4,1000.0,77.0,14.6872415592132
Table S4,1000.0,78.0,15.0945590684814
Table S4,1000.0,79.0,15.5006680867023
Table S4,1000.0,80.0,15.9055812480766
Table S4,1000.0,81.0,16.3093109487468
Table S4,1000.0,82.0,16.7118693533115
Table S4,1000.0,83.0,17.113268401107
Table S4,1000.0,84.0,17.5135198122645
Table S4,1000.0,85.0,17.912635093555
Table S4,1000.0,86.0,18.310625544029
Table S4,1000.0,87.0,18.7075022604622
Table S4,1000.0,88.0,19.1032761426129
Table S4,1000.0,89.0,19.4979578983011
Table S4,1000.0,90.0,19.8915580483159
Table S4,1000.0,91.0,20.2840869311582
Table S4,1000.0,92.0,20.6755547076263
Table S4,1000.0,93.0,21.0659713652499
Table S4,1000.0,94.0,21.4553467225797
Table S4,1000.0,95.0,21.843690433337
Table S4,1000.0,96.0,22.2310119904306
Table S4,1000.0,97.0,22.6173207298448
Table S4,1000.0,98.0,23.0026258344048
Table S4,1000.0,99.0,23.3869363374231
Table S4,1000.0,100.0,23.7702611262325
Table S4,1100.0,0.0,-19.0460220373002
Table S4,1100.0,1.0,-18.5483715964011
Table S4,1100.0,2.0,-18.0532668372728
Table S4,1100.0,3.0,-17.5607387392804
Table S4,1100.0,4.0,-17.0708015357666
Table S4,1100.0,5.0,-16.5834567864643
Table S4,1100.0,6.0,-16.0986964284714
Table S4,1100.0,7.0,-15.6165050860107
Table S4,1100.0,8.0,-15.1368618352351
Table S4,1100.0,9.0,-14.659741563537
Table S4,1100.0,10.0,-14.1851160238096
Table S4,1100.0,11.0,-13.7129546569275
Table S4,1100.0,12.0,-13.2432252365162
Table S4,1100.0,13.0,-12.775894376344
Table S4,1100.0,14.0,-12.3109279307302
Table S4,1100.0,15.0,-11.8482913110807
Table S4,1100.0,16.0,-11.3879497362783
Table S4,1100.0,17.0,-10.929868430629
Table S4,1100.0,18.0,-10.465594631918
Table S4,1100.0,19.0,-9.99535273572752
Table S4,1100.0,20.0,-9.52777308342158
Table S4,1100.0,21.0,-9.06279793693399
Table S4,1100.0,22.0,-8.60037182373387
Table S4,1100.0,23.0,-8.14044141051982
Table S4,1100.0,24.0,-7.68295538575912
Table S4,1100.0,25.0,-7.22786435035965
Table S4,1100.0,26.0,-6.77512071582217
Table S4,1100.0,27.0,-6.32467860927592
Table S4,1100.0,28.0,-5.87649378485208
Table S4,1100.0,29.0,-5.43052354089656
Table S4,1100.0,30.0,-4.98672664256691
Table S4,1100.0,31.0,-4.54506324939766
Table S4,1100.0,32.0,-4.10549484745389
Table S4,1100.0,33.0,-3.66798418572611
Table S4,1100.0,34.0,-3.23249521644863
Table S4,1100.0,35.0,-2.79899303905123
Table S4,1100.0,36.0,-2.36744384747772
Table S4,1100.0,37.0,-1.93781488062798
Table S4,1100.0,38.0,-1.51007437569985
Table S4,1100.0,39.0,-1.08419152422571
Table S4,1100.0,40.0,-0.66013643061547
Table S4,1100.0,41.0,-0.237880073032759
Table S4,1100.0,42.0,0.182605733555046
Table S4,1100.0,43.0,0.601348372299579
Table S4,1100.0,44.0,1.01837445750237
Table S4,1100.0,45.0,1.43370986587846
Table S4,1100.0,46.0,1.84737976616795
Table S4,1100.0,47.0,2.25940864720188
Table S4,1100.0,48.0,2.6698203445209
Table S4,1100.0,49.0,3.07863806563772
Table S4,1100.0,50.0,3.48588441402785
Table S4,1100.0,51.0,3.89158141192667
Table S4,1100.0,52.0,4.29575052200574
Table S4,1100.0,53.0,4.69841266799541
Table S4,1100.0,54.0,5.09958825431676
Table S4,1100.0,55.0,5.49929718478086
Table S4,1100.0,56.0,5.89755888040979
Table S4,1100.0,57.0,6.29439229642996
Table S4,1100.0,58.0,6.68981593848475
Table S4,1100.0,59.0,7.08384787811066
Table S4,1100.0,60.0,7.47650576751771
Table S4,1100.0,61.0,7.8678068537128
Table S4,1100.0,62.0,8.25776799200173
Table S4,1100.0,63.0,8.64640565890333
Table S4,1100.0,64.0,9.03373596450739
Table S4,1100.0,65.0,9.41977466430568
Table S4,1100.0,66.0,9.80453717052363
Table S4,1100.0,67.0,10.1880385629786
Table S4,1100.0,68.0,10.5702935994894
Table S4,1100.0,69.0,10.9513167258589
Table S4,1100.0,70.0,11.3311220854527
Table S4,1100.0,71.0,11.7097235283925
Table S4,1100.0,72.0,12.0871346203846
Table S4,1100.0,73.0,12.4633686512
Table S4,1100.0,74.0,12.8384386428242
Table S4,1100.0,75.0,13.2123573572917
Table S4,1100.0,76.0,13.5851373042209
Table S4,1100.0,77.0,13.956790748063
Table S4,1100.0,78.0,14.3273297150783
Table S4,1100.0,79.0,14.6967660000529
Table S4,1100.0,80.0,15.0651111727674
Table S4,1100.0,81.0,15.4323765842289
Table S4,1100.0,82.0,15.7985733726769
Table S4,1100.0,83.0,16.163712469374
Table S4,1100.0,84.0,16.527804604189
Table S4,1100.0,85.0,16.8908603109841
Table S4,1100.0,86.0,17.2528899328126
Table S4,1100.0,87.0,17.6139036269365
Table S4,1100.0,88.0,17.973911369671
Table S4,1100.0,89.0,18.3329229610636
Table S4,1100.0,90.0,18.6909480294152
Table S4,1100.0,91.0,19.0479960356485
Table S4,1100.0,92.0,19.4040762775316
Table S4,1100.0,93.0,19.7591978937618
Table S4,1100.0,94.0,20.113369867915
Table S4,1100.0,95.0,20.4666010322673
Table S4,1100.0,96.0,20.8189000714933
Table S4,1100.0,97.0,21.1702755262451
Table S4,1100.0,98.0,21.5207357966187
Table S4,1100.0,99.0,21.8702891455104
Table S4,1100.0,100.0,22.2189437018684
Table S4,1200.0,0.0,-16.9120668082506
Table S4,1200.0,1.0,-16.4553625587326
Table S4,1200.0,2.0,-16.0009023645337
Table S4,1200.0,3.0,-15.5487348408191
Table S4,1200.0,4.0,-15.0988887463668
Table S4,1200.0,5.0,-14.6513778488229
Table S4,1200.0,6.0,-14.2062045328585
Table S4,1200.0,7.0,-13.7633625089244
Table S4,1200.0,8.0,-13.3228388687737
Table S4,1200.0,9.0,-12.8846156600214
Table S4,1200.0,10.0,-12.4486711021707
Table S4,1200.0,11.0,-12.0149805323594
Table S4,1200.0,12.0,-11.5835171452869
Table S4,1200.0,13.0,-11.1542525749693
Table S4,1200.0,14.0,-10.727157353935
Table S4,1200.0,15.0,-10.3022012767497
Table S4,1200.0,16.0,-9.87935368836102
Table S4,1200.0,17.0,-9.45858371301084
Table S4,1200.0,18.0,-9.03986043591679
Table S4,1200.0,19.0,-8.62315304723916
Table S4,1200.0,20.0,-8.20843095580979
Table S4,1200.0,21.0,-7.78869837557037
Table S4,1200.0,22.0,-7.36413455187843
Table S4,1200.0,23.0,-6.94187503107944
Table S4,1200.0,24.0,-6.52187221215404
Table S4,1200.0,25.0,-6.10408027012285
Table S4,1200.0,26.0,-5.68845506196523
Table S4,1200.0,27.0,-5.27495403879271
Table S4,1200.0,28.0,-4.86353616379987
Table S4,1200.0,29.0,-4.45416183555309
Table S4,1200.0,30.0,-4.0467928162131
Table S4,1200.0,31.0,-3.64139216431971
Table S4,1200.0,32.0,-3.23792417179805
Table S4,1200.0,33.0,-2.83635430487278
Table S4,1200.0,34.0,-2.43664914860331
Table S4,1200.0,35.0,-2.03877635477587
Table S4,1200.0,36.0,-1.64270459291022
Table S4,1200.0,37.0,-1.24840350415844
Table S4,1200.0,38.0,-0.855843657891163
Table S4,1200.0,39.0,-0.464996510783045
Table S4,1200.0,40.0,-0.0758343682244948
Table S4,1200.0,41.0,0.311669652099872
Table S4,1200.0,42.0,0.697541654612891
Table S4,1200.0,43.0,1.08180699836199
Table S4,1200.0,44.0,1.46449032777686
Table S4,1200.0,45.0,1.8456156017829
Table S4,1200.0,46.0,2.22520612137728
Table S4,1200.0,47.0,2.60328455576601
Table S4,1200.0,48.0,2.97987296715341
Table S4,1200.0,49.0,3.35499283426854
Table S4,1200.0,50.0,3.72866507470686
Table S4,1200.0,51.0,4.10091006615993
Table S4,1200.0,52.0,4.47174766660054
Table S4,1200.0,53.0,4.84119723348607
Table S4,1200.0,54.0,5.20927764203837
Table S4,1200.0,55.0,5.57600730265433
Table S4,1200.0,56.0,5.94140417749786
Table S4,1200.0,57.0,6.30548579632013
Table S4,1200.0,58.0,6.66826927155216
Table S4,1200.0,59.0,7.02977131271068
Table S4,1200.0,60.0,7.39000824015548
Table S4,1200.0,61.0,7.7489959982341
Table S4,1200.0,62.0,8.10675016784721
Table S4,1200.0,63.0,8.4632859784661
Table S4,1200.0,64.0,8.81861831963145
Table S4,1200.0,65.0,9.17276175196095
Table S4,1200.0,66.0,9.52573051769147
Table S4,1200.0,67.0,9.87753855077995
Table S4,1200.0,68.0,10.2281994865857
Table S4,1200.0,69.0,10.5777266711554
Table S4,1200.0,70.0,10.926133170131
Table S4,1200.0,71.0,11.2734317772987
Table S4,1200.0,72.0,11.6196350227979
Table S4,1200.0,73.0,11.9647551810057
Table S4,1200.0,74.0,12.3088042781133
Table S4,1200.0,75.0,12.6517940994088
Table S4,1200.0,76.0,12.9937361962809
Table S4,1200.0,77.0,13.3346418929557
Table S4,1200.0,78.0,13.6745222929803
Table S4,1200.0,79.0,14.0133882854638
Table S4,1200.0,80.0,14.3512505510882
Table S4,1200.0,81.0,14.6881195678977
Table S4,1200.0,82.0,15.0240056168788
Table S4,1200.0,83.0,15.3589187873384
Table S4,1200.0,84.0,15.6928689820904
Table S4,1200.0,85.0,16.0258659224584
Table S4,1200.0,86.0,16.3579191531026
Table S4,1200.0,87.0,16.6890380466789
Table S4,1200.0,88.0,17.0192318083374
Table S4,1200.0,89.0,17.3485094800662
Table S4,1200.0,90.0,17.6768799448883
Table S4,1200.0,91.0,18.0043519309168
Table S4,1200.0,92.0,18.3309340152752
Table S4,1200.0,93.0,18.6566346278873
Table S4,1200.0,94.0,18.9814620551423
Table S4,1200.0,95.0,19.3054244434414
Table S4,1200.0,96.0,19.6285298026286
Table S4,1200.0,97.0,19.950786009312
Table S4,1200.0,98.0,20.272200810079
Table S4,1200.0,99.0,20.5927818246103
Table S4,1200.0,100.0,20.9125365486955
Table S4,1300.0,0.0,-15.1064123793386
Table S4,1300.0,1.0,-14.684465529172
Table S4,1300.0,2.0,-14.2644859730994
Table S4,1300.0,3.0,-13.846542010723
Table S4,1300.0,4.0,-13.4306782260183
Table S4,1300.0,5.0,-13.0169213846363
Table S4,1300.0,6.0,-12.6052847560581
Table S4,1300.0,7.0,-12.1957713265329
Table S4,1300.0,8.0,-11.7883762173309
Table S4,1300.0,9.0,-11.3830885247523
Table S4,1300.0,10.0,-10.9798927334678
Table S4,1300.0,11.0,-10.5787698110621
Table S4,1300.0,12.0,-10.1796980616735
Table S4,1300.0,13.0,-9.78265379573882
Table S4,1300.0,14.0,-9.38761185807209
Table S4,1300.0,15.0,-8.99454604591133
Table S4,1300.0,16.0,-8.60342944087044
Table S4,1300.0,17.0,-8.21423467307803
Table S4,1300.0,18.0,-7.82693413158558
Table S4,1300.0,19.0,-7.44150013197626
Table S4,1300.0,20.0,-7.05790504972118
Table S4,1300.0,21.0,-6.6761214260092
Table S4,1300.0,22.0,-6.29612205137528
Table S4,1300.0,23.0,-5.91788003136684
Table S4,1300.0,24.0,-5.53558257796514
Table S4,1300.0,25.0,-5.1493744070805
Table S4,1300.0,26.0,-4.7651794504548
Table S4,1300.0,27.0,-4.38295801033586
Table S4,1300.0,28.0,-4.00267180038045
Table S4,1300.0,29.0,-3.62428387447682
Table S4,1300.0,30.0,-3.24775856006645
Table S4,1300.0,31.0,-2.87306139563963
Table S4,1300.0,32.0,-2.50015907210349
Table S4,1300.0,33.0,-2.12901937774407
Table S4,1300.0,34.0,-1.75961114652507
Table S4,1300.0,35.0,-1.39190420948613
Table S4,1300.0,36.0,-1.02586934902157
Table S4,1300.0,37.0,-0.661478255837856
Table S4,1300.0,38.0,-0.298703488403386
Table S4,1300.0,39.0,0.0624815652810522
Table S4,1300.0,40.0,0.4221027237497
Table S4,1300.0,41.0,0.780185046123376
Table S4,1300.0,42.0,1.13675286428023
Table S4,1300.0,43.0,1.49182981327053
Table S4,1300.0,44.0,1.84543886009078
Table S4,1300.0,45.0,2.19760233092382
Table S4,1300.0,46.0,2.54834193694373
Table S4,1300.0,47.0,2.89767879877683
Table S4,1300.0,48.0,3.24563346970355
Table S4,1300.0,49.0,3.59222595767972
Table S4,1300.0,50.0,3.93747574625005
Table S4,1300.0,51.0,4.28140181442161
Table S4,1300.0,52.0,4.62402265556008
Table S4,1300.0,53.0,4.96535629536721
Table S4,1300.0,54.0,5.3054203089939
Table S4,1300.0,55.0,5.64423183733958
Table S4,1300.0,56.0,5.98180760258494
Table S4,1300.0,57.0,6.31816392300219
Table S4,1300.0,58.0,6.65331672708357
Table S4,1300.0,59.0,6.98728156702681
Table S4,1300.0,60.0,7.32007363161299
Table S4,1300.0,61.0,7.65170775851044
Table S4,1300.0,62.0,7.98219844603593
Table S4,1300.0,63.0,8.31155986440248
Table S4,1300.0,64.0,8.6398058664811
Table S4,1300.0,65.0,8.96694999810235
Table S4,1300.0,66.0,9.29300550792178
Table S4,1300.0,67.0,9.61798535687176
Table S4,1300.0,68.0,9.94190222722116
Table S4,1300.0,69.0,10.2647685312626
Table S4,1300.0,70.0,10.5865964196466
Table S4,1300.0,71.0,10.9073977893791
Table S4,1300.0,72.0,11.2271842915004
Table S4,1300.0,73.0,11.5459673384603
Table S4,1300.0,74.0,11.8637581112043
Table S4,1300.0,75.0,12.180567565985
Table S4,1300.0,76.0,12.4964064409114
Table S4,1300.0,77.0,12.811285262249
Table S4,1300.0,78.0,13.1252143504821
Table S4,1300.0,79.0,13.4382038261488
Table S4,1300.0,80.0,13.7502636154605
Table S4,1300.0,81.0,14.0614034557147
Table S4,1300.0,82.0,14.37163290051
Table S4,1300.0,83.0,14.6809613247737
Table S4,1300.0,84.0,14.9893979296089
Table S4,1300.0,85.0,15.29695174697
Table S4,1300.0,86.0,15.6036316441735
Table S4,1300.0,87.0,15.909446328251
Table S4,1300.0,88.0,16.2144043501528
Table S4,1300.0,89.0,16.518514108806
Table S4,1300.0,90.0,16.8217838550352
Table S4,1300.0,91.0,17.1242216953508
Table S4,1300.0,92.0,17.4258355956105
Table S4,1300.0,93.0,17.7266333845592
Table S4,1300.0,94.0,18.0266227572521
Table S4,1300.0,95.0,18.3258112783662
Table S4,1300.0,96.0,18.6242063854047
Table S4,1300.0,97.0,18.9218153917972
Table S4,1300.0,98.0,19.2186454899027
Table S4,1300.0,99.0,19.5147037539156
Table S4,1300.0,100.0,19.8099971426818
Table S4,1400.0,0.0,-13.5587085794163
Table S4,1400.0,1.0,-13.1666787065328
Table S4,1400.0,2.0,-12.7763539147047
Table S4,1400.0,3.0,-12.3878251435762
Table S4,1400.0,4.0,-12.0011547517135
Table S4,1400.0,5.0,-11.6163837792041
Table S4,1400.0,6.0,-11.2335371968794
Table S4,1400.0,7.0,-10.8526277633278
Table S4,1400.0,8.0,-10.4736588999089
Table S4,1400.0,9.0,-10.0966268607417
Table S4,1400.0,10.0,-9.7215223884636
Table S4,1400.0,11.0,-9.34833198960391
Table S4,1400.0,12.0,-8.97703892501344
Table S4,1400.0,13.0,-8.60762398442722
Table S4,1400.0,14.0,-8.24006609583169
Table S4,1400.0,15.0,-7.87434280726256
Table S4,1400.0,16.0,-7.51043066928395
Table S4,1400.0,17.0,-7.1483055395756
Table S4,1400.0,18.0,-6.78794282602905
Table S4,1400.0,19.0,-6.4293176810136
Table S4,1400.0,20.0,-6.07240515666058
Table S4,1400.0,21.0,-5.7171803288816
Table S4,1400.0,22.0,-5.36361839620495
Table S4,1400.0,23.0,-5.01169475825602
Table S4,1400.0,24.0,-4.66138507773132
Table S4,1400.0,25.0,-4.31266532895165
Table S4,1400.0,26.0,-3.96054939535461
Table S4,1400.0,27.0,-3.60516100013238
Table S4,1400.0,28.0,-3.25158043054547
Table S4,1400.0,29.0,-2.8997730524561
Table S4,1400.0,30.0,-2.54970542498458
Table S4,1400.0,31.0,-2.20134524238826
Table S4,1400.0,32.0,-1.85466127946849
Table S4,1400.0,33.0,-1.50962334026347
Table S4,1400.0,34.0,-1.16620220980134
Table S4,1400.0,35.0,-0.824369608703966
Table S4,1400.0,36.0,-0.484098150446186
Table S4,1400.0,37.0,-0.145361301090039
Table S4,1400.0,38.0,0.191866658673843
Table S4,1400.0,39.0,0.527610669332993
Table S4,1400.0,40.0,0.861894926351821
Table S4,1400.0,41.0,1.19474291209569
Table S4,1400.0,42.0,1.52617742600373
Table S4,1400.0,43.0,1.85622061312481
Table S4,1400.0,44.0,2.18489399112275
Table S4,1400.0,45.0,2.51221847584883
Table S4,1400.0,46.0,2.83821440557295
Table S4,1400.0,47.0,3.16290156395777
Table S4,1400.0,48.0,3.48629920185441
Table S4,1400.0,49.0,3.80842605799251
Table S4,1400.0,50.0,4.12930037863233
Table S4,1400.0,51.0,4.44893993624185
Table S4,1400.0,52.0,4.76736204725739
Table S4,1400.0,53.0,5.08458358898222
Table S4,1400.0,54.0,5.40062101567388
Table S4,1400.0,55.0,5.71549037386751
Table S4,1400.0,56.0,6.02920731697929
Table S4,1400.0,57.0,6.34178711923104
Table S4,1400.0,58.0,6.65324468893446
Table S4,1400.0,59.0,6.96359458117082
Table S4,1400.0,60.0,7.2728510098997
Table S4,1400.0,61.0,7.58102785952798
Table S4,1400.0,62.0,7.88813869596863
Table S4,1400.0,63.0,8.19419677721666
Table S4,1400.0,64.0,8.49921506346791
Table S4,1400.0,65.0,8.80320622680508
Table S4,1400.0,66.0,9.10618266047328
Table S4,1400.0,67.0,9.40815648776677
Table S4,1400.0,68.0,9.70913957054648
Table S4,1400.0,69.0,10.0091435174073
Table S4,1400.0,70.0,10.3081796915127
Table S4,1400.0,71.0,10.6062592181136
Table S4,1400.0,72.0,10.9033929917662
Table S4,1400.0,73.0,11.1995916832645
Table S4,1400.0,74.0,11.4948657463014
Table S4,1400.0,75.0,11.7892254238699
Table S4,1400.0,76.0,12.0826807544194
Table S4,1400.0,77.0,12.3752415777757
Table S4,1400.0,78.0,12.6669175408383
Table S4,1400.0,79.0,12.9577181030639
Table S4,1400.0,80.0,13.2476525417462
Table S4,1400.0,81.0,13.536729957102
Table S4,1400.0,82.0,13.8249592771706
Table S4,1400.0,83.0,14.1123492625377
Table S4,1400.0,84.0,14.3989085108883
Table S4,1400.0,85.0,14.6846454613992
Table S4,1400.0,86.0,14.9695683989756
Table S4,1400.0,87.0,15.2536854583401
Table S4,1400.0,88.0,15.5370046279803
Table S4,1400.0,89.0,15.8195337539604
Table S4,1400.0,90.0,16.1012805436026
Table S4,1400.0,91.0,16.3822525690449
Table S4,1400.0,92.0,16.6624572706787
Table S4,1400.0,93.0,16.9419019604725
Table S4,1400.0,94.0,17.220593825186
Table S4,1400.0,95.0,17.4985399294787
Table S4,1400.0,96.0,17.7757472189176
Table S4,1400.0,97.0,18.0522225228884
Table S4,1400.0,98.0,18.3279725574127
Table S4,1400.0,99.0,18.6030039278766
Table S4,1400.0,100.0,18.8773231316733
Table S4,1500.0,0.0,-12.2173652829335
Table S4,1500.0,1.0,-11.8514058740663
Table S4,1500.0,2.0,-11.4868948520093
Table S4,1500.0,3.0,-11.1239498932648
Table S4,1500.0,4.0,-10.7626538597089
Table S4,1500.0,5.0,-10.40306389778
Table S4,1500.0,6.0,-10.0452179084118
Table S4,1500.0,7.0,-9.6891392366958
Table S4,1500.0,8.0,-9.33484012802813
Table S4,1500.0,9.0,-8.98232431204348
Table S4,1500.0,10.0,-8.63158895865669
Table S4,1500.0,11.0,-8.28262617487002
Table S4,1500.0,12.0,-7.93542416094024
Table S4,1500.0,13.0,-7.5899681106893
Table S4,1500.0,14.0,-7.24624091748017
Table S4,1500.0,15.0,-6.90422373110208
Table S4,1500.0,16.0,-6.56389639924541
Table S4,1500.0,17.0,-6.2252378189148
Table S4,1500.0,18.0,-5.88822621705025
Table S4,1500.0,19.0,-5.55283937513941
Table S4,1500.0,20.0,-5.21905480925671
Table S4,1500.0,21.0,-4.88684991444329
Table S4,1500.0,22.0,-4.55620208042532
Table S4,1500.0,23.0,-4.22708878419865
Table S4,1500.0,24.0,-3.89948766387326
Table S4,1500.0,25.0,-3.57337657728803
Table S4,1500.0,26.0,-3.24873364821522
Table S4,1500.0,27.0,-2.92553730242911
Table S4,1500.0,28.0,-2.60376629548186
Table S4,1500.0,29.0,-2.27927156905566
Table S4,1500.0,30.0,-1.95215433271784
Table S4,1500.0,31.0,-1.62663937566978
Table S4,1500.0,32.0,-1.30269730950195
Table S4,1500.0,33.0,-0.980299713458258
Table S4,1500.0,34.0,-0.659419089449256
Table S4,1500.0,35.0,-0.340028819666622
Table S4,1500.0,36.0,-0.0221031266297924
Table S4,1500.0,37.0,0.294382964493738
Table S4,1500.0,38.0,0.60945366144262
Table S4,1500.0,39.0,0.92313243842851
Table S4,1500.0,40.0,1.23544206784443
Table S4,1500.0,41.0,1.54640465023464
Table S4,1500.0,42.0,1.85604164263747
Table S4,1500.0,43.0,2.1643738854053
Table S4,1500.0,44.0,2.47142162759791
Table S4,1500.0,45.0,2.77720455103942
Table S4,1500.0,46.0,3.081741793122
Table S4,1500.0,47.0,3.38505196843442
Table S4,1500.0,48.0,3.68715318928752
Table S4,1500.0,49.0,3.98806308520394
Table S4,1500.0,50.0,4.28779882143489
Table S4,1500.0,51.0,4.58637711656206
Table S4,1500.0,52.0,4.88381425923926
Table S4,1500.0,53.0,5.18012612412437
Table S4,1500.0,54.0,5.47532818704869
Table S4,1500.0,55.0,5.7694355394681
Table S4,1500.0,56.0,6.06246290223684
Table S4,1500.0,57.0,6.35442463874255
Table S4,1500.0,58.0,6.64533476743843
Table S4,1500.0,59.0,6.93520697380602
Table S4,1500.0,60.0,7.22405462178011
Table S4,1500.0,61.0,7.51189076466511
Table S4,1500.0,62.0,7.7987281555705
Table S4,1500.0,63.0,8.08457925739098
Table S4,1500.0,64.0,8.36945625235567
Table S4,1500.0,65.0,8.65337105116902
Table S4,1500.0,66.0,8.93633530176467
Table S4,1500.0,67.0,9.21836039769224
Table S4,1500.0,68.0,9.49945748615599
Table S4,1500.0,69.0,9.77963747572275
Table S4,1500.0,70.0,10.058911043716
Table S4,1500.0,71.0,10.3372886433118
Table S4,1500.0,72.0,10.6147805103505
Table S4,1500.0,73.0,10.8913966698796
Table S4,1500.0,74.0,11.1671469424392
Table S4,1500.0,75.0,11.4420409501035
Table S4,1500.0,76.0,11.7160881222897
Table S4,1500.0,77.0,11.9892977013448
Table S4,1500.0,78.0,12.2616787479216
Table S4,1500.0,79.0,12.5332401461524
Table S4,1500.0,80.0,12.8039906086317
Table S4,1500.0,81.0,13.0739386812138
Table S4,1500.0,82.0,13.3430927476365
Table S4,1500.0,83.0,13.611461033977
Table S4,1500.0,84.0,13.8790516129476
Table S4,1500.0,85.0,14.1458724080393
Table S4,1500.0,86.0,14.411931197518
Table S4,1500.0,87.0,14.6772356182825
Table S4,1500.0,88.0,14.941793169587
Table S4,1500.0,89.0,15.2056112166367
Table S4,1500.0,90.0,15.4686969940602
Table S4,1500.0,91.0,15.7310576092642
Table S4,1500.0,92.0,15.992700045676
Table S4,1500.0,93.0,16.2536311658777
Table S4,1500.0,94.0,16.5138577146368
Table S4,1500.0,95.0,16.7733863218375
Table S4,1500.0,96.0,17.0322235053167
Table S4,1500.0,97.0,17.2903756736087
Table S4,1500.0,98.0,17.5478491286011
Table S4,1500.0,99.0,17.8046500681074
Table S4,1500.0,100.0,18.060784588358
Table S4,1600.0,0.0,-11.0436898956968
Table S4,1600.0,1.0,-10.7007063691474
Table S4,1600.0,2.0,-10.3589113161317
Table S4,1600.0,3.0,-10.0184547810508
Table S4,1600.0,4.0,-9.6794438593035
Table S4,1600.0,5.0,-9.34195431798044
Table S4,1600.0,6.0,-9.00603870074797
Table S4,1600.0,7.0,-8.67173210956431
Table S4,1600.0,8.0,-8.3390564093935
Table S4,1600.0,9.0,-8.00802333704718
Table S4,1600.0,10.0,-7.67863683276065
Table S4,1600.0,11.0,-7.35089481050913
Table S4,1600.0,12.0,-7.02479051659566
Table S4,1600.0,13.0,-6.7003135819597
Table S4,1600.0,14.0,-6.37745084380837
Table S4,1600.0,15.0,-6.05618699158081
Table S4,1600.0,16.0,-5.73650507780935
Table S4,1600.0,17.0,-5.41838692414946
Table S4,1600.0,18.0,-5.10181344541693
Table S4,1600.0,19.0,-4.78676490903357
Table S4,1600.0,20.0,-4.47322114326028
Table S4,1600.0,21.0,-4.16116170458824
Table S4,1600.0,22.0,-3.85056601238863
Table S4,1600.0,23.0,-3.54141345719173
Table S4,1600.0,24.0,-3.23368348763785
Table S4,1600.0,25.0,-2.92735568011487
Table S4,1600.0,26.0,-2.6224097942963
Table S4,1600.0,27.0,-2.31882581716497
Table S4,1600.0,28.0,-2.01658399761218
Table S4,1600.0,29.0,-1.71566487330786
Table S4,1600.0,30.0,-1.41604929122369
Table S4,1600.0,31.0,-1.114186232006
Table S4,1600.0,32.0,-0.810162812196495
Table S4,1600.0,33.0,-0.507594474994327
Table S4,1600.0,34.0,-0.206455253343555
Table S4,1600.0,35.0,0.0932799902361125
Table S4,1600.0,36.0,0.391635600926974
Table S4,1600.0,37.0,0.688635166822358
Table S4,1600.0,38.0,0.984301552194024
Table S4,1600.0,39.0,1.27865692893772
Table S4,1600.0,40.0,1.57172280630965
Table S4,1600.0,41.0,1.86352005905961
Table S4,1600.0,42.0,2.15406895406008
Table S4,1600.0,43.0,2.44338917552407
Table S4,1600.0,44.0,2.73149984889859
Table S4,1600.0,45.0,3.01841956351488
Table S4,1600.0,46.0,3.30416639407123
Table S4,1600.0,47.0,3.58875792101919
Table S4,1600.0,48.0,3.87221124991926
Table S4,1600.0,49.0,4.15454302982764
Table S4,1600.0,50.0,4.43576947077183
Table S4,1600.0,51.0,4.71590636036869
Table S4,1600.0,52.0,4.99496907963524
Table S4,1600.0,53.0,5.27297261803905
Table S4,1600.0,54.0,5.54993158783213
Table S4,1600.0,55.0,5.82586023770917
Table S4,1600.0,56.0,6.10077246582843
Table S4,1600.0,57.0,6.3746818322312
Table S4,1600.0,58.0,6.64760157069313
Table S4,1600.0,59.0,6.91954460003901
Table S4,1600.0,60.0,7.19052353495031
Table S4,1600.0,61.0,7.46055069629274
Table S4,1600.0,62.0,7.72963812099022
Table S4,1600.0,63.0,7.99779757146876
Table S4,1600.0,64.0,8.26504054469346
Table S4,1600.0,65.0,8.53137828081973
Table S4,1600.0,66.0,8.79682177147873
Table S4,1600.0,67.0,9.061381767716
Table S4,1600.0,68.0,9.32506878760069
Table S4,1600.0,69.0,9.58789312352234
Table S4,1600.0,70.0,9.84986484919067
Table S4,1600.0,71.0,10.110993826353
Table S4,1600.0,72.0,10.3712897112437
Table S4,1600.0,73.0,10.6307619607781
Table S4,1600.0,74.0,10.8894198385032
Table S4,1600.0,75.0,11.1472724203182
Table S4,1600.0,76.0,11.4043285999736
Table S4,1600.0,77.0,11.6605970943607
Table S4,1600.0,78.0,11.9160864486018
Table S4,1600.0,79.0,12.1708050409484
Table S4,1600.0,80.0,12.4247610874978
Table S4,1600.0,81.0,12.6779626467366
Table S4,1600.0,82.0,12.930417623917
Table S4,1600.0,83.0,13.1821337752758
Table S4,1600.0,84.0,13.4331187121008
Table S4,1600.0,85.0,13.6833799046538
Table S4,1600.0,86.0,13.9329246859534
Table S4,1600.0,87.0,14.1817602554271
Table S4,1600.0,88.0,14.4298936824353
Table S4,1600.0,89.0,14.6773319096745
Table S4,1600.0,90.0,14.9240817564643
Table S4,1600.0,91.0,15.1701499219225
Table S4,1600.0,92.0,15.4155429880346
Table S4,1600.0,93.0,15.6602674226194
Table S4,1600.0,94.0,15.9043295821982
Table S4,1600.0,95.0,16.147735714768
Table S4,1600.0,96.0,16.3904919624864
Table S4,1600.0,97.0,16.6326043642678
Table S4,1600.0,98.0,16.8740788582978
Table S4,1600.0,99.0,17.1149212844669
Table S4,1600.0,100.0,17.3551373867276
Table S4,1700.0,0.0,-10.008093963299
Table S4,1700.0,1.0,-9.68557517068485
Table S4,1700.0,2.0,-9.36397234082485
Table S4,1700.0,3.0,-9.0434756759891
Table S4,1700.0,4.0,-8.72422158553402
Table S4,1700.0,5.0,-8.40630785460058
Table S4,1700.0,6.0,-8.08980398367706
Table S4,1700.0,7.0,-7.7747584271776
Table S4,1700.0,8.0,-7.46120377646953
Table S4,1700.0,9.0,-7.14916054270795
Table S4,1700.0,10.0,-6.83863996323129
Table S4,1700.0,11.0,-6.52964611302032
Table S4,1700.0,12.0,-6.22217751270246
Table S4,1700.0,13.0,-5.9162283660899
Table S4,1700.0,14.0,-5.61178952133202
Table S4,1700.0,15.0,-5.30884922333588
Table S4,1700.0,16.0,-5.0073937068223
Table S4,1700.0,17.0,-4.70740766651732
Table S4,1700.0,18.0,-4.40887463178709
Table S4,1700.0,19.0,-4.11177726636735
Table S4,1700.0,20.0,-3.81609760895798
Table S4,1700.0,21.0,-3.52181726683304
Table S4,1700.0,22.0,-3.22891757190476
Table S4,1700.0,23.0,-2.93737970662751
Table S4,1700.0,24.0,-2.647184805562
Table S4,1700.0,25.0,-2.35831403721488
Table S4,1700.0,26.0,-2.07074866983462
Table S4,1700.0,27.0,-1.78447012411536
Table S4,1700.0,28.0,-1.49946001518735
Table S4,1700.0,29.0,-1.21570018581955
Table S4,1700.0,30.0,-0.933172732399823
Table S4,1700.0,31.0,-0.651860024970181
Table S4,1700.0,32.0,-0.371744722363555
Table S4,1700.0,33.0,-0.0928097833017869
Table S4,1700.0,34.0,0.187880815378308
Table S4,1700.0,35.0,0.470255257702183
Table S4,1700.0,36.0,0.751325493596732
Table S4,1700.0,37.0,1.03111386275759
Table S4,1700.0,38.0,1.30964202113856
Table S4,1700.0,39.0,1.58693097033935
Table S4,1700.0,40.0,1.86300108543779
Table S4,1700.0,41.0,2.13787214135702
Table S4,1700.0,42.0,2.41156333785323
Table S4,1700.0,43.0,2.68409332320517
Table S4,1700.0,44.0,2.9554802166817
Table S4,1700.0,45.0,3.22574162985943
Table S4,1700.0,46.0,3.49489468685804
Table S4,1700.0,47.0,3.76295604355675
Table S4,1700.0,48.0,4.0299419058517
Table S4,1700.0,49.0,4.29586804700993
Table S4,1700.0,50.0,4.56074982417245
Table S4,1700.0,51.0,4.82460219405551
Table S4,1700.0,52.0,5.08743972789597
Table S4,1700.0,53.0,5.3492766256839
Table S4,1700.0,54.0,5.61012672972275
Table S4,1700.0,55.0,5.87000353755487
Table S4,1700.0,56.0,6.12892021428793
Table S4,1700.0,57.0,6.38688960435521
Table S4,1700.0,58.0,6.64392424274107
Table S4,1700.0,59.0,6.90003636570075
Table S4,1700.0,60.0,7.15523792100181
Table S4,1700.0,61.0,7.40954057771291
Table S4,1700.0,62.0,7.66295573556413
Table S4,1700.0,63.0,7.91549453390124
Table S4,1700.0,64.0,8.16716786025552
Table S4,1700.0,65.0,8.41798635854871
Table S4,1700.0,66.0,8.66796043695226
Table S4,1700.0,67.0,8.91710027541829
Table S4,1700.0,68.0,9.16541583289892
Table S4,1700.0,69.0,9.41291685426973
Table S4,1700.0,70.0,9.659612876972
Table S4,1700.0,71.0,9.90551323738761
Table S4,1700.0,72.0,10.1506270769597
Table S4,1700.0,73.0,10.3949633480716
Table S4,1700.0,74.0,10.6385308196951
Table S4,1700.0,75.0,10.8813380828202
Table S4,1700.0,76.0,11.1233935556749
Table S4,1700.0,77.0,11.3647054887473
Table S4,1700.0,78.0,11.6052819696165
Table S4,1700.0,79.0,11.8451309276035
Table S4,1700.0,80.0,12.084260138249
Table S4,1700.0,81.0,12.3226772276261
Table S4,1700.0,82.0,12.5603896764955
Table S4,1700.0,83.0,12.797404824311
Table S4,1700.0,84.0,13.0337298730802
Table S4,1700.0,85.0,13.2693718910883
Table S4,1700.0,86.0,13.5043378164907
Table S4,1700.0,87.0,13.7386344607788
Table S4,1700.0,88.0,13.9722685121267
Table S4,1700.0,89.0,14.2052465386219
Table S4,1700.0,90.0,14.4375749913854
Table S4,1700.0,91.0,14.6692602075869
Table S4,1700.0,92.0,14.9003084133577
Table S4,1700.0,93.0,15.1307257266071
Table S4,1700.0,94.0,15.3605181597452
Table S4,1700.0,95.0,15.5896916223165
Table S4,1700.0,96.0,15.8182519235476
Table S4,1700.0,97.0,16.0462047748125
Table S4,1700.0,98.0,16.2735557920188
Table S4,1700.0,99.0,16.5003104979182
Table S4,1700.0,100.0,16.7264743243433
Table S4,1800.0,0.0,-9.08756424340523
Table S4,1800.0,1.0,-8.78346410326035
Table S4,1800.0,2.0,-8.47998366208051
Table S4,1800.0,3.0,-8.17736425914221
Table S4,1800.0,4.0,-7.87577860156315
Table S4,1800.0,5.0,-7.5753510842043
Table S4,1800.0,6.0,-7.2761712611672
Table S4,1800.0,7.0,-6.97830306817526
Table S4,1800.0,8.0,-6.68179130623306
Table S4,1800.0,9.0,-6.38666630254539
Table S4,1800.0,10.0,-6.09294732484471
Table S4,1800.0,11.0,-5.80064512305791
Table S4,1800.0,12.0,-5.50976384766061
Table S4,1800.0,13.0,-5.22030251495365
Table S4,1800.0,14.0,-4.93225613790758
Table S4,1800.0,15.0,-4.6456166067831
Table S4,1800.0,16.0,-4.36037338026756
Table S4,1800.0,17.0,-4.07651403157565
Table S4,1800.0,18.0,-3.79402468246463
Table S4,1800.0,19.0,-3.51289034987775
Table S4,1800.0,20.0,-3.23309522394895
Table S4,1800.0,21.0,-2.95462289170596
Table S4,1800.0,22.0,-2.67745651754148
Table S4,1800.0,23.0,-2.40157898906813
Table S4,1800.0,24.0,-2.1269730351128
Table S4,1800.0,25.0,-1.85362132118322
Table S4,1800.0,26.0,-1.58150652664327
Table S4,1800.0,27.0,-1.31061140698179
Table S4,1800.0,28.0,-1.0409188438935
Table S4,1800.0,29.0,-0.772411885366734
Table S4,1800.0,30.0,-0.505073777557282
Table S4,1800.0,31.0,-0.238887989897504
Table S4,1800.0,32.0,0.0261617653750594
Table S4,1800.0,33.0,0.290091518297838
Table S4,1800.0,34.0,0.552917030072491
Table S4,1800.0,35.0,0.814653785103159
Table S4,1800.0,36.0,1.07778922969173
Table S4,1800.0,37.0,1.34226139844622
Table S4,1800.0,38.0,1.60553867221892
Table S4,1800.0,39.0,1.86764098907599
Table S4,1800.0,40.0,2.12858769440972
Table S4,1800.0,41.0,2.38839756556892
Table S4,1800.0,42.0,2.64708883523976
Table S4,1800.0,43.0,2.90467921364546
Table S4,1800.0,44.0,3.16118590962953
Table S4,1800.0,45.0,3.41662565068454
Table S4,1800.0,46.0,3.67101470198547
Table S4,1800.0,47.0,3.92436888448294
Table S4,1800.0,48.0,4.17670359210931
Table S4,1800.0,49.0,4.42803380814728
Table S4,1800.0,50.0,4.67837412080773
Table S4,1800.0,51.0,4.92773873806118
Table S4,1800.0,52.0,5.17614150176431
Table S4,1800.0,53.0,5.42359590112055
Table S4,1800.0,54.0,5.67011508551179
Table S4,1800.0,55.0,5.91571187673543
Table S4,1800.0,56.0,6.1603987806796
Table S4,1800.0,57.0,6.40418799846675
Table S4,1800.0,58.0,6.64709143709462
Table S4,1800.0,59.0,6.88912071960135
Table S4,1800.0,60.0,7.13028719478013
Table S4,1800.0,61.0,7.37060194646732
Table S4,1800.0,62.0,7.61007580242633
Table S4,1800.0,63.0,7.8487193428484
Table S4,1800.0,64.0,8.08654290849012
Table S4,1800.0,65.0,8.32355660846631
Table S4,1800.0,66.0,8.55977032771594
Table S4,1800.0,67.0,8.79519373415741
Table S4,1800.0,68.0,9.02983628554909
Table S4,1800.0,69.0,9.26370723606946
Table S4,1800.0,70.0,9.49681564263103
Table S4,1800.0,71.0,9.72917037094082
Table S4,1800.0,72.0,9.9607801013199
Table S4,1800.0,73.0,10.1916533342934
Table S4,1800.0,74.0,10.4217983959626
Table S4,1800.0,75.0,10.651223443168
Table S4,1800.0,76.0,10.8799364684553
Table S4,1800.0,77.0,11.1079453048516
Table S4,1800.0,78.0,11.3352576304614
Table S4,1800.0,79.0,11.5618809728914
Table S4,1800.0,80.0,11.7878227135101
Table S4,1800.0,81.0,12.0130900915515
Table S4,1800.0,82.0,12.2376902080691
Table S4,1800.0,83.0,12.461630029746
Table S4,1800.0,84.0,12.6849163925699
Table S4,1800.0,85.0,12.9075560053761
Table S4,1800.0,86.0,13.1295554532657
Table S4,1800.0,87.0,13.3509212009048
Table S4,1800.0,88.0,13.5716595957088
Table S4,1800.0,89.0,13.7917768709166
Table S4,1800.0,90.0,14.011279148561
Table S4,1800.0,91.0,14.230172442337
Table S4,1800.0,92.0,14.448462660375
Table S4,1800.0,93.0,14.6661556079203
Table S4,1800.0,94.0,14.8832569899253
Table S4,1800.0,95.0,15.0997724135551
Table S4,1800.0,96.0,15.3157073906125
Table S4,1800.0,97.0,15.5310673398842
Table S4,1800.0,98.0,15.745857589412
Table S4,1800.0,99.0,15.9600833786908
Table S4,1800.0,100.0,16.1737498607985
Table S4,1900.0,0.0,-8.26393238678886
Table S4,1900.0,1.0,-7.97658742839049
Table S4,1900.0,2.0,-7.68952770467111
Table S4,1900.0,3.0,-7.40306153435379
Table S4,1900.0,4.0,-7.11740767381139
Table S4,1900.0,5.0,-6.8327233867163
Table S4,1900.0,6.0,-6.54912243129839
Table S4,1900.0,7.0,-6.26668704735515
Table S4,1900.0,8.0,-5.98547620272628
Table S4,1900.0,9.0,-5.70553141702726
Table S4,1900.0,10.0,-5.42688096534083
Table S4,1900.0,11.0,-5.14954296908545
Table S4,1900.0,12.0,-4.87352770473219
Table S4,1900.0,13.0,-4.59883935180376
Table S4,1900.0,14.0,-4.32547733192444
Table S4,1900.0,15.0,-4.05343734507799
Table S4,1900.0,16.0,-3.78271217866751
Table S4,1900.0,17.0,-3.51329234407046
Table S4,1900.0,18.0,-3.24516658082515
Table S4,1900.0,19.0,-2.97832225828078
Table S4,1900.0,20.0,-2.71274569714066
Table S4,1900.0,21.0,-2.44842242793979
Table S4,1900.0,22.0,-2.18533739952727
Table S4,1900.0,23.0,-1.92347514766609
Table S4,1900.0,24.0,-1.66281993163664
Table S4,1900.0,25.0,-1.40335584503898
Table S4,1900.0,26.0,-1.14506690569359
Table S4,1900.0,27.0,-0.887937128539373
Table S4,1900.0,28.0,-0.631950584649291
Table S4,1900.0,29.0,-0.377091448874234
Table S4,1900.0,30.0,-0.123344038144852
Table S4,1900.0,31.0,0.12930715792018
Table S4,1900.0,32.0,0.380877452754953
Table S4,1900.0,33.0,0.631381943835565
Table S4,1900.0,34.0,0.880835498013414
Table S4,1900.0,35.0,1.1292527404471
Table S4,1900.0,36.0,1.37664804651664
Table S4,1900.0,37.0,1.62303553620893
Table S4,1900.0,38.0,1.86842907054989
Table S4,1900.0,39.0,2.11485096554865
Table S4,1900.0,40.0,2.36224999213427
Table S4,1900.0,41.0,2.60856827054058
Table S4,1900.0,42.0,2.85382314793545
Table S4,1900.0,43.0,3.09803147643756
Table S4,1900.0,44.0,3.34120963282754
Table S4,1900.0,45.0,3.58337353730484
Table S4,1900.0,46.0,3.82453867133941
Table S4,1900.0,47.0,4.06472009466522
Table S4,1900.0,48.0,4.30393246146082
Table S4,1900.0,49.0,4.54219003575991
Table S4,1900.0,50.0,4.77950670613279
Table S4,1900.0,51.0,5.01589599967768
Table S4,1900.0,52.0,5.25137109535863
Table S4,1900.0,53.0,5.485944836725
Table S4,1900.0,54.0,5.71962974404536
Table S4,1900.0,55.0,5.9524380258871
Table S4,1900.0,56.0,6.18438159017107
Table S4,1900.0,57.0,6.41547205472902
Table S4,1900.0,58.0,6.64572075739007
Table S4,1900.0,59.0,6.8751387656208
Table S4,1900.0,60.0,7.10373688574243
Table S4,1900.0,61.0,7.33152567174671
Table S4,1900.0,62.0,7.55851543373155
Table S4,1900.0,63.0,7.78471624597567
Table S4,1900.0,64.0,8.01013795467075
Table S4,1900.0,65.0,8.23479018532832
Table S4,1900.0,66.0,8.45868234987789
Table S4,1900.0,67.0,8.68182365347156
Table S4,1900.0,68.0,8.90422310100982
Table S4,1900.0,69.0,9.12588950340216
Table S4,1900.0,70.0,9.34683148357547
Table S4,1900.0,71.0,9.5670574822425
Table S4,1900.0,72.0,9.78657576344189
Table S4,1900.0,73.0,10.0053944198607
Table S4,1900.0,74.0,10.2235213779498
Table S4,1900.0,75.0,10.440964402842
Table S4,1900.0,76.0,10.6577311030813
Table S4,1900.0,77.0,10.8738289351739
Table S4,1900.0,78.0,11.0892652079664
Table S4,1900.0,79.0,11.3040470868624
Table S4,1900.0,80.0,11.5181815978815
Table S4,1900.0,81.0,11.7316756315704
Table S4,1900.0,82.0,11.9445359467712
Table S4,1900.0,83.0,12.1567691742536
Table S4,1900.0,84.0,12.3683818202175
Table S4,1900.0,85.0,12.5793802696709
Table S4,1900.0,86.0,12.7897707896887
Table S4,1900.0,87.0,12.9995595325582
Table S4,1900.0,88.0,13.2087525388147
Table S4,1900.0,89.0,13.4173557401737
Table S4,1900.0,90.0,13.6253749623621
Table S4,1900.0,91.0,13.8328159278543
Table S4,1900.0,92.0,14.039684258516
Table S4,1900.0,93.0,14.2459854781604
Table S4,1900.0,94.0,14.4517250150187
Table S4,1900.0,95.0,14.6569082041311
Table S4,1900.0,96.0,14.8615402896589
Table S4,1900.0,97.0,15.0656264271219
Table S4,1900.0,98.0,15.2691716855646
Table S4,1900.0,99.0,15.4721810496529
Table S4,1900.0,100.0,15.6746594217046
Table S4,2000.0,0.0,-7.52266371405716
Table S4,2000.0,1.0,-7.25073899939674
Table S4,2000.0,2.0,-6.97870642184648
Table S4,2000.0,3.0,-6.70696499232595
Table S4,2000.0,4.0,-6.43579349525891
Table S4,2000.0,5.0,-6.16539075179473
Table S4,2000.0,6.0,-5.89590034982285
Table S4,2000.0,7.0,-5.62742659338485
Table S4,2000.0,8.0,-5.360045194001
Table S4,2000.0,9.0,-5.0938106641621
Table S4,2000.0,10.0,-4.82876156281714
Table S4,2000.0,11.0,-4.56492429725714
Table S4,2000.0,12.0,-4.30231592887783
Table S4,2000.0,13.0,-4.04094627596957
Table S4,2000.0,14.0,-3.78081951070562
Table S4,2000.0,15.0,-3.52193538600604
Table S4,2000.0,16.0,-3.26429018752155
Table S4,2000.0,17.0,-3.00787747878359
Table S4,2000.0,18.0,-2.75268868890147
Table S4,2000.0,19.0,-2.49871357914559
Table S4,2000.0,20.0,-2.24594061549578
Table S4,2000.0,21.0,-1.99435726756418
Table S4,2000.0,22.0,-1.74395024943364
Table S4,2000.0,23.0,-1.4947057143572
Table S4,2000.0,24.0,-1.2466094125795
Table S4,2000.0,25.0,-0.999646819516229
Table S4,2000.0,26.0,-0.753803239986512
Table S4,2000.0,27.0,-0.509063893010171
Table S4,2000.0,28.0,-0.265413980766425
Table S4,2000.0,29.0,-0.0228387445973181
Table S4,2000.0,30.0,0.218676489620673
Table S4,2000.0,31.0,0.459146274855213
Table S4,2000.0,32.0,0.698585013516431
Table S4,2000.0,33.0,0.937006934024846
Table S4,2000.0,34.0,1.17442607232388
Table S4,2000.0,35.0,1.41085625749351
Table S4,2000.0,36.0,1.6463111007686
Table S4,2000.0,37.0,1.88080398738562
Table S4,2000.0,38.0,2.1143480707787
Table S4,2000.0,39.0,2.34695626872666
Table S4,2000.0,40.0,2.57864126111856
Table S4,2000.0,41.0,2.80941548905972
Table S4,2000.0,42.0,3.04089844495735
Table S4,2000.0,43.0,3.27304776393552
Table S4,2000.0,44.0,3.50421544359647
Table S4,2000.0,45.0,3.73441665986188
Table S4,2000.0,46.0,3.96366617237472
Table S4,2000.0,47.0,4.19197834039524
Table S4,2000.0,48.0,4.41936713796209
Table S4,2000.0,49.0,4.64584616835429
Table S4,2000.0,50.0,4.87142867788831
Table S4,2000.0,51.0,5.09612756908345
Table S4,2000.0,52.0,5.31995541322709
Table S4,2000.0,53.0,5.54292446237018
Table S4,2000.0,54.0,5.76504666078185
Table S4,2000.0,55.0,5.98633365589049
Table S4,2000.0,56.0,6.20679680873767
Table S4,2000.0,57.0,6.42644720396945
Table S4,2000.0,58.0,6.64529565938874
Table S4,2000.0,59.0,6.86335273509097
Table S4,2000.0,60.0,7.08062874220406
Table S4,2000.0,61.0,7.29713375125282
Table S4,2000.0,62.0,7.51287760016649
Table S4,2000.0,63.0,7.72786990194742
Table S4,2000.0,64.0,7.94212005201767
Table S4,2000.0,65.0,8.15563723525959
Table S4,2000.0,66.0,8.36843043276537
Table S4,2000.0,67.0,8.58050842830989
Table S4,2000.0,68.0,8.79187981456038
Table S4,2000.0,69.0,9.00255299903561
Table S4,2000.0,70.0,9.21253620982663
Table S4,2000.0,71.0,9.42183750109052
Table S4,2000.0,72.0,9.63046475832797
Table S4,2000.0,73.0,9.83842570345483
Table S4,2000.0,74.0,10.0457278996772
Table S4,2000.0,75.0,10.2523787561798
Table S4,2000.0,76.0,10.4583855326348
Table S4,2000.0,77.0,10.6637553435414
Table S4,2000.0,78.0,10.8684951624024
Table S4,2000.0,79.0,11.072611825745
Table S4,2000.0,80.0,11.2761120369946
Table S4,2000.0,81.0,11.4790023702055
Table S4,2000.0,82.0,11.6812892736575
Table S4,2000.0,83.0,11.8829790733226
Table S4,2000.0,84.0,12.0840779762074
Table S4,2000.0,85.0,12.2845920735784
Table S4,2000.0,86.0,12.4845273440727
Table S4,2000.0,87.0,12.6838896567009
Table S4,2000.0,88.0,12.8826847737466
Table S4,2000.0,89.0,13.0809183535651
Table S4,2000.0,90.0,13.278595953288
Table S4,2000.0,91.0,13.475723031436
Table S4,2000.0,92.0,13.6723049504441
Table S4,2000.0,93.0,13.8683469791025
Table S4,2000.0,94.0,14.0638542949175
Table S4,2000.0,95.0,14.2588319863946
Table S4,2000.0,96.0,14.4532850552475
Table S4,2000.0,97.0,14.6472184185356
Table S4,2000.0,98.0,14.8406369107331
Table S4,2000.0,99.0,15.0335452857327
Table S4,2000.0,100.0,15.2259482187854
Table S4,2100.0,0.0,-6.85199205616844
Table S4,2100.0,1.0,-6.59445271579674
Table S4,2100.0,2.0,-6.33632250531372
Table S4,2100.0,3.0,-6.07812839911064
Table S4,2100.0,4.0,-5.82022995353619
Table S4,2100.0,5.0,-5.56287991041144
Table S4,2100.0,6.0,-5.30625944460108
Table S4,2100.0,7.0,-5.05049998862222
Table S4,2100.0,8.0,-4.79569740820486
Table S4,2100.0,9.0,-4.54192156269535
Table S4,2100.0,10.0,-4.28922295137849
Table S4,2100.0,11.0,-4.03763745056947
Table S4,2100.0,12.0,-3.78718976096566
Table S4,2100.0,13.0,-3.53789596101186
Table S4,2100.0,14.0,-3.28976542682937
Table S4,2100.0,15.0,-3.04280229472899
Table S4,2100.0,16.0,-2.79700658791038
Table S4,2100.0,17.0,-2.55237509301646
Table S4,2100.0,18.0,-2.30890204794637
Table S4,2100.0,19.0,-2.06657968562011
Table S4,2100.0,20.0,-1.82539866667378
Table S4,2100.0,21.0,-1.58534842572393
Table S4,2100.0,22.0,-1.34641744981422
Table S4,2100.0,23.0,-1.1085935032501
Table S4,2100.0,24.0,-0.871863809762937
Table S4,2100.0,25.0,-0.63621520050358
Table S4,2100.0,26.0,-0.401634234519002
Table S4,2100.0,27.0,-0.168107296958476
Table S4,2100.0,28.0,0.0643793208270597
Table S4,2100.0,29.0,0.295839355967765
Table S4,2100.0,30.0,0.526286520870188
Table S4,2100.0,31.0,0.75573445997032
Table S4,2100.0,32.0,0.984196714696774
Table S4,2100.0,33.0,1.21168669522037
Table S4,2100.0,34.0,1.43821765782551
Table S4,2100.0,35.0,1.66380268694684
Table S4,2100.0,36.0,1.8884546810833
Table S4,2100.0,37.0,2.11218634193773
Table S4,2100.0,38.0,2.33501016624179
Table S4,2100.0,39.0,2.55693843981696
Table S4,2100.0,40.0,2.77798323349684
Table S4,2100.0,41.0,2.99815640059797
Table S4,2100.0,42.0,3.21746957567695
Table S4,2100.0,43.0,3.43593417435415
Table S4,2100.0,44.0,3.65486629757977
Table S4,2100.0,45.0,3.87422955207267
Table S4,2100.0,46.0,4.09268404425793
Table S4,2100.0,47.0,4.31024348292062
Table S4,2100.0,48.0,4.52692121115359
Table S4,2100.0,49.0,4.7427302198632
Table S4,2100.0,50.0,4.9576831606784
Table S4,2100.0,51.0,5.17179235828985
Table S4,2100.0,52.0,5.38506982224516
Table S4,2100.0,53.0,5.59752725822532
Table S4,2100.0,54.0,5.80917607882673
Table S4,2100.0,55.0,6.02002741387246
Table S4,2100.0,56.0,6.23009212027499
Table S4,2100.0,57.0,6.43938079147236
Table S4,2100.0,58.0,6.64790376645806
Table S4,2100.0,59.0,6.85567113842458
Table S4,2100.0,60.0,7.06269276303917
Table S4,2100.0,61.0,7.26897826636986
Table S4,2100.0,62.0,7.47453705247856
Table S4,2100.0,63.0,7.67937831069745
Table S4,2100.0,64.0,7.88351102260387
Table S4,2100.0,65.0,8.0869439687084
Table S4,2100.0,66.0,8.28968573486973
Table S4,2100.0,67.0,8.49174471844958
Table S4,2100.0,68.0,8.69312913421979
Table S4,2100.0,69.0,8.89384702003368
Table S4,2100.0,70.0,9.09390624227248
Table S4,2100.0,71.0,9.29331450107765
Table S4,2100.0,72.0,9.49207933537882
Table S4,2100.0,73.0,9.69020812772722
Table S4,2100.0,74.0,9.8877081089431
Table S4,2100.0,75.0,10.0845863625861
Table S4,2100.0,76.0,10.2808498292566
Table S4,2100.0,77.0,10.4765053107351
Table S4,2100.0,78.0,10.6715594739679
Table S4,2100.0,79.0,10.8660188549054
Table S4,2100.0,80.0,11.0598898621994
Table S4,2100.0,81.0,11.2531787807661
Table S4,2100.0,82.0,11.4458917752203
Table S4,2100.0,83.0,11.6380348931867
Table S4,2100.0,84.0,11.8296140684935
Table S4,2100.0,85.0,12.0206351242531
Table S4,2100.0,86.0,12.2111037758354
Table S4,2100.0,87.0,12.4010256337373
Table S4,2100.0,88.0,12.590406206354
Table S4,2100.0,89.0,12.7792509026545
Table S4,2100.0,90.0,12.9675650347674
Table S4,2100.0,91.0,13.1553538204786
Table S4,2100.0,92.0,13.3426223856463
Table S4,2100.0,93.0,13.529375766535
Table S4,2100.0,94.0,13.7156189120734
Table S4,2100.0,95.0,13.9013566860383
Table S4,2100.0,96.0,14.0865938691669
Table S4,2100.0,97.0,14.271335161202
Table S4,2100.0,98.0,14.4555851828717
Table S4,2100.0,99.0,14.6393484778051
Table S4,2100.0,100.0,14.8226295143892
Table S4,2200.0,0.0,-6.24229054753543
Table S4,2200.0,1.0,-5.99840287846192
Table S4,2200.0,2.0,-5.75329936523768
Table S4,2200.0,3.0,-5.50769741130083
Table S4,2200.0,4.0,-5.26206954694379
Table S4,2200.0,5.0,-5.01674061226343
Table S4,2200.0,6.0,-4.77194032617729
Table S4,2200.0,7.0,-4.52783418908206
Table S4,2200.0,8.0,-4.28454278755978
Table S4,2200.0,9.0,-4.04215442539101
Table S4,2200.0,10.0,-3.80073369462691
Table S4,2200.0,11.0,-3.56032746529028
Table S4,2200.0,12.0,-3.32096917379977
Table S4,2200.0,13.0,-3.0826819562525
Table S4,2200.0,14.0,-2.84548097743484
Table S4,2200.0,15.0,-2.60937518770553
Table S4,2200.0,16.0,-2.3743686652666
Table S4,2200.0,17.0,-2.14046165306587
Table S4,2200.0,18.0,-1.90765136756349
Table S4,2200.0,19.0,-1.67593263489659
Table S4,2200.0,20.0,-1.44529839498111
Table S4,2200.0,21.0,-1.2157401035456
Table S4,2200.0,22.0,-0.987248054561802
Table S4,2200.0,23.0,-0.759811640083395
Table S4,2200.0,24.0,-0.533419560503872
Table S4,2200.0,25.0,-0.308059995276365
Table S4,2200.0,26.0,-0.0837207419118977
Table S4,2200.0,27.0,0.139610670613299
Table S4,2200.0,28.0,0.361946889199056
Table S4,2200.0,29.0,0.583300660861371
Table S4,2200.0,30.0,0.803684770792308
Table S4,2200.0,31.0,1.0231119917633
Table S4,2200.0,32.0,1.24159504287
Table S4,2200.0,33.0,1.45914655599238
Table S4,2200.0,34.0,1.6757790486436
Table S4,2200.0,35.0,1.89150490212052
Table S4,2200.0,36.0,2.10633634406217
Table S4,2200.0,37.0,2.3202854346784
Table S4,2200.0,38.0,2.53336405603821
Table S4,2200.0,39.0,2.74558390391026
Table S4,2200.0,40.0,2.95695648173355
Table S4,2200.0,41.0,3.16749309636538
Table S4,2200.0,42.0,3.37720485531169
Table S4,2200.0,43.0,3.58610266519236
Table S4,2200.0,44.0,3.79419723123351
Table S4,2200.0,45.0,4.00149905761201
Table S4,2200.0,46.0,4.20801844850473
Table S4,2200.0,47.0,4.41475646397132
Table S4,2200.0,48.0,4.62168316841637
Table S4,2200.0,49.0,4.82777879564832
Table S4,2200.0,50.0,5.03305544193721
Table S4,2200.0,51.0,5.23752489290277
Table S4,2200.0,52.0,5.44119863452923
Table S4,2200.0,53.0,5.64408786371595
Table S4,2200.0,54.0,5.84620349838294
Table S4,2200.0,55.0,6.04755618715058
Table S4,2200.0,56.0,6.24815631861189
Table S4,2200.0,57.0,6.44801403021556
Table S4,2200.0,58.0,6.64713921677718
Table S4,2200.0,59.0,6.84554153863543
Table S4,2200.0,60.0,7.04323042946965
Table S4,2200.0,61.0,7.24021510379412
Table S4,2200.0,62.0,7.43650456414416
Table S4,2200.0,63.0,7.63210760796816
Table S4,2200.0,64.0,7.82703283423928
Table S4,2200.0,65.0,8.02128864979971
Table S4,2200.0,66.0,8.21488327544995
Table S4,2200.0,67.0,8.40782475179492
Table S4,2200.0,68.0,8.60012094485804
Table S4,2200.0,69.0,8.79177955147405
Table S4,2200.0,70.0,8.98280810447079
Table S4,2200.0,71.0,9.1732139776494
Table S4,2200.0,72.0,9.36300439057238
Table S4,2200.0,73.0,9.55218641316807
Table S4,2200.0,74.0,9.74076697015986
Table S4,2200.0,75.0,9.9287528453282
Table S4,2200.0,76.0,10.1161506856125
Table S4,2200.0,77.0,10.3029670050608
Table S4,2200.0,78.0,10.4892081886328
Table S4,2200.0,79.0,10.6748804958637
Table S4,2200.0,80.0,10.859990064395
Table S4,2200.0,81.0,11.0445429133771
Table S4,2200.0,82.0,11.22854494675
Table S4,2200.0,83.0,11.4120019564072
Table S4,2200.0,84.0,11.5949196252482
Table S4,2200.0,85.0,11.7773035301228
Table S4,2200.0,86.0,11.9591591446743
Table S4,2200.0,87.0,12.1404918420833
Table S4,2200.0,88.0,12.3213068977177
Table S4,2200.0,89.0,12.5016094916929
Table S4,2200.0,90.0,12.6814047113448
Table S4,2200.0,91.0,12.8606975536199
Table S4,2200.0,92.0,13.0394929273865
Table S4,2200.0,93.0,13.2177956556684
Table S4,2200.0,94.0,13.3956104778061
Table S4,2200.0,95.0,13.5729420515471
Table S4,2200.0,96.0,13.7497949550689
Table S4,2200.0,97.0,13.9261736889368
Table S4,2200.0,98.0,14.1020826779992
Table S4,2200.0,99.0,14.2775262732229
Table S4,2200.0,100.0,14.4525087534713
Table S4,2300.0,0.0,-5.68560656005792
Table S4,2300.0,1.0,-5.45498645678918
Table S4,2300.0,2.0,-5.22228685768902
Table S4,2300.0,3.0,-4.988530602666
Table S4,2300.0,4.0,-4.754356376995
Table S4,2300.0,5.0,-4.52018903533392
Table S4,2300.0,6.0,-4.28632281686159
Table S4,2300.0,7.0,-4.05296702446543
Table S4,2300.0,8.0,-3.82027318576647
Table S4,2300.0,9.0,-3.58835217371268
Table S4,2300.0,10.0,-3.35728549016968
Table S4,2300.0,11.0,-3.12713296890079
Table S4,2300.0,12.0,-2.89793818619714
Table S4,2300.0,13.0,-2.66973235188538
Table S4,2300.0,14.0,-2.44253716334715
Table S4,2300.0,15.0,-2.21636693435849
Table S4,2300.0,16.0,-1.99123020605499
Table S4,2300.0,17.0,-1.76713098129102
Table S4,2300.0,18.0,-1.54406968074505
Table S4,2300.0,19.0,-1.32204389054402
Table S4,2300.0,20.0,-1.10104895173572
Table S4,2300.0,21.0,-0.88107842845393
Table S4,2300.0,22.0,-0.662124482110848
Table S4,2300.0,23.0,-0.444178172139425
Table S4,2300.0,24.0,-0.227229698862236
Table S4,2300.0,25.0,-0.0112686004264395
Table S4,2300.0,26.0,0.203716086960725
Table S4,2300.0,27.0,0.417735698294503
Table S4,2300.0,28.0,0.630801832874728
Table S4,2300.0,29.0,0.842926266770049
Table S4,2300.0,30.0,1.0541208810787
Table S4,2300.0,31.0,1.26439760312937
Table S4,2300.0,32.0,1.47376835832111
Table S4,2300.0,33.0,1.68224503073947
Table S4,2300.0,34.0,1.88983943103315
Table S4,2300.0,35.0,2.09656327031293
Table S4,2300.0,36.0,2.30242813905702
Table S4,2300.0,37.0,2.50744549018604
Table S4,2300.0,38.0,2.71162662561636
Table S4,2300.0,39.0,2.91498268571841
Table S4,2300.0,40.0,3.11752464120331
Table S4,2300.0,41.0,3.3192632870403
Table S4,2300.0,42.0,3.52020923807249
Table S4,2300.0,43.0,3.7203729260525
Table S4,2300.0,44.0,3.91976459786417
Table S4,2300.0,45.0,4.11839431473341
Table S4,2300.0,46.0,4.31627195226246
Table S4,2300.0,47.0,4.51340720114759
Table S4,2300.0,48.0,4.70980956846187
Table S4,2300.0,49.0,4.90623776684628
Table S4,2300.0,50.0,5.10266634337756
Table S4,2300.0,51.0,5.29832140718943
Table S4,2300.0,52.0,5.49321395228353
Table S4,2300.0,53.0,5.6873546979685
Table S4,2300.0,54.0,5.88075409827447
Table S4,2300.0,55.0,6.07342235098992
Table S4,2300.0,56.0,6.26536940633501
Table S4,2300.0,57.0,6.45660497528551
Table S4,2300.0,58.0,6.64713853756127
Table S4,2300.0,59.0,6.83697934929302
Table S4,2300.0,60.0,7.02613645038094
Table S4,2300.0,61.0,7.21461867155789
Table S4,2300.0,62.0,7.40243464117016
Table S4,2300.0,63.0,7.58959279168787
Table S4,2300.0,64.0,7.77610136595678
Table S4,2300.0,65.0,7.96196842320293
Table S4,2300.0,66.0,8.14720184480093
Table S4,2300.0,67.0,8.33180933981635
Table S4,2300.0,68.0,8.51579845033227
Table S4,2300.0,69.0,8.69917655656941
Table S4,2300.0,70.0,8.88195088180918
Table S4,2300.0,71.0,9.06412849712814
Table S4,2300.0,72.0,9.24571632595236
Table S4,2300.0,73.0,9.42672114843961
Table S4,2300.0,74.0,9.60714960569686
Table S4,2300.0,75.0,9.78700820384041
Table S4,2300.0,76.0,9.96630331790543
Table S4,2300.0,77.0,10.1450411956116
Table S4,2300.0,78.0,10.3232279609909
Table S4,2300.0,79.0,10.5008696178838
Table S4,2300.0,80.0,10.6779720533089
Table S4,2300.0,81.0,10.8545410407126
Table S4,2300.0,82.0,11.0305822431021
Table S4,2300.0,83.0,11.2061012160689
Table S4,2300.0,84.0,11.3811034107051
Table S4,2300.0,85.0,11.5555941764191
Table S4,2300.0,86.0,11.7295787636532
Table S4,2300.0,87.0,11.9030623265084
Table S4,2300.0,88.0,12.0760499252791
Table S4,2300.0,89.0,12.2485465289028
Table S4,2300.0,90.0,12.4205570173266
Table S4,2300.0,91.0,12.5920861837952
Table S4,2300.0,92.0,12.7631387370634
Table S4,2300.0,93.0,12.9337193035345
Table S4,2300.0,94.0,13.1038324293306
Table S4,2300.0,95.0,13.2734825822943
Table S4,2300.0,96.0,13.4426741539264
Table S4,2300.0,97.0,13.6114114612621
Table S4,2300.0,98.0,13.7796987486864
Table S4,2300.0,99.0,13.9475401896936
Table S4,2300.0,100.0,14.1149398885907
Table S4,2400.0,0.0,-5.17531290364711
Table S4,2400.0,1.0,-4.95807996667197
Table S4,2400.0,2.0,-4.73745560976072
Table S4,2400.0,3.0,-4.51501252122527
Table S4,2400.0,4.0,-4.29165129865647
Table S4,2400.0,5.0,-4.06794224927525
Table S4,2400.0,6.0,-3.84426841386899
Table S4,2400.0,7.0,-3.62089697809236
Table S4,2400.0,8.0,-3.39801907916895
Table S4,2400.0,9.0,-3.17577374565598
Table S4,2400.0,10.0,-2.9542631209716
Table S4,2400.0,11.0,-2.73356256800147
Table S4,2400.0,12.0,-2.5137276078558
Table S4,2400.0,13.0,-2.29479881809397
Table S4,2400.0,14.0,-2.07680537052175
Table S4,2400.0,15.0,-1.85976763606075
Table S4,2400.0,16.0,-1.64369913439532
Table S4,2400.0,17.0,-1.4286080139149
Table S4,2400.0,18.0,-1.21449818890754
Table S4,2400.0,19.0,-1.00137022272674
Table S4,2400.0,20.0,-0.789222020088002
Table S4,2400.0,21.0,-0.578049374191939
Table S4,2400.0,22.0,-0.367846402223848
Table S4,2400.0,23.0,-0.158605894184245
Table S4,2400.0,24.0,0.0496804061675772
Table S4,2400.0,25.0,0.257021573969316
Table S4,2400.0,26.0,0.463427318535705
Table S4,2400.0,27.0,0.668907832757264
Table S4,2400.0,28.0,0.873473669972111
Table S4,2400.0,29.0,1.07713564307948
Table S4,2400.0,30.0,1.27990474174839
Table S4,2400.0,31.0,1.48179206441374
Table S4,2400.0,32.0,1.6828087624059
Table S4,2400.0,33.0,1.8829659940724
Table S4,2400.0,34.0,2.08227488715549
Table S4,2400.0,35.0,2.28074650801105
Table S4,2400.0,36.0,2.47839183651128
Table S4,2400.0,37.0,2.67522174568048
Table S4,2400.0,38.0,2.87124698527935
Table S4,2400.0,39.0,3.06647816868926
Table S4,2400.0,40.0,3.26092576255729
Table S4,2400.0,41.0,3.45460007875367
Table S4,2400.0,42.0,3.64751126826677
Table S4,2400.0,43.0,3.83966931672198
Table S4,2400.0,44.0,4.03108404126147
Table S4,2400.0,45.0,4.22176508856324
Table S4,2400.0,46.0,4.41172193381311
Table S4,2400.0,47.0,4.60096388047233
Table S4,2400.0,48.0,4.78950006070761
Table S4,2400.0,49.0,4.97733943637106
Table S4,2400.0,50.0,5.16449080043461
Table S4,2400.0,51.0,5.35096277879801
Table S4,2400.0,52.0,5.53726353679572
Table S4,2400.0,53.0,5.72337241024257
Table S4,2400.0,54.0,5.90876978695353
Table S4,2400.0,55.0,6.09346543907489
Table S4,2400.0,56.0,6.27746890337329
Table S4,2400.0,57.0,6.46078948898636
Table S4,2400.0,58.0,6.64343628487701
Table S4,2400.0,59.0,6.82541816700164
Table S4,2400.0,60.0,7.0067438052026
Table S4,2400.0,61.0,7.18742166983519
Table S4,2400.0,62.0,7.3674600381392
Table S4,2400.0,63.0,7.54686700036524
Table S4,2400.0,64.0,7.72565046566542
Table S4,2400.0,65.0,7.90381816775793
Table S4,2400.0,66.0,8.08137767037491
Table S4,2400.0,67.0,8.25833637250239
Table S4,2400.0,68.0,8.43470151342107
Table S4,2400.0,69.0,8.61048017755626
Table S4,2400.0,70.0,8.78567929914489
Table S4,2400.0,71.0,8.96030566672754
Table S4,2400.0,72.0,9.13436592747266
Table S4,2400.0,73.0,9.30786659134014
Table S4,2400.0,74.0,9.48081403509119
Table S4,2400.0,75.0,9.6532145061508
Table S4,2400.0,76.0,9.82507412632914
Table S4,2400.0,77.0,9.99639889540788
Table S4,2400.0,78.0,10.167194694597
Table S4,2400.0,79.0,10.3374672898677
Table S4,2400.0,80.0,10.5072223351665
Table S4,2400.0,81.0,10.6764653755153
Table S4,2400.0,82.0,10.8452018500025
Table S4,2400.0,83.0,11.0134370946699
Table S4,2400.0,84.0,11.1811763452985
Table S4,2400.0,85.0,11.3484247400986
Table S4,2400.0,86.0,11.5151873223082
Table S4,2400.0,87.0,11.681469042702
Table S4,2400.0,88.0,11.8472747620159
Table S4,2400.0,89.0,12.0126092532906
Table S4,2400.0,90.0,12.177477204136
Table S4,2400.0,91.0,12.3418832189212
Table S4,2400.0,92.0,12.5058318208925
Table S4,2400.0,93.0,12.6693274542215
Table S4,2400.0,94.0,12.8323744859875
Table S4,2400.0,95.0,12.9949772080952
Table S4,2400.0,96.0,13.1571398391313
Table S4,2400.0,97.0,13.3188665261625
Table S4,2400.0,98.0,13.4801613464756
Table S4,2400.0,99.0,13.6410283092637
Table S4,2400.0,100.0,13.8014713572599
Table S4,2500.0,0.0,-4.70584273862394
Table S4,2500.0,1.0,-4.50313152676587
Table S4,2500.0,2.0,-4.29467044440417
Table S4,2500.0,3.0,-4.08325704206052
Table S4,2500.0,4.0,-3.8702503569382
Table S4,2500.0,5.0,-3.65644630882329
Table S4,2500.0,6.0,-3.44235572072005
Table S4,2500.0,7.0,-3.2283248452433
Table S4,2500.0,8.0,-3.01459686886996
Table S4,2500.0,9.0,-2.80134671080499
Table S4,2500.0,10.0,-2.58870218203024
Table S4,2500.0,11.0,-2.37675755574872
Table S4,2500.0,12.0,-2.16558263696896
Table S4,2500.0,13.0,-1.95522902627849
Table S4,2500.0,14.0,-1.74573456319851
Table S4,2500.0,15.0,-1.53712654906979
Table S4,2500.0,16.0,-1.32942412894743
Table S4,2500.0,17.0,-1.12264008034381
Table S4,2500.0,18.0,-0.916782175165245
Table S4,2500.0,19.0,-0.711854229152457
Table S4,2500.0,20.0,-0.507856919006894
Table S4,2500.0,21.0,-0.304788424471932
Table S4,2500.0,22.0,-0.102644936933169
Table S4,2500.0,23.0,0.0985789348613916
Table S4,2500.0,24.0,0.298889839140838
Table S4,2500.0,25.0,0.498295418293686
Table S4,2500.0,26.0,0.696804095766555
Table S4,2500.0,27.0,0.89442490257485
Table S4,2500.0,28.0,1.09116733557907
Table S4,2500.0,29.0,1.28704124138464
Table S4,2500.0,30.0,1.48205672102156
Table S4,2500.0,31.0,1.67622405155809
Table S4,2500.0,32.0,1.86955362157555
Table S4,2500.0,33.0,2.06205587803487
Table S4,2500.0,34.0,2.25374128253933
Table S4,2500.0,35.0,2.44462027537306
Table S4,2500.0,36.0,2.63470324599332
Table S4,2500.0,37.0,2.82400050889323
Table S4,2500.0,38.0,3.0125222839436
Table S4,2500.0,39.0,3.20027868047806
Table S4,2500.0,40.0,3.38727968451143
Table S4,2500.0,41.0,3.57353514858439
Table S4,2500.0,42.0,3.75905478381173
Table S4,2500.0,43.0,3.94384815378051
Table S4,2500.0,44.0,4.12792467000195
Table S4,2500.0,45.0,4.31129358866797
Table S4,2500.0,46.0,4.49396400850276
Table S4,2500.0,47.0,4.67594486953243
Table S4,2500.0,48.0,4.85724495262327
Table S4,2500.0,49.0,5.0378728796621
Table S4,2500.0,50.0,5.21783711427126
Table S4,2500.0,51.0,5.39714596296748
Table S4,2500.0,52.0,5.57580757668701
Table S4,2500.0,53.0,5.7538299526115
Table S4,2500.0,54.0,5.93152418207099
Table S4,2500.0,55.0,6.10887303359904
Table S4,2500.0,56.0,6.28555666180471
Table S4,2500.0,57.0,6.46158399437973
Table S4,2500.0,58.0,6.63696374975416
Table S4,2500.0,59.0,6.81170444374992
Table S4,2500.0,60.0,6.98581439599372
Table S4,2500.0,61.0,7.15930173609647
Table S4,2500.0,62.0,7.33217440960664
Table S4,2500.0,63.0,7.50444018374488
Table S4,2500.0,64.0,7.67610665292767
Table S4,2500.0,65.0,7.84718124408729
Table S4,2500.0,66.0,8.01767122179567
Table S4,2500.0,67.0,8.18758369319946
Table S4,2500.0,68.0,8.35692561277345
Table S4,2500.0,69.0,8.52570378689935
Table S4,2500.0,70.0,8.69392487827673
Table S4,2500.0,71.0,8.86159541017279
Table S4,2500.0,72.0,9.02872177051738
Table S4,2500.0,73.0,9.19531021584929
Table S4,2500.0,74.0,9.36136687512003
Table S4,2500.0,75.0,9.52689775336064
Table S4,2500.0,76.0,9.69190873521716
Table S4,2500.0,77.0,9.85640558836009
Table S4,2500.0,78.0,10.0203939667728
Table S4,2500.0,79.0,10.1838794139243
Table S4,2500.0,80.0,10.3468673658298
Table S4,2500.0,81.0,10.5093631540056
Table S4,2500.0,82.0,10.6713720083203
Table S4,2500.0,83.0,10.8328990597485
Table S4,2500.0,84.0,10.9939493430299
Table S4,2500.0,85.0,11.1545277992368
Table S4,2500.0,86.0,11.3146392782561
Table S4,2500.0,87.0,11.4742885411868
Table S4,2500.0,88.0,11.6334802626569
Table S4,2500.0,89.0,11.7922190330643
Table S4,2500.0,90.0,11.9505093607426
Table S4,2500.0,91.0,12.1083556740567
Table S4,2500.0,92.0,12.2657623234288
Table S4,2500.0,93.0,12.4227335833001
Table S4,2500.0,94.0,12.5792736540283
Table S4,2500.0,95.0,12.7353866637244
Table S4,2500.0,96.0,12.8910766700317
Table S4,2500.0,97.0,13.046347661848
Table S4,2500.0,98.0,13.2012035609941
Table S4,2500.0,99.0,13.3556482238298
Table S4,2500.0,100.0,13.5096854428202
Table S4,2600.0,0.0,-4.27248566217931
Table S4,2600.0,1.0,-4.09036300316508
Table S4,2600.0,2.0,-3.89494585987786
Table S4,2600.0,3.0,-3.69462612126648
Table S4,2600.0,4.0,-3.49172768145493
Table S4,2600.0,5.0,-3.28743143323676
Table S4,2600.0,6.0,-3.08244344258561
Table S4,2600.0,7.0,-2.87722259427269
Table S4,2600.0,8.0,-2.67208265934384
Table S4,2600.0,9.0,-2.46724546381587
Table S4,2600.0,10.0,-2.2628714020704
Table S4,2600.0,11.0,-2.05907818716639
Table S4,2600.0,12.0,-1.85595297607109
Table S4,2600.0,13.0,-1.65356052775648
Table S4,2600.0,14.0,-1.45194886900547
Table S4,2600.0,15.0,-1.2511533327841
Table S4,2600.0,16.0,-1.05119949955375
Table S4,2600.0,17.0,-0.852105379051744
Table S4,2600.0,18.0,-0.653883054148084
Table S4,2600.0,19.0,-0.456539936206714
Table S4,2600.0,20.0,-0.260079735056481
Table S4,2600.0,21.0,-0.0645032161599461
Table S4,2600.0,22.0,0.130191203003304
Table S4,2600.0,23.0,0.324006979472592
Table S4,2600.0,24.0,0.51694906630602
Table S4,2600.0,25.0,0.709023608143387
Table S4,2600.0,26.0,0.900237695026125
Table S4,2600.0,27.0,1.09059916239663
Table S4,2600.0,28.0,1.28011642796077
Table S4,2600.0,29.0,1.46879835816487
Table S4,2600.0,30.0,1.65665415860259
Table S4,2600.0,31.0,1.84369328386065
Table S4,2600.0,32.0,2.02992536323168
Table S4,2600.0,33.0,2.21536013943585
Table S4,2600.0,34.0,2.40000741805019
Table S4,2600.0,35.0,2.58387702578408
Table S4,2600.0,36.0,2.76697877608625
Table S4,2600.0,37.0,2.9493224408465
Table S4,2600.0,38.0,3.13091772717679
Table S4,2600.0,39.0,3.31177425843549
Table S4,2600.0,40.0,3.49190155880323
Table S4,2600.0,41.0,3.67130904083659
Table S4,2600.0,42.0,3.85000599552191
Table S4,2600.0,43.0,4.02800158443055
Table S4,2600.0,44.0,4.20530483364151
Table S4,2600.0,45.0,4.3819246291514
Table S4,2600.0,46.0,4.55786971353582
Table S4,2600.0,47.0,4.73314868366339
Table S4,2600.0,48.0,4.90776998929444
Table S4,2600.0,49.0,5.08174193242231
Table S4,2600.0,50.0,5.2550726672367
Table S4,2600.0,51.0,5.42777020060678
Table S4,2600.0,52.0,5.59984239299721
Table S4,2600.0,53.0,5.77129695974304
Table S4,2600.0,54.0,5.94214147262065
Table S4,2600.0,55.0,6.11238336166085
Table S4,2600.0,56.0,6.28202991715872
Table S4,2600.0,57.0,6.45119019437034
Table S4,2600.0,58.0,6.61985056361302
Table S4,2600.0,59.0,6.7878959892141
Table S4,2600.0,60.0,6.9553344570242
Table S4,2600.0,61.0,7.12217377224221
Table S4,2600.0,62.0,7.28842156493555
Table S4,2600.0,63.0,7.45408529537078
Table S4,2600.0,64.0,7.61917225915946
Table S4,2600.0,65.0,7.7836895922246
Table S4,2600.0,66.0,7.94764427559311
Table S4,2600.0,67.0,8.11104314001979
Table S4,2600.0,68.0,8.27389287044832
Table S4,2600.0,69.0,8.43620001031487
Table S4,2600.0,70.0,8.59797096569985
Table S4,2600.0,71.0,8.75921200933302
Table S4,2600.0,72.0,8.91992928445748
Table S4,2600.0,73.0,9.08012880855768
Table S4,2600.0,74.0,9.2398164769564
Table S4,2600.0,75.0,9.39899806628575
Table S4,2600.0,76.0,9.55767923783695
Table S4,2600.0,77.0,9.71586554079346
Table S4,2600.0,78.0,9.87356241535198
Table S4,2600.0,79.0,10.0307751957356
Table S4,2600.0,80.0,10.1875091131035
Table S4,2600.0,81.0,10.3437692983605
Table S4,2600.0,82.0,10.4995607848716
Table S4,2600.0,83.0,10.6548885110834
Table S4,2600.0,84.0,10.8097573230582
Table S4,2600.0,85.0,10.9641719769225
Table S4,2600.0,86.0,11.118137141233
Table S4,2600.0,87.0,11.2716573992654
Table S4,2600.0,88.0,11.4247372512267
Table S4,2600.0,89.0,11.5773811163948
Table S4,2600.0,90.0,11.7295933351886
Table S4,2600.0,91.0,11.8813781711708
Table S4,2600.0,92.0,12.0327398129856
Table S4,2600.0,93.0,12.1836823762352
Table S4,2600.0,94.0,12.3342099052951
Table S4,2600.0,95.0,12.4843263750732
Table S4,2600.0,96.0,12.6340356927124
Table S4,2600.0,97.0,12.7833416992403
Table S4,2600.0,98.0,12.9322481711678
Table S4,2600.0,99.0,13.0807588220376
Table S4,2600.0,100.0,13.2288773039257
Table S5,1000.0,0.0,-15.5598999286323
Table S5,1000.0,1.0,-15.0936328024553
Table S5,1000.0,2.0,-14.6299226341142
Table S5,1000.0,3.0,-14.1686493891988
Table S5,1000.0,4.0,-13.7097037706947
Table S5,1000.0,5.0,-13.2529858581629
Table S5,1000.0,6.0,-12.7984039641396
Table S5,1000.0,7.0,-12.3458736668069
Table S5,1000.0,8.0,-11.8953169867282
Table S5,1000.0,9.0,-11.4466616821374
Table S5,1000.0,10.0,-10.9998406424237
Table S5,1000.0,11.0,-10.5547913634563
Table S5,1000.0,12.0,-10.1114554915189
Table S5,1000.0,13.0,-9.66977842508484
Table S5,1000.0,14.0,-9.22970896561285
Table S5,1000.0,15.0,-8.79119901009641
Table S5,1000.0,16.0,-8.35420327934621
Table S5,1000.0,17.0,-7.91867907699185
Table S5,1000.0,18.0,-7.48458607500475
Table S5,1000.0,19.0,-7.05188612221068
Table S5,1000.0,20.0,-6.62054307280767
Table S5,1000.0,21.0,-6.19052263235558
Table S5,1000.0,22.0,-5.76179221907779
Table S5,1000.0,23.0,-5.33432083862652
Table S5,1000.0,24.0,-4.90807897072393
Table S5,1000.0,25.0,-4.48303846630959
Table S5,1000.0,26.0,-4.05917245400945
Table S5,1000.0,27.0,-3.63645525489799
Table S5,1000.0,28.0,-3.21486230465736
Table S5,1000.0,29.0,-2.79437008235129
Table S5,1000.0,30.0,-2.37495604512792
Table S5,1000.0,31.0,-1.95659856824944
Table S5,1000.0,32.0,-1.53927688991767
Table S5,1000.0,33.0,-1.12297106042728
Table S5,1000.0,34.0,-0.707661895231462
Table S5,1000.0,35.0,-0.293330931552011
Table S5,1000.0,36.0,0.120039611793671
Table S5,1000.0,37.0,0.53246687164068
Table S5,1000.0,38.0,0.943967375060632
Table S5,1000.0,39.0,1.35455707151499
Table S5,1000.0,40.0,1.7642513627872
Table S5,1000.0,41.0,2.17306513088169
Table S5,1000.0,42.0,2.58101276405931
Table S5,1000.0,43.0,2.98810818116181
Table S5,1000.0,44.0,3.39436485436353
Table S5,1000.0,45.0,3.79979583047513
Table S5,1000.0,46.0,4.20441375091265
Table S5,1000.0,47.0,4.60823087043464
Table S5,1000.0,48.0,5.01125907474072
Table S5,1000.0,49.0,5.41350989701687
Table S5,1000.0,50.0,5.81499453350479
Table S5,1000.0,51.0,6.2157238581663
Table S5,1000.0,52.0,6.61570843650752
Table S5,1000.0,53.0,7.01495853862211
Table S5,1000.0,54.0,7.41348415150794
Table S5,1000.0,55.0,7.81129499070695
Table S5,1000.0,56.0,8.20840051131421
Table S5,1000.0,57.0,8.60480991839825
Table S5,1000.0,58.0,9.00053217687139
Table S5,1000.0,59.0,9.39557602084608
Table S5,1000.0,60.0,9.78994996251014
Table S5,1000.0,61.0,10.1836623005513
Table S5,1000.0,62.0,10.57672112816
Table S5,1000.0,63.0,10.9691343406351
Table S5,1000.0,64.0,11.3609096426183
Table S5,1000.0,65.0,11.7520545549794
Table S5,1000.0,66.0,12.1425764213717
Table S5,1000.0,67.0,12.5324824144798
Table S5,1000.0,68.0,12.9217795419749
Table S5,1000.0,69.0,13.3104746521962
Table S5,1000.0,70.0,13.6985744395735
Table S5,1000.0,71.0,14.086085449806
Table S5,1000.0,72.0,14.4730140848093
Table S5,1000.0,73.0,14.8593666074463
Table S5,1000.0,74.0,15.2451491460501
Table S5,1000.0,75.0,15.630367698754
Table S5,1000.0,76.0,16.0150281376351
Table S5,1000.0,77.0,16.3991362126847
Table S5,1000.0,78.0,16.782697555612
Table S5,1000.0,79.0,17.1657176834915
Table S5,1000.0,80.0,17.5482020022605
Table S5,1000.0,81.0,17.9301558100759
Table S5,1000.0,82.0,18.3115843005363
Table S5,1000.0,83.0,18.6924925657762
Table S5,1000.0,84.0,19.0728855994389
Table S5,1000.0,85.0,19.4527682995341
Table S5,1000.0,86.0,19.8321454711847
Table S5,1000.0,87.0,20.2110218292704
Table S5,1000.0,88.0,20.589402000969798
Table S5,1000.0,89.0,20.9672905282083
Table S5,1000.0,90.0,21.3446918700155
Table S5,1000.0,91.0,21.7216104047958
Table S5,1000.0,92.0,22.098050432516
Table S5,1000.0,93.0,22.4740161768149
Table S5,1000.0,94.0,22.8495117870369
Table S5,1000.0,95.0,23.224541340194
Table S5,1000.0,96.0,23.5991088428588
Table S5,1000.0,97.0,23.9732182329917
Table S5,1000.0,98.0,24.3468733817053
Table S5,1000.0,99.0,24.7200780949681
Table S5,1000.0,100.0,25.0928361152513
Table S5,1100.0,0.0,-13.3369565404066
Table S5,1100.0,1.0,-12.9116799736901
Table S5,1100.0,2.0,-12.4888045455949
Table S5,1100.0,3.0,-12.0682134746068
Table S5,1100.0,4.0,-11.6498007961975
Table S5,1100.0,5.0,-11.2334699446458
Table S5,1100.0,6.0,-10.8191325688715
Table S5,1100.0,7.0,-10.4067075366929
Table S5,1100.0,8.0,-9.99612009198202
Table S5,1100.0,9.0,-9.58730113681203
Table S5,1100.0,10.0,-9.18018661649967
Table S5,1100.0,11.0,-8.77471698991887
Table S5,1100.0,12.0,-8.37083677092533
Table S5,1100.0,13.0,-7.9684941294367
Table S5,1100.0,14.0,-7.56764054284054
Table S5,1100.0,15.0,-7.16823049008669
Table S5,1100.0,16.0,-6.7702211821636
Table S5,1100.0,17.0,-6.37357232373573
Table S5,1100.0,18.0,-5.97824590158877
Table S5,1100.0,19.0,-5.58420599623594
Table S5,1100.0,20.0,-5.19141861361524
Table S5,1100.0,21.0,-4.79985153428136
Table S5,1100.0,22.0,-4.40947417788645
Table S5,1100.0,23.0,-4.02025748106856
Table S5,1100.0,24.0,-3.6321737871362
Table S5,1100.0,25.0,-3.24519674616389
Table S5,1100.0,26.0,-2.85930122430339
Table S5,1100.0,27.0,-2.47446322127578
Table S5,1100.0,28.0,-2.0906597951455
Table S5,1100.0,29.0,-1.707868993593
Table S5,1100.0,30.0,-1.32606979100124
Table S5,1100.0,31.0,-0.94524203075602
Table S5,1100.0,32.0,-0.565366372232412
Table S5,1100.0,33.0,-0.186424242002514
Table S5,1100.0,34.0,0.191602211146463
Table S5,1100.0,35.0,0.56873015774761
Table S5,1100.0,36.0,0.944976126066317
Table S5,1100.0,37.0,1.32035603767644
Table S5,1100.0,38.0,1.69488524045697
Table S5,1100.0,39.0,2.06857853923839
Table S5,1100.0,40.0,2.44145022430396
Table S5,1100.0,41.0,2.81351409792999
Table S5,1100.0,42.0,3.18478349913076
Table S5,1100.0,43.0,3.55527132675691
Table S5,1100.0,44.0,3.92499006108214
Table S5,1100.0,45.0,4.29395178399941
Table S5,1100.0,46.0,4.66216819793697
Table S5,1100.0,47.0,5.0296506435938
Table S5,1100.0,48.0,5.3964101165851
Table S5,1100.0,49.0,5.76245728308027
Table S5,1100.0,50.0,6.12780249450835
Table S5,1100.0,51.0,6.49245580139944
Table S5,1100.0,52.0,6.85642696642448
Table S5,1100.0,53.0,7.21972547669081
Table S5,1100.0,54.0,7.58236055534549
Table S5,1100.0,55.0,7.94434117253481
Table S5,1100.0,56.0,8.30567605576366
Table S5,1100.0,57.0,8.66637369969552
Table S5,1100.0,58.0,9.02644237543026
Table S5,1100.0,59.0,9.38589013929407
Table S5,1100.0,60.0,9.74472484117308
Table S5,1100.0,61.0,10.1029541324201
Table S5,1100.0,62.0,10.4605854733617
Table S5,1100.0,63.0,10.8176261404292
Table S5,1100.0,64.0,11.1740832329396
Table S5,1100.0,65.0,11.5299636795441
Table S5,1100.0,66.0,11.8852742443681
Table S5,1100.0,67.0,12.2400215328572
Table S5,1100.0,68.0,12.5942119973504
Table S5,1100.0,69.0,12.9478519423925
Table S5,1100.0,70.0,13.300947529804
Table S5,1100.0,71.0,13.6535047835199
Table S5,1100.0,72.0,14.0055295942117
Table S5,1100.0,73.0,14.3570277237046
Table S5,1100.0,74.0,14.7080048091999
Table S5,1100.0,75.0,15.0584663673151
Table S5,1100.0,76.0,15.4084177979496
Table S5,1100.0,77.0,15.7578643879869
Table S5,1100.0,78.0,16.1068113148409
Table S5,1100.0,79.0,16.4552636498545
Table S5,1100.0,80.0,16.8032263615586
Table S5,1100.0,81.0,17.1507043187982
Table S5,1100.0,82.0,17.4977022937324
Table S5,1100.0,83.0,17.8442249647149
Table S5,1100.0,84.0,18.1902769190604
Table S5,1100.0,85.0,18.5358626557025
Table S5,1100.0,86.0,18.8809865877495
Table S5,1100.0,87.0,19.2256530449413
Table S5,1100.0,88.0,19.5698662760131
Table S5,1100.0,89.0,19.9136304509706
Table S5,1100.0,90.0,20.2569496632795
Table S5,1100.0,91.0,20.599827931975
Table S5,1100.0,92.0,20.942269203694
Table S5,1100.0,93.0,21.2842773546325
Table S5,1100.0,94.0,21.6258561924344
Table S5,1100.0,95.0,21.9670094580117
Table S5,1100.0,96.0,22.307740827301
Table S5,1100.0,97.0,22.6480539129587
Table S5,1100.0,98.0,22.9879522659971
Table S5,1100.0,99.0,23.3274393773642
Table S5,1100.0,100.0,23.6665186794704
Table S5,1200.0,0.0,-11.4878581038086
Table S5,1200.0,1.0,-11.0966920862478
Table S5,1200.0,2.0,-10.7078026957895
Table S5,1200.0,3.0,-10.3210750510707
Table S5,1200.0,4.0,-9.93640530450727
Table S5,1200.0,5.0,-9.5536991437226
Table S5,1200.0,6.0,-9.17287054897413
Table S5,1200.0,7.0,-8.79384075495699
Table S5,1200.0,8.0,-8.41653737716257
Table S5,1200.0,9.0,-8.04089367179588
Table S5,1200.0,10.0,-7.66684790491912
Table S5,1200.0,11.0,-7.29434281156335
Table S5,1200.0,12.0,-6.9233251294473
Table S5,1200.0,13.0,-6.55374519495925
Table S5,1200.0,14.0,-6.18555659141233
Table S5,1200.0,15.0,-5.81871584143462
Table S5,1200.0,16.0,-5.453182136821
Table S5,1200.0,17.0,-5.08891710034248
Table S5,1200.0,18.0,-4.72588457494678
Table S5,1200.0,19.0,-4.36405043654138
Table S5,1200.0,20.0,-4.00338242716607
Table S5,1200.0,21.0,-3.64385000586484
Table S5,1200.0,22.0,-3.28542421498026
Table S5,1200.0,23.0,-2.92807755993495
Table S5,1200.0,24.0,-2.57178390084788
Table S5,1200.0,25.0,-2.21651835456955
Table S5,1200.0,26.0,-1.8622572059179
Table S5,1200.0,27.0,-1.50897782706321
Table S5,1200.0,28.0,-1.15665860415085
Table S5,1200.0,29.0,-0.805278870370084
Table S5,1200.0,30.0,-0.45481884477814
Table S5,1200.0,31.0,-0.105259576275958
Table S5,1200.0,32.0,0.243417107794236
Table S5,1200.0,33.0,0.591228648895169
Table S5,1200.0,34.0,0.938191800795358
Table S5,1200.0,35.0,1.28432266968764
Table S5,1200.0,36.0,1.62963675124715
Table S5,1200.0,37.0,1.97414896491452
Table S5,1200.0,38.0,2.31787368565883
Table S5,1200.0,39.0,2.66082477344719
Table S5,1200.0,40.0,3.0030156006241
Table S5,1200.0,41.0,3.34445907738227
Table S5,1200.0,42.0,3.68516767548812
Table S5,1200.0,43.0,4.02515345040892
Table S5,1200.0,44.0,4.36442806197352
Table S5,1200.0,45.0,4.70300279368629
Table S5,1200.0,46.0,5.04088857080199
Table S5,1200.0,47.0,5.37809597725942
Table S5,1200.0,48.0,5.71463527156228
Table S5,1200.0,49.0,6.05051640168798
Table S5,1200.0,50.0,6.3857490190974
Table S5,1200.0,51.0,6.72034249191252
Table S5,1200.0,52.0,7.05430591732267
Table S5,1200.0,53.0,7.38764813327502
Table S5,1200.0,54.0,7.7203777295003
Table S5,1200.0,55.0,8.05250305792021
Table S5,1200.0,56.0,8.38403224247933
Table S5,1200.0,57.0,8.71497318844078
Table S5,1200.0,58.0,9.04533359118173
Table S5,1200.0,59.0,9.37512094452184
Table S5,1200.0,60.0,9.70434254861549
Table S5,1200.0,61.0,10.0330055174357
Table S5,1200.0,62.0,10.361116785876
Table S5,1200.0,63.0,10.6886831164947
Table S5,1200.0,64.0,11.0157111059225
Table S5,1200.0,65.0,11.3422071909563
Table S5,1200.0,66.0,11.668177654356
Table S5,1200.0,67.0,11.993628630364
Table S5,1200.0,68.0,12.3185661099627
Table S5,1200.0,69.0,12.6429959458855
Table S5,1200.0,70.0,12.9669238573963
Table S5,1200.0,71.0,13.2903554348497
Table S5,1200.0,72.0,13.6132961440453
Table S5,1200.0,73.0,13.9357513303871
Table S5,1200.0,74.0,14.2577262228589
Table S5,1200.0,75.0,14.5792259378256
Table S5,1200.0,76.0,14.9002554826702
Table S5,1200.0,77.0,15.2208197592751
Table S5,1200.0,78.0,15.5409235673562
Table S5,1200.0,79.0,15.8605716076568
Table S5,1200.0,80.0,16.1797684850092
Table S5,1200.0,81.0,16.4985187112715
Table S5,1200.0,82.0,16.8168267081438
Table S5,1200.0,83.0,17.1346968098722
Table S5,1200.0,84.0,17.4521332658449
Table S5,1200.0,85.0,17.7691402430859
Table S5,1200.0,86.0,18.0857218286515
Table S5,1200.0,87.0,18.4018820319345
Table S5,1200.0,88.0,18.7176247868799
Table S5,1200.0,89.0,19.0329539541165
Table S5,1200.0,90.0,19.3478733230094
Table S5,1200.0,91.0,19.6623866136351
Table S5,1200.0,92.0,19.9764974786846
Table S5,1200.0,93.0,20.2902095052966
Table S5,1200.0,94.0,20.6035262168251
Table S5,1200.0,95.0,20.9164510745428
Table S5,1200.0,96.0,21.2289874792847
Table S5,1200.0,97.0,21.5411387730337
Table S5,1200.0,98.0,21.8529082404504
Table S5,1200.0,99.0,22.1642991103512
Table S5,1200.0,100.0,22.4753145571344
Table S5,1300.0,0.0,-9.92608339532197
Table S5,1300.0,1.0,-9.56373301598201
Table S5,1300.0,2.0,-9.2035594038136
Table S5,1300.0,3.0,-8.84544842190792
Table S5,1300.0,4.0,-8.48929731504277
Table S5,1300.0,5.0,-8.13501310680881
Table S5,1300.0,6.0,-7.78251128032629
Table S5,1300.0,7.0,-7.43171468338052
Table S5,1300.0,8.0,-7.08255261278876
Table S5,1300.0,9.0,-6.73496004315611
Table S5,1300.0,10.0,-6.38887697290423
Table S5,1300.0,11.0,-6.04424786628363
Table S5,1300.0,12.0,-5.70102117451373
Table S5,1300.0,13.0,-5.35914892259873
Table S5,1300.0,14.0,-5.01858635100242
Table S5,1300.0,15.0,-4.67929160342155
Table S5,1300.0,16.0,-4.34122545351501
Table S5,1300.0,17.0,-4.0043510647274
Table S5,1300.0,18.0,-3.66863377836809
Table S5,1300.0,19.0,-3.33404092592808
Table S5,1300.0,20.0,-3.00054166228083
Table S5,1300.0,21.0,-2.66810681695281
Table S5,1300.0,22.0,-2.33670876109098
Table S5,1300.0,23.0,-2.00632128811754
Table S5,1300.0,24.0,-1.67691950636219
Table S5,1300.0,25.0,-1.34847974221108
Table S5,1300.0,26.0,-1.02097945252016
Table S5,1300.0,27.0,-0.69439714521432
Table S5,1300.0,28.0,-0.368712307140812
Table S5,1300.0,29.0,-0.0439053383694094
Table S5,1300.0,30.0,0.280042507763152
Table S5,1300.0,31.0,0.603149179477162
Table S5,1300.0,32.0,0.925431876778526
Table S5,1300.0,33.0,1.2469070975625
Table S5,1300.0,34.0,1.56759068000649
Table S5,1300.0,35.0,1.88749784161729
Table S5,1300.0,36.0,2.20664321525564
Table S5,1300.0,37.0,2.52504088242466
Table S5,1300.0,38.0,2.84270440407665
Table S5,1300.0,39.0,3.15964684916475
Table S5,1300.0,40.0,3.4758808211422
Table S5,1300.0,41.0,3.79141848258971
Table S5,1300.0,42.0,4.10627157813354
Table S5,1300.0,43.0,4.42045145579962
Table S5,1300.0,44.0,4.73396908693503
Table S5,1300.0,45.0,5.04683508481464
Table S5,1300.0,46.0,5.35905972203985
Table S5,1300.0,47.0,5.67065294682552
Table S5,1300.0,48.0,5.98162439826276
Table S5,1300.0,49.0,6.29198342063658
Table S5,1300.0,50.0,6.6017390768706
Table S5,1300.0,51.0,6.91090016116419
Table S5,1300.0,52.0,7.21947521088192
Table S5,1300.0,53.0,7.5274725177497
Table S5,1300.0,54.0,7.83490013840755
Table S5,1300.0,55.0,8.14176590436443
Table S5,1300.0,56.0,8.44807743139703
Table S5,1300.0,57.0,8.75384212843078
Table S5,1300.0,58.0,9.05906720593824
Table S5,1300.0,59.0,9.36375968388728
Table S5,1300.0,60.0,9.66792639926888
Table S5,1300.0,61.0,9.97157401323186
Table S5,1300.0,62.0,10.27470901785
Table S5,1300.0,63.0,10.5773377425451
Table S5,1300.0,64.0,10.8794663601872
Table S5,1300.0,65.0,11.1811008928922
Table S5,1300.0,66.0,11.4822472175358
Table S5,1300.0,67.0,11.7829110710003
Table S5,1300.0,68.0,12.0830980551705
Table S5,1300.0,69.0,12.3828136416944
Table S5,1300.0,70.0,12.68206317652
Table S5,1300.0,71.0,12.9808518842247
Table S5,1300.0,72.0,13.2791848721459
Table S5,1300.0,73.0,13.5770671343259
Table S5,1300.0,74.0,13.8745035552806
Table S5,1300.0,75.0,14.1714989136025
Table S5,1300.0,76.0,14.4680578854061
Table S5,1300.0,77.0,14.7641850476254
Table S5,1300.0,78.0,15.0598848811696
Table S5,1300.0,79.0,15.3551617739469
Table S5,1300.0,80.0,15.6500200237611
Table S5,1300.0,81.0,15.9444638410891
Table S5,1300.0,82.0,16.238497351744
Table S5,1300.0,83.0,16.5321245994315
Table S5,1300.0,84.0,16.825349548203
Table S5,1300.0,85.0,17.1181760848116
Table S5,1300.0,86.0,17.410608020976
Table S5,1300.0,87.0,17.7026490955559
Table S5,1300.0,88.0,17.9943029766435
Table S5,1300.0,89.0,18.285573263576
Table S5,1300.0,90.0,18.5764634888714
Table S5,1300.0,91.0,18.8669771200919
Table S5,1300.0,92.0,19.1571175616389
Table S5,1300.0,93.0,19.4468881564813
Table S5,1300.0,94.0,19.7362921878214
Table S5,1300.0,95.0,20.0253328807006
Table S5,1300.0,96.0,20.314013403548
Table S5,1300.0,97.0,20.6023368696735
Table S5,1300.0,98.0,20.8903063387098
Table S5,1300.0,99.0,21.1779248180026
Table S5,1300.0,100.0,21.4651952639545
Table S5,1400.0,0.0,-8.58987313447116
Table S5,1400.0,1.0,-8.25217505447432
Table S5,1400.0,2.0,-7.91657390106994
Table S5,1400.0,3.0,-7.5829552318257
Table S5,1400.0,4.0,-7.25121647209479
Table S5,1400.0,5.0,-6.92126517927471
Table S5,1400.0,6.0,-6.59301762564549
Table S5,1400.0,7.0,-6.26639763088273
Table S5,1400.0,8.0,-5.94133559221512
Table S5,1400.0,9.0,-5.61776767251881
Table S5,1400.0,10.0,-5.29563511573815
Table S5,1400.0,11.0,-4.97488366580799
Table S5,1400.0,12.0,-4.65546307036533
Table S5,1400.0,13.0,-4.33732665442655
Table S5,1400.0,14.0,-4.02043095219186
Table S5,1400.0,15.0,-3.70473538744979
Table S5,1400.0,16.0,-3.39020199485949
Table S5,1400.0,17.0,-3.0767951758085
Table S5,1400.0,18.0,-2.76448148367007
Table S5,1400.0,19.0,-2.45322943418267
Table S5,1400.0,20.0,-2.14300933739738
Table S5,1400.0,21.0,-1.83379314822347
Table S5,1400.0,22.0,-1.525554333078
Table S5,1400.0,23.0,-1.21826775053514
Table S5,1400.0,24.0,-0.911909544191174
Table S5,1400.0,25.0,-0.606457046226333
Table S5,1400.0,26.0,-0.301888690365078
Table S5,1400.0,27.0,0.00181606687950619
Table S5,1400.0,28.0,0.304676817637169
Table S5,1400.0,29.0,0.606712267617616
Table S5,1400.0,30.0,0.907940295273137
Table S5,1400.0,31.0,1.20837800581319
Table S5,1400.0,32.0,1.50804178061772
Table S5,1400.0,33.0,1.80694732252796
Table S5,1400.0,34.0,2.105109697435
Table S5,1400.0,35.0,2.40254337253634
Table S5,1400.0,36.0,2.69926225158681
Table S5,1400.0,37.0,2.99527970743306
Table S5,1400.0,38.0,3.29060861208795
Table S5,1400.0,39.0,3.58526136457275
Table S5,1400.0,40.0,3.87924991673028
Table S5,1400.0,41.0,4.17258579719031
Table S5,1400.0,42.0,4.46528013364958
Table S5,1400.0,43.0,4.75734367361181
Table S5,1400.0,44.0,5.04878680371855
Table S5,1400.0,45.0,5.33961956778843
Table S5,1400.0,46.0,5.62985168367083
Table S5,1400.0,47.0,5.91949255900994
Table S5,1400.0,48.0,6.20855130600556
Table S5,1400.0,49.0,6.49703675524955
Table S5,1400.0,50.0,6.78495746870892
Table S5,1400.0,51.0,7.07232175192043
Table S5,1400.0,52.0,7.35913766545571
Table S5,1400.0,53.0,7.64541303571071
Table S5,1400.0,54.0,7.93115546506841
Table S5,1400.0,55.0,8.21637234147979
Table S5,1400.0,56.0,8.50107084750411
Table S5,1400.0,57.0,8.78525796884614
Table S5,1400.0,58.0,9.06894050242478
Table S5,1400.0,59.0,9.352125064005
Table S5,1400.0,60.0,9.63481809542214
Table S5,1400.0,61.0,9.9170258714255
Table S5,1400.0,62.0,10.1987545061659
Table S5,1400.0,63.0,10.4800099593507
Table S5,1400.0,64.0,10.7607980420857
Table S5,1400.0,65.0,11.0411244224263
Table S5,1400.0,66.0,11.3209946306528
Table S5,1400.0,67.0,11.6004140642894
Table S5,1400.0,68.0,11.8793879928803
Table S5,1400.0,69.0,12.157921562539
Table S5,1400.0,70.0,12.4360198002827
Table S5,1400.0,71.0,12.7136876181658
Table S5,1400.0,72.0,12.990929817223
Table S5,1400.0,73.0,13.2677510912332
Table S5,1400.0,74.0,13.544156030314
Table S5,1400.0,75.0,13.8201491243571
Table S5,1400.0,76.0,14.0957347663125
Table S5,1400.0,77.0,14.3709172553295
Table S5,1400.0,78.0,14.6457007997634
Table S5,1400.0,79.0,14.9200895200541
Table S5,1400.0,80.0,15.1940874514837
Table S5,1400.0,81.0,15.4676985468188
Table S5,1400.0,82.0,15.7409266788448
Table S5,1400.0,83.0,16.0137756427962
Table S5,1400.0,84.0,16.2862491586894
Table S5,1400.0,85.0,16.5583508735617
Table S5,1400.0,86.0,16.8300843636226
Table S5,1400.0,87.0,17.10145313632
Table S5,1400.0,88.0,17.3724606323269
Table S5,1400.0,89.0,17.6431102274519
Table S5,1400.0,90.0,17.9134052344766
Table S5,1400.0,91.0,18.183348904924
Table S5,1400.0,92.0,18.4529444307615
Table S5,1400.0,93.0,18.72219494604
Table S5,1400.0,94.0,18.9911035284742
Table S5,1400.0,95.0,19.2596732009641
Table S5,1400.0,96.0,19.5279069330634
Table S5,1400.0,97.0,19.7958076423946
Table S5,1400.0,98.0,20.0633781960144
Table S5,1400.0,99.0,20.3306214117317
Table S5,1400.0,100.0,20.5975400593792
Table S5,1500.0,0.0,-7.43396765197282
Table S5,1500.0,1.0,-7.11758780831646
Table S5,1500.0,2.0,-6.80324177050042
Table S5,1500.0,3.0,-6.49081379631261
Table S5,1500.0,4.0,-6.1802006458276
Table S5,1500.0,5.0,-5.87130967967081
Table S5,1500.0,6.0,-5.56405731981083
Table S5,1500.0,7.0,-5.2583677915268
Table S5,1500.0,8.0,-4.95417208585285
Table S5,1500.0,9.0,-4.65140709668404
Table S5,1500.0,10.0,-4.35001489757824
Table S5,1500.0,11.0,-4.0499421312903
Table S5,1500.0,12.0,-3.75113949104008
Table S5,1500.0,13.0,-3.45356127700933
Table S5,1500.0,14.0,-3.15716501498149
Table S5,1500.0,15.0,-2.8619111266634
Table S5,1500.0,16.0,-2.56776264326256
Table S5,1500.0,17.0,-2.2746849554825
Table S5,1500.0,18.0,-1.98264559435113
Table S5,1500.0,19.0,-1.6916140382899
Table S5,1500.0,20.0,-1.40156154262591
Table S5,1500.0,21.0,-1.11246098838749
Table S5,1500.0,22.0,-0.824286747741618
Table S5,1500.0,23.0,-0.537014563852135
Table S5,1500.0,24.0,-0.250621443283806
Table S5,1500.0,25.0,0.0349144406391515
Table S5,1500.0,26.0,0.319613834875478
Table S5,1500.0,27.0,0.603496485270032
Table S5,1500.0,28.0,0.886581207713709
Table S5,1500.0,29.0,1.16888595271868
Table S5,1500.0,30.0,1.45042786415176
Table S5,1500.0,31.0,1.73122333277042
Table S5,1500.0,32.0,2.01128804512296
Table S5,1500.0,33.0,2.29063702830298
Table S5,1500.0,34.0,2.56928469098775
Table S5,1500.0,35.0,2.84724486113772
Table S5,1500.0,36.0,3.12453082068953
Table S5,1500.0,37.0,3.401155337536
Table S5,1500.0,38.0,3.67713069505292
Table S5,1500.0,39.0,3.95246871940329
Table S5,1500.0,40.0,4.22718080482403
Table S5,1500.0,41.0,4.50127793707802
Table S5,1500.0,42.0,4.77477071523483
Table S5,1500.0,43.0,5.04766937192637
Table S5,1500.0,44.0,5.31998379220856
Table S5,1500.0,45.0,5.59172353114684
Table S5,1500.0,46.0,5.86289783023185
Table S5,1500.0,47.0,6.13351563272069
Table S5,1500.0,48.0,6.40358559799051
Table S5,1500.0,49.0,6.67311611498248
Table S5,1500.0,50.0,6.94211531480724
Table S5,1500.0,51.0,7.21059108257615
Table S5,1500.0,52.0,7.47855106851697
Table S5,1500.0,53.0,7.74600269842723
Table S5,1500.0,54.0,8.01295318351399
Table S5,1500.0,55.0,8.27940952966441
Table S5,1500.0,56.0,8.54537854618761
Table S5,1500.0,57.0,8.81086685406531
Table S5,1500.0,58.0,9.07588089374491
Table S5,1500.0,59.0,9.34042693250673
Table S5,1500.0,60.0,9.60451107143383
Table S5,1500.0,61.0,9.86813925201115
Table S5,1500.0,62.0,10.131317262378
Table S5,1500.0,63.0,10.3940507432571
Table S5,1500.0,64.0,10.6563451935795
Table S5,1500.0,65.0,10.9182059758262
Table S5,1500.0,66.0,11.1796383211034
Table S5,1500.0,67.0,11.4406473339676
Table S5,1500.0,68.0,11.701237997016
Table S5,1500.0,69.0,11.9614151752566
Table S5,1500.0,70.0,12.221183620271
Table S5,1500.0,71.0,12.4805479741814
Table S5,1500.0,72.0,12.739512773434
Table S5,1500.0,73.0,12.9980824524096
Table S5,1500.0,74.0,13.2562613468695
Table S5,1500.0,75.0,13.5140536972484
Table S5,1500.0,76.0,13.7714636518005
Table S5,1500.0,77.0,14.0284952696083
Table S5,1500.0,78.0,14.2851525234613
Table S5,1500.0,79.0,14.5414393026107
Table S5,1500.0,80.0,14.7973594154082
Table S5,1500.0,81.0,15.0529165918337
Table S5,1500.0,82.0,15.3081144859181
Table S5,1500.0,83.0,15.5629566780668
Table S5,1500.0,84.0,15.8174466772891
Table S5,1500.0,85.0,16.0715879233371
Table S5,1500.0,86.0,16.3253837887606
Table S5,1500.0,87.0,16.5788375808798
Table S5,1500.0,88.0,16.8319525436823
Table S5,1500.0,89.0,17.0847318596457
Table S5,1500.0,90.0,17.337178651491
Table S5,1500.0,91.0,17.5892959838698
Table S5,1500.0,92.0,17.8410868649875
Table S5,1500.0,93.0,18.0925542481668
Table S5,1500.0,94.0,18.3437010333534
Table S5,1500.0,95.0,18.5945300685665
Table S5,1500.0,96.0,18.8450441512973
Table S5,1500.0,97.0,19.0952460298572
Table S5,1500.0,98.0,19.3451384046781
Table S5,1500.0,99.0,19.5947239295672
Table S5,1500.0,100.0,19.8440052129174
Table S5,1600.0,0.0,-6.42444502912556
Table S5,1600.0,1.0,-6.12667068906483
Table S5,1600.0,2.0,-5.83088142673431
Table S5,1600.0,3.0,-5.53695920494531
Table S5,1600.0,4.0,-5.24479929308873
Table S5,1600.0,5.0,-4.95430815807564
Table S5,1600.0,6.0,-4.66540177365682
Table S5,1600.0,7.0,-4.37800425051589
Table S5,1600.0,8.0,-4.09204671527816
Table S5,1600.0,9.0,-3.80746638485031
Table S5,1600.0,10.0,-3.52420579564592
Table S5,1600.0,11.0,-3.24221215682055
Table S5,1600.0,12.0,-2.96143680369153
Table S5,1600.0,13.0,-2.68183473277384
Table S5,1600.0,14.0,-2.40336420382348
Table S5,1600.0,15.0,-2.12598639729426
Table S5,1600.0,16.0,-1.84966511792998
Table S5,1600.0,17.0,-1.57436653701013
Table S5,1600.0,18.0,-1.30005896717225
Table S5,1600.0,19.0,-1.0267126648412
Table S5,1600.0,20.0,-0.754299656175576
Table S5,1600.0,21.0,-0.482793583145042
Table S5,1600.0,22.0,-0.212169566919425
Table S5,1600.0,23.0,0.0575959137903447
Table S5,1600.0,24.0,0.326525131424599
Table S5,1600.0,25.0,0.594639206978597
Table S5,1600.0,26.0,0.86195819754219
Table S5,1600.0,27.0,1.1285011751903
Table S5,1600.0,28.0,1.3942862982643
Table S5,1600.0,29.0,1.65933087593815
Table S5,1600.0,30.0,1.92365142684035
Table S5,1600.0,31.0,2.18726373239919
Table S5,1600.0,32.0,2.45018288549088
Table S5,1600.0,33.0,2.71242333489583
Table S5,1600.0,34.0,2.97399892600426
Table S5,1600.0,35.0,3.23492293815816
Table S5,1600.0,36.0,3.49520811896961
Table S5,1600.0,37.0,3.75486671591516
Table S5,1600.0,38.0,4.01391050547106
Table S5,1600.0,39.0,4.27235082002387
Table S5,1600.0,40.0,4.53019857276467
Table S5,1600.0,41.0,4.78746428075229
Table S5,1600.0,42.0,5.04415808631067
Table S5,1600.0,43.0,5.30028977690819
Table S5,1600.0,44.0,5.55586880365115
Table S5,1600.0,45.0,5.81090429851026
Table S5,1600.0,46.0,6.06540509038659
Table S5,1600.0,47.0,6.31937972011342
Table S5,1600.0,48.0,6.57283645448044
Table S5,1600.0,49.0,6.82578329935891
Table S5,1600.0,50.0,7.07822801199853
Table S5,1600.0,51.0,7.33017811256065
Table S5,1600.0,52.0,7.58164089494596
Table S5,1600.0,53.0,7.83262343697009
Table S5,1600.0,54.0,8.08313260993538
Table S5,1600.0,55.0,8.33317508764311
Table S5,1600.0,56.0,8.58275735488642
Table S5,1600.0,57.0,8.83188571546103
Table S5,1600.0,58.0,9.0805662997273
Table S5,1600.0,59.0,9.32880507175489
Table S5,1600.0,60.0,9.57660783607836
Table S5,1600.0,61.0,9.82398024408986
Table S5,1600.0,62.0,10.070927800093
Table S5,1600.0,63.0,10.3174558670405
Table S5,1600.0,64.0,10.5635696719749
Table S5,1600.0,65.0,10.8092743111928
Table S5,1600.0,66.0,11.0545747551492
Table S5,1600.0,67.0,11.299475853118
Table S5,1600.0,68.0,11.5439823376239
Table S5,1600.0,69.0,11.7880988286598
Table S5,1600.0,70.0,12.0318298377023
Table S5,1600.0,71.0,12.275179771537
Table S5,1600.0,72.0,12.5181529359053
Table S5,1600.0,73.0,12.7607535389831
Table S5,1600.0,74.0,13.0029856946995
Table S5,1600.0,75.0,13.2448534259073
Table S5,1600.0,76.0,13.4863606674112
Table S5,1600.0,77.0,13.7275112688618
Table S5,1600.0,78.0,13.9683089975251
Table S5,1600.0,79.0,14.2087575409304
Table S5,1600.0,80.0,14.4488605094069
Table S5,1600.0,81.0,14.6886214385122
Table S5,1600.0,82.0,14.9280437913595
Table S5,1600.0,83.0,15.167130960849
Table S5,1600.0,84.0,15.4058862718075
Table S5,1600.0,85.0,15.6443129830418
Table S5,1600.0,86.0,15.8824142893095
Table S5,1600.0,87.0,16.1201933232116
Table S5,1600.0,88.0,16.3576531570111
Table S5,1600.0,89.0,16.5947968043806
Table S5,1600.0,90.0,16.8316272220828
Table S5,1600.0,91.0,17.0681473115863
Table S5,1600.0,92.0,17.3043599206217
Table S5,1600.0,93.0,17.5402678446779
Table S5,1600.0,94.0,17.7758738284442
Table S5,1600.0,95.0,18.0111805671987
Table S5,1600.0,96.0,18.2461907081469
Table S5,1600.0,97.0,18.4809068517111
Table S5,1600.0,98.0,18.7153315527747
Table S5,1600.0,99.0,18.9494673218823
Table S5,1600.0,100.0,19.1833166263969
Table S5,1700.0,0.0,-5.53538242418564
Table S5,1700.0,1.0,-5.25397541650308
Table S5,1700.0,2.0,-4.97451749781229
Table S5,1700.0,3.0,-4.69688730858652
Table S5,1700.0,4.0,-4.42097779461988
Table S5,1700.0,5.0,-4.14669384072086
Table S5,1700.0,6.0,-3.87395039348347
Table S5,1700.0,7.0,-3.60267095441584
Table S5,1700.0,8.0,-3.33278635725946
Table S5,1700.0,9.0,-3.06423376606912
Table S5,1700.0,10.0,-2.79695584673675
Table S5,1700.0,11.0,-2.53090007622122
Table S5,1700.0,12.0,-2.266018162176
Table S5,1700.0,13.0,-2.00226555188092
Table S5,1700.0,14.0,-1.73960101401878
Table S5,1700.0,15.0,-1.47798628033223
Table S5,1700.0,16.0,-1.21738573685862
Table S5,1700.0,17.0,-0.957766156488922
Table S5,1700.0,18.0,-0.69909646618663
Table S5,1700.0,19.0,-0.441347543447769
Table S5,1700.0,20.0,-0.184492037565399
Table S5,1700.0,21.0,0.0714957879562447
Table S5,1700.0,22.0,0.326640194867119
Table S5,1700.0,23.0,0.580964094040788
Table S5,1700.0,24.0,0.834489155862908
Table S5,1700.0,25.0,1.08723590891965
Table S5,1700.0,26.0,1.33922382849265
Table S5,1700.0,27.0,1.59047141614058
Table S5,1700.0,28.0,1.84099627145989
Table S5,1700.0,29.0,2.09081515696061
Table S5,1700.0,30.0,2.33994405686223
Table S5,1700.0,31.0,2.58839823050459
Table S5,1700.0,32.0,2.8361922609756
Table S5,1700.0,33.0,3.08334009947883
Table S5,1700.0,34.0,3.32985510589714
Table S5,1700.0,35.0,3.57575008595103
Table S5,1700.0,36.0,3.82103732530138
Table S5,1700.0,37.0,4.06572862090433
Table S5,1700.0,38.0,4.30983530988922
Table S5,1700.0,39.0,4.55336829619967
Table S5,1700.0,40.0,4.79633807520985
Table S5,1700.0,41.0,5.03875475650511
Table S5,1700.0,42.0,5.28062808499462
Table S5,1700.0,43.0,5.52196746050615
Table S5,1700.0,44.0,5.76278195599695
Table S5,1700.0,45.0,6.00308033450094
Table S5,1700.0,46.0,6.24287106491982
Table S5,1700.0,47.0,6.48216233675532
Table S5,1700.0,48.0,6.72096207386976
Table S5,1700.0,49.0,6.95927794735389
Table S5,1700.0,50.0,7.19711738757335
Table S5,1700.0,51.0,7.43448759545823
Table S5,1700.0,52.0,7.67139555309442
Table S5,1700.0,53.0,7.90784803366989
Table S5,1700.0,54.0,8.14385161082447
Table S5,1700.0,55.0,8.37941266744708
Table S5,1700.0,56.0,8.61453740396087
Table S5,1700.0,57.0,8.84923184613288
Table S5,1700.0,58.0,9.08350185244208
Table S5,1700.0,59.0,9.31735312103656
Table S5,1700.0,60.0,9.55079119630807
Table S5,1700.0,61.0,9.78382147511008
Table S5,1700.0,62.0,10.0164492126431
Table S5,1700.0,63.0,10.2486795280295
Table S5,1700.0,64.0,10.4805174095978
Table S5,1700.0,65.0,10.7119677198949
Table S5,1700.0,66.0,10.9430352004449
Table S5,1700.0,67.0,11.1737244762686
Table S5,1700.0,68.0,11.4040400601796
Table S5,1700.0,69.0,11.6339863568707
Table S5,1700.0,70.0,11.8635676668028
Table S5,1700.0,71.0,12.0927881899081
Table S5,1700.0,72.0,12.32165202912
Table S5,1700.0,73.0,12.5501631937369
Table S5,1700.0,74.0,12.7783256026327
Table S5,1700.0,75.0,13.0061430873203
Table S5,1700.0,76.0,13.2336193948783
Table S5,1700.0,77.0,13.4607581907464
Table S5,1700.0,78.0,13.6875630613991
Table S5,1700.0,79.0,13.9140375169023
Table S5,1700.0,80.0,14.1401849933605
Table S5,1700.0,81.0,14.3660088552595
Table S5,1700.0,82.0,14.591512397711
Table S5,1700.0,83.0,14.8166988486033
Table S5,1700.0,84.0,15.0415713706636
Table S5,1700.0,85.0,15.2661330634363
Table S5,1700.0,86.0,15.4903869651814
Table S5,1700.0,87.0,15.714336054697
Table S5,1700.0,88.0,15.9379832530697
Table S5,1700.0,89.0,16.1613314253568
Table S5,1700.0,90.0,16.3843833822033
Table S5,1700.0,91.0,16.6071418813961
Table S5,1700.0,92.0,16.8296096293601
Table S5,1700.0,93.0,17.0517892825974
Table S5,1700.0,94.0,17.2736834490731
Table S5,1700.0,95.0,17.4952946895497
Table S5,1700.0,96.0,17.7166255188732
Table S5,1700.0,97.0,17.9376784072115
Table S5,1700.0,98.0,18.1584557812498
Table S5,1700.0,99.0,18.3789600253419
Table S5,1700.0,100.0,18.5991934826225
Table S5,1800.0,0.0,-4.74663119094825
Table S5,1800.0,1.0,-4.47972168107884
Table S5,1800.0,2.0,-4.21473693150174
Table S5,1800.0,3.0,-3.95155114512738
Table S5,1800.0,4.0,-3.69005406332291
Table S5,1800.0,5.0,-3.43014827840335
Table S5,1800.0,6.0,-3.17174712578608
Table S5,1800.0,7.0,-2.91477300921108
Table S5,1800.0,8.0,-2.65915605425409
Table S5,1800.0,9.0,-2.4048330140746
Table S5,1800.0,10.0,-2.15174637137447
Table S5,1800.0,11.0,-1.89984359473606
Table S5,1800.0,12.0,-1.64907651770903
Table S5,1800.0,13.0,-1.3994008164452
Table S5,1800.0,14.0,-1.15077556716314
Table S5,1800.0,15.0,-0.903162868816781
Table S5,1800.0,16.0,-0.656527519431768
Table S5,1800.0,17.0,-0.410836736930667
Table S5,1800.0,18.0,-0.166059917082965
Table S5,1800.0,19.0,0.0778315773725806
Table S5,1800.0,20.0,0.320864601279654
Table S5,1800.0,21.0,0.563064389262173
Table S5,1800.0,22.0,0.804454698844125
Table S5,1800.0,23.0,1.04505793720924
Table S5,1800.0,24.0,1.28489527386779
Table S5,1800.0,25.0,1.5239867411317
Table S5,1800.0,26.0,1.76235132400053
Table S5,1800.0,27.0,2.00000704081466
Table S5,1800.0,28.0,2.23697101582981
Table S5,1800.0,29.0,2.47325954469783
Table S5,1800.0,30.0,2.70888815369894
Table S5,1800.0,31.0,2.94387165345223
Table S5,1800.0,32.0,3.17822418773282
Table S5,1800.0,33.0,3.41195927793977
Table S5,1800.0,34.0,3.64508986368844
Table S5,1800.0,35.0,3.87762833994013
Table S5,1800.0,36.0,4.1095865910303
Table S5,1800.0,37.0,4.34097602191273
Table S5,1800.0,38.0,4.57180758689831
Table S5,1800.0,39.0,4.80209181613479
Table S5,1800.0,40.0,5.03183884004528
Table S5,1800.0,41.0,5.26105841191829
Table S5,1800.0,42.0,5.48975992882116
Table S5,1800.0,43.0,5.71795245098947
Table S5,1800.0,44.0,5.94564471982897
Table S5,1800.0,45.0,6.17284517465205
Table S5,1800.0,46.0,6.399561968258
Table S5,1800.0,47.0,6.62580298145548
Table S5,1800.0,48.0,6.8515758366154
Table S5,1800.0,49.0,7.0768879103341
Table S5,1800.0,50.0,7.30174634527846
Table S5,1800.0,51.0,7.52615806127839
Table S5,1800.0,52.0,7.75012976572531
Table S5,1800.0,53.0,7.97366796333041
Table S5,1800.0,54.0,8.1967789652911
Table S5,1800.0,55.0,8.41946889791002
Table S5,1800.0,56.0,8.64174371070701
Table S5,1800.0,57.0,8.86360918406067
Table S5,1800.0,58.0,9.08507093641339
Table S5,1800.0,59.0,9.30613443107057
Table S5,1800.0,60.0,9.52680498262221
Table S5,1800.0,61.0,9.7470877630129
Table S5,1800.0,62.0,9.966987807283889
Table S5,1800.0,63.0,10.1865100190092
Table S5,1800.0,64.0,10.4056591754462
Table S5,1800.0,65.0,10.6244399324185
Table S5,1800.0,66.0,10.8428568289488
Table S5,1800.0,67.0,11.0609142916584
Table S5,1800.0,68.0,11.278616638946
Table S5,1800.0,69.0,11.495968084961
Table S5,1800.0,70.0,11.7129727433838
Table S5,1800.0,71.0,11.9296346310235
Table S5,1800.0,72.0,12.1459576712456
Table S5,1800.0,73.0,12.3619456972378
Table S5,1800.0,74.0,12.5776024551254
Table S5,1800.0,75.0,12.7929316069431
Table S5,1800.0,76.0,13.0079367334724
Table S5,1800.0,77.0,13.222621336952
Table S5,1800.0,78.0,13.436988843668
Table S5,1800.0,79.0,13.6510426064306
Table S5,1800.0,80.0,13.8647859069439
Table S5,1800.0,81.0,14.0782219580736
Table S5,1800.0,82.0,14.2913539060189
Table S5,1800.0,83.0,14.5041848323935
Table S5,1800.0,84.0,14.7167177562201
Table S5,1800.0,85.0,14.9289556358428
Table S5,1800.0,86.0,15.1409013707622
Table S5,1800.0,87.0,15.3525578033967
Table S5,1800.0,88.0,15.563927720773
Table S5,1800.0,89.0,15.7750138561514
Table S5,1800.0,90.0,15.9858188905858
Table S5,1800.0,91.0,16.1963454544255
Table S5,1800.0,92.0,16.4065961287579
Table S5,1800.0,93.0,16.6165734467974
Table S5,1800.0,94.0,16.826279895222
Table S5,1800.0,95.0,17.0357179154603
Table S5,1800.0,96.0,17.244889904931
Table S5,1800.0,97.0,17.4537982182373
Table S5,1800.0,98.0,17.6624451683181
Table S5,1800.0,99.0,17.8708330275579
Table S5,1800.0,100.0,18.0789640288578
Table S5,1900.0,0.0,-4.0422952070685
Table S5,1900.0,1.0,-3.78830333691436
Table S5,1900.0,2.0,-3.53622293106882
Table S5,1900.0,3.0,-3.28592250104303
Table S5,1900.0,4.0,-3.03728761926977
Table S5,1900.0,5.0,-2.79021782677147
Table S5,1900.0,6.0,-2.54462423832425
Table S5,1900.0,7.0,-2.30042766096958
Table S5,1900.0,8.0,-2.05755709649677
Table S5,1900.0,9.0,-1.81594853541142
Table S5,1900.0,10.0,-1.57554397520366
Table S5,1900.0,11.0,-1.33629061337508
Table S5,1900.0,12.0,-1.09814017818633
Table S5,1900.0,13.0,-0.861048369079131
Table S5,1900.0,14.0,-0.624974385282977
Table S5,1900.0,15.0,-0.389880525960182
Table S5,1900.0,16.0,-0.155731848862856
Table S5,1900.0,17.0,0.0775041227872064
Table S5,1900.0,18.0,0.309857653394265
Table S5,1900.0,19.0,0.541357014645734
Table S5,1900.0,20.0,0.772028677061097
Table S5,1900.0,21.0,1.0018974777777
Table S5,1900.0,22.0,1.23098676813868
Table S5,1900.0,23.0,1.45931854402667
Table S5,1900.0,24.0,1.68691356138809
Table S5,1900.0,25.0,1.91379143898916
Table S5,1900.0,26.0,2.13997075011755
Table S5,1900.0,27.0,2.36546910467463
Table S5,1900.0,28.0,2.59030322288345
Table S5,1900.0,29.0,2.81448900165477
Table S5,1900.0,30.0,3.03804157450213
Table S5,1900.0,31.0,3.26097536577064
Table S5,1900.0,32.0,3.48330413983771
Table S5,1900.0,33.0,3.70504104585523
Table S5,1900.0,34.0,3.9261986585266
Table S5,1900.0,35.0,4.1467890153484
Table S5,1900.0,36.0,4.36682365069159
Table S5,1900.0,37.0,4.58631362705053
Table S5,1900.0,38.0,4.80526956374825
Table S5,1900.0,39.0,5.02370166335143
Table S5,1900.0,40.0,5.24161973601946
Table S5,1900.0,41.0,5.45903322198558
Table S5,1900.0,42.0,5.67595121234603
Table S5,1900.0,43.0,5.89238246831363
Table S5,1900.0,44.0,6.10833543907513
Table S5,1900.0,45.0,6.32381827837664
Table S5,1900.0,46.0,6.53883885994879
Table S5,1900.0,47.0,6.75340479187123
Table S5,1900.0,48.0,6.96752342996634
Table S5,1900.0,49.0,7.1812018903029
Table S5,1900.0,50.0,7.39444706088262
Table S5,1900.0,51.0,7.6072656125752
Table S5,1900.0,52.0,7.81966400936156
Table S5,1900.0,53.0,8.03164851793925
Table S5,1900.0,54.0,8.24322521673892
Table S5,1900.0,55.0,8.45440000439646
Table S5,1900.0,56.0,8.66517860772131
Table S5,1900.0,57.0,8.87556658919811
Table S5,1900.0,58.0,9.08556935405515
Table S5,1900.0,59.0,9.29519215693075
Table S5,1900.0,60.0,9.50444010816578
Table S5,1900.0,61.0,9.71331817974819
Table S5,1900.0,62.0,9.92183121093331
Table S5,1900.0,63.0,10.1299839135619
Table S5,1900.0,64.0,10.3377808770962
Table S5,1900.0,65.0,10.5452265733917
Table S5,1900.0,66.0,10.752325361223
Table S5,1900.0,67.0,10.9590814905787
Table S5,1900.0,68.0,11.1654991067394
Table S5,1900.0,69.0,11.3715822541543
Table S5,1900.0,70.0,11.5773348801258
Table S5,1900.0,71.0,11.782760838317
Table S5,1900.0,72.0,11.9878638920904
Table S5,1900.0,73.0,12.1926477176885
Table S5,1900.0,74.0,12.3971159072661
Table S5,1900.0,75.0,12.6012719717826
Table S5,1900.0,76.0,12.8051193437615
Table S5,1900.0,77.0,13.0086613799261
Table S5,1900.0,78.0,13.2119013637172
Table S5,1900.0,79.0,13.4148425076997
Table S5,1900.0,80.0,13.6174879558646
Table S5,1900.0,81.0,13.8198407858306
Table S5,1900.0,82.0,14.0219040109532
Table S5,1900.0,83.0,14.2236805823435
Table S5,1900.0,84.0,14.4251733908035
Table S5,1900.0,85.0,14.6263852686806
Table S5,1900.0,86.0,14.8273189916472
Table S5,1900.0,87.0,15.0279772804074
Table S5,1900.0,88.0,15.228362802336
Table S5,1900.0,89.0,15.4284781730518
Table S5,1900.0,90.0,15.6283259579299
Table S5,1900.0,91.0,15.8279086735546
Table S5,1900.0,92.0,16.0272287891167
Table S5,1900.0,93.0,16.2262887277574
Table S5,1900.0,94.0,16.4250908678616
Table S5,1900.0,95.0,16.6236375443027
Table S5,1900.0,96.0,16.8219310496413
Table S5,1900.0,97.0,17.0199736352804
Table S5,1900.0,98.0,17.2177675125778
Table S5,1900.0,99.0,17.4153148539189
Table S5,1900.0,100.0,17.6126177937516
Table S5,2000.0,0.0,-3.40966613431297
Table S5,2000.0,1.0,-3.16724305240786
Table S5,2000.0,2.0,-2.92672895226459
Table S5,2000.0,3.0,-2.68798519930897
Table S5,2000.0,4.0,-2.45089210673702
Table S5,2000.0,5.0,-2.21534532741303
Table S5,2000.0,6.0,-1.98125309884822
Table S5,2000.0,7.0,-1.74853410561019
Table S5,2000.0,8.0,-1.51711579674061
Table S5,2000.0,9.0,-1.28693304403858
Table S5,2000.0,10.0,-1.05792705954741
Table S5,2000.0,11.0,-0.830044512849753
Table S5,2000.0,12.0,-0.603236804311819
Table S5,2000.0,13.0,-0.377459461434708
Table S5,2000.0,14.0,-0.152671633403304
Table S5,2000.0,15.0,0.0711643352845867
Table S5,2000.0,16.0,0.294083266941798
Table S5,2000.0,17.0,0.516117460193034
Table S5,2000.0,18.0,0.737296956049972
Table S5,2000.0,19.0,0.957649767898194
Table S5,2000.0,20.0,1.17720208129851
Table S5,2000.0,21.0,1.39597842838627
Table S5,2000.0,22.0,1.61400184077268
Table S5,2000.0,23.0,1.8312939841553
Table S5,2000.0,24.0,2.0478752772885
Table S5,2000.0,25.0,2.2637649975177
Table S5,2000.0,26.0,2.47898137471959
Table S5,2000.0,27.0,2.69354167519576
Table S5,2000.0,28.0,2.90746227682672
Table S5,2000.0,29.0,3.12075873659428
Table S5,2000.0,30.0,3.33344585141638
Table S5,2000.0,31.0,3.54553771310196
Table S5,2000.0,32.0,3.75704775811913
Table S5,2000.0,33.0,3.96798881277436
Table S5,2000.0,34.0,4.17837313431964
Table S5,2000.0,35.0,4.38821244843638
Table S5,2000.0,36.0,4.59751798348662
Table S5,2000.0,37.0,4.80630050187293
Table S5,2000.0,38.0,5.01457032880587
Table S5,2000.0,39.0,5.2223373787417
Table S5,2000.0,40.0,5.42961117972166
Table S5,2000.0,41.0,5.63640089581718
Table S5,2000.0,42.0,5.8427153478619
Table S5,2000.0,43.0,6.04856303263122
Table S5,2000.0,44.0,6.25395214061196
Table S5,2000.0,45.0,6.45889057248984
Table S5,2000.0,46.0,6.6633859544683
Table S5,2000.0,47.0,6.86744565252073
Table S5,2000.0,48.0,7.07107678566742
Table S5,2000.0,49.0,7.27428623835943
Table S5,2000.0,50.0,7.47708067204347
Table S5,2000.0,51.0,7.67946653597438
Table S5,2000.0,52.0,7.8814500773356
Table S5,2000.0,53.0,8.08303735072237
Table S5,2000.0,54.0,8.28423422703699
Table S5,2000.0,55.0,8.48504640184117
Table S5,2000.0,56.0,8.68547940320647
Table S5,2000.0,57.0,8.88553859909993
Table S5,2000.0,58.0,9.08522920433896
Table S5,2000.0,59.0,9.28455628714655
Table S5,2000.0,60.0,9.4835247753351
Table S5,2000.0,61.0,9.68213946214498
Table S5,2000.0,62.0,9.88040501176156
Table S5,2000.0,63.0,10.0783259645327
Table S5,2000.0,64.0,10.2759067419068
Table S5,2000.0,65.0,10.4731516511098
Table S5,2000.0,66.0,10.6700648895785
Table S5,2000.0,67.0,10.8666505491657
Table S5,2000.0,68.0,11.0629126201315
Table S5,2000.0,69.0,11.2588549949349
Table S5,2000.0,70.0,11.4544814718372
Table S5,2000.0,71.0,11.6497957583298
Table S5,2000.0,72.0,11.8448014743958
Table S5,2000.0,73.0,12.0395021556167
Table S5,2000.0,74.0,12.2339012561319
Table S5,2000.0,75.0,12.4280021514609
Table S5,2000.0,76.0,12.621808141196
Table S5,2000.0,77.0,12.815322451571
Table S5,2000.0,78.0,13.0085482379166
Table S5,2000.0,79.0,13.2014885870044
Table S5,2000.0,80.0,13.3941465192896
Table S5,2000.0,81.0,13.586524991055
Table S5,2000.0,82.0,13.778626896464
Table S5,2000.0,83.0,13.9704550695248
Table S5,2000.0,84.0,14.1620122859735
Table S5,2000.0,85.0,14.3533012650778
Table S5,2000.0,86.0,14.5443246713669
Table S5,2000.0,87.0,14.7350851162906
Table S5,2000.0,88.0,14.9255851598118
Table S5,2000.0,89.0,15.1158273119351
Table S5,2000.0,90.0,15.3058140341754
Table S5,2000.0,91.0,15.4955477409685
Table S5,2000.0,92.0,15.6850308010277
Table S5,2000.0,93.0,15.8742655386479
Table S5,2000.0,94.0,16.0632542349602
Table S5,2000.0,95.0,16.2519991291395
Table S5,2000.0,96.0,16.4405024195672
Table S5,2000.0,97.0,16.6287662649506
Table S5,2000.0,98.0,16.8167927854018
Table S5,2000.0,99.0,17.004584063477
Table S5,2000.0,100.0,17.1921421451794
Table S5,2100.0,0.0,-2.83846319731912
Table S5,2100.0,1.0,-2.60644591895532
Table S5,2100.0,2.0,-2.37634611962499
Table S5,2100.0,3.0,-2.14801628794301
Table S5,2100.0,4.0,-1.92133021298899
Table S5,2100.0,5.0,-1.69617871159187
Table S5,2100.0,6.0,-1.47246641708135
Table S5,2100.0,7.0,-1.2501093220611
Table S5,2100.0,8.0,-1.02903286776685
Table S5,2100.0,9.0,-0.809170436960885
Table S5,2100.0,10.0,-0.590462149724782
Table S5,2100.0,11.0,-0.372853890042868
Table S5,2100.0,12.0,-0.156296510640648
Table S5,2100.0,13.0,0.059254822786829
Table S5,2100.0,14.0,0.273841177112973
Table S5,2100.0,15.0,0.487500309238721
Table S5,2100.0,16.0,0.700267052506186
Table S5,2100.0,17.0,0.912173645305494
Table S5,2100.0,18.0,1.12325001226719
Table S5,2100.0,19.0,1.33352400627401
Table S5,2100.0,20.0,1.54302161787156
Table S5,2100.0,21.0,1.75176715737779
Table S5,2100.0,22.0,1.95978341399189
Table S5,2100.0,23.0,2.1670917954169
Table S5,2100.0,24.0,2.37371245088627
Table S5,2100.0,25.0,2.57966437998604
Table S5,2100.0,26.0,2.78496552926287
Table S5,2100.0,27.0,2.98963287828337
Table S5,2100.0,28.0,3.19368251654524
Table S5,2100.0,29.0,3.39712971242361
Table S5,2100.0,30.0,3.59998897515729
Table S5,2100.0,31.0,3.8022741107314
Table S5,2100.0,32.0,4.00399827238956
Table S5,2100.0,33.0,4.20517400640572
Table S5,2100.0,34.0,4.40581329365921
Table S5,2100.0,35.0,4.60592758748326
Table S5,2100.0,36.0,4.80552784819588
Table S5,2100.0,37.0,5.00462457466878
Table S5,2100.0,38.0,5.20322783324583
Table S5,2100.0,39.0,5.40134728428354
Table S5,2100.0,40.0,5.59899220655354
Table S5,2100.0,41.0,5.79617151971817
Table S5,2100.0,42.0,5.99289380506623
Table S5,2100.0,43.0,6.18916732467399
Table S5,2100.0,44.0,6.38500003913871
Table S5,2100.0,45.0,6.58039962401512
Table S5,2100.0,46.0,6.77537348507188
Table S5,2100.0,47.0,6.96992877247189
Table S5,2100.0,48.0,7.16407239397019
Table S5,2100.0,49.0,7.35781102721312
Table S5,2100.0,50.0,7.55115113121416
Table S5,2100.0,51.0,7.7440989570744
Table S5,2100.0,52.0,7.9366605580089296
Table S5,2100.0,53.0,8.12884179873458
Table S5,2100.0,54.0,8.32064836426915
Table S5,2100.0,55.0,8.51208576818779
Table S5,2100.0,56.0,8.70315936037769
Table S5,2100.0,57.0,8.89387433432897
Table S5,2100.0,58.0,9.08423573399573
Table S5,2100.0,59.0,9.27424846025891
Table S5,2100.0,60.0,9.4639172770193
Table S5,2100.0,61.0,9.65324681694687
Table S5,2100.0,62.0,9.84224158691062
Table S5,2100.0,63.0,10.0309059731105
Table S5,2100.0,64.0,10.2192442459325
Table S5,2100.0,65.0,10.4072605645435
Table S5,2100.0,66.0,10.5949589812461
Table S5,2100.0,67.0,10.782343445606
Table S5,2100.0,68.0,10.9694178083685
Table S5,2100.0,69.0,11.1561858251764
Table S5,2100.0,70.0,11.3426511601034
Table S5,2100.0,71.0,11.5288173890117
Table S5,2100.0,72.0,11.7146880027474
Table S5,2100.0,73.0,11.9002664101815
Table S5,2100.0,74.0,12.0855559411068
Table S5,2100.0,75.0,12.2705598489984
Table S5,2100.0,76.0,12.4552813136467
Table S5,2100.0,77.0,12.6397234436694
Table S5,2100.0,78.0,12.8238892789096
Table S5,2100.0,79.0,13.0077817927264
Table S5,2100.0,80.0,13.1914038941848
Table S5,2100.0,81.0,13.3747584301486
Table S5,2100.0,82.0,13.5578481872836
Table S5,2100.0,83.0,13.7406758939744
Table S5,2100.0,84.0,13.9232442221606
Table S5,2100.0,85.0,14.1055557890952
Table S5,2100.0,86.0,14.287613159031
Table S5,2100.0,87.0,14.4694188448373
Table S5,2100.0,88.0,14.6509753095511
Table S5,2100.0,89.0,14.8322849678656
Table S5,2100.0,90.0,15.0133501875602
Table S5,2100.0,91.0,15.1941732908739
Table S5,2100.0,92.0,15.3747565558246
Table S5,2100.0,93.0,15.5551022174784
Table S5,2100.0,94.0,15.73521246917
Table S5,2100.0,95.0,15.9150894636764
Table S5,2100.0,96.0,16.0947353143478
Table S5,2100.0,97.0,16.2741520961952
Table S5,2100.0,98.0,16.4533418469389
Table S5,2100.0,99.0,16.6323065680186
Table S5,2100.0,100.0,16.8110482255666
Table S5,2200.0,0.0,-2.32028051862098
Table S5,2200.0,1.0,-2.09765670020336
Table S5,2200.0,2.0,-1.87697043228417
Table S5,2200.0,3.0,-1.65806321075466
Table S5,2200.0,4.0,-1.44080079352687
Table S5,2200.0,5.0,-1.22506805907091
Table S5,2200.0,6.0,-1.01076521039198
Table S5,2200.0,7.0,-0.797804914951254
Table S5,2200.0,8.0,-0.586110110734813
Table S5,2200.0,9.0,-0.375612296271074
Table S5,2200.0,10.0,-0.16625017876138
Table S5,2200.0,11.0,0.0420314083713049
Table S5,2200.0,12.0,0.249282382197861
Table S5,2200.0,13.0,0.455548127759392
Table S5,2200.0,14.0,0.660870090775499
Table S5,2200.0,15.0,0.865286271497928
Table S5,2200.0,16.0,1.06883163943925
Table S5,2200.0,17.0,1.27153848417418
Table S5,2200.0,18.0,1.47343671404605
Table S5,2200.0,19.0,1.67455411208281
Table S5,2200.0,20.0,1.8749165565056
Table S5,2200.0,21.0,2.07454821173846
Table S5,2200.0,22.0,2.27347169468518
Table S5,2200.0,23.0,2.47170822014579
Table S5,2200.0,24.0,2.66927772854093
Table S5,2200.0,25.0,2.86619899855295
Table S5,2200.0,26.0,3.0624897468448
Table S5,2200.0,27.0,3.25816671665715
Table S5,2200.0,28.0,3.45324575679168
Table S5,2200.0,29.0,3.64774189224982
Table S5,2200.0,30.0,3.84166938760069
Table S5,2200.0,31.0,4.03504180399038
Table S5,2200.0,32.0,4.22787205057083
Table S5,2200.0,33.0,4.42017243101527
Table S5,2200.0,34.0,4.61195468569357
Table S5,2200.0,35.0,4.80323003000268
Table S5,2200.0,36.0,4.99400918928088
Table S5,2200.0,37.0,5.18430243067863
Table S5,2200.0,38.0,5.3741195923109
Table S5,2200.0,39.0,5.56347010997524
Table S5,2200.0,40.0,5.75236304168486
Table S5,2200.0,41.0,5.94080709023593
Table S5,2200.0,42.0,6.12881062400258
Table S5,2200.0,43.0,6.31638169613042
Table S5,2200.0,44.0,6.50352806228031
Table S5,2200.0,45.0,6.69025719705685
Table S5,2200.0,46.0,6.87657630924171
Table S5,2200.0,47.0,7.06249235593862
Table S5,2200.0,48.0,7.24801205572586
Table S5,2200.0,49.0,7.43314190090204
Table S5,2200.0,50.0,7.61788816890207
Table S5,2200.0,51.0,7.80225693295277
Table S5,2200.0,52.0,7.98625407203048
Table S5,2200.0,53.0,8.16988528017716
Table S5,2200.0,54.0,8.35315607522587
Table S5,2200.0,55.0,8.53607180698192
Table S5,2200.0,56.0,8.71863766490162
Table S5,2200.0,57.0,8.90085868530676
Table S5,2200.0,58.0,9.08273975816945
Table S5,2200.0,59.0,9.26428563349896
Table S5,2200.0,60.0,9.44550092735947
Table S5,2200.0,61.0,9.62639012754505
Table S5,2200.0,62.0,9.80695759893609
Table S5,2200.0,63.0,9.98720758855923
Table S5,2200.0,64.0,10.1671442303711
Table S5,2200.0,65.0,10.3467715497848
Table S5,2200.0,66.0,10.5260934679557
Table S5,2200.0,67.0,10.7051138058428
Table S5,2200.0,68.0,10.8838362880605
Table S5,2200.0,69.0,11.0622645465335
Table S5,2200.0,70.0,11.2404021239676
Table S5,2200.0,71.0,11.4182524771481
Table S5,2200.0,72.0,11.5958189800765
Table S5,2200.0,73.0,11.7731049269543
Table S5,2200.0,74.0,11.9501135350246
Table S5,2200.0,75.0,12.1268479472793
Table S5,2200.0,76.0,12.3033112350393
Table S5,2200.0,77.0,12.4795064004156
Table S5,2200.0,78.0,12.6554363786582
Table S5,2200.0,79.0,12.8311040403994
Table S5,2200.0,80.0,13.0065121937957
Table S5,2200.0,81.0,13.1816635865769
Table S5,2200.0,82.0,13.3565609080046
Table S5,2200.0,83.0,13.5312067907468
Table S5,2200.0,84.0,13.7056038126723
Table S5,2200.0,85.0,13.8797544985698
Table S5,2200.0,86.0,14.0536613217942
Table S5,2200.0,87.0,14.2273267058465
Table S5,2200.0,88.0,14.4007530258875
Table S5,2200.0,89.0,14.5739426101913
Table S5,2200.0,90.0,14.7468977415404
Table S5,2200.0,91.0,14.9196206585653
Table S5,2200.0,92.0,15.0921135570318
Table S5,2200.0,93.0,15.2643785910781
Table S5,2200.0,94.0,15.4364178744045
Table S5,2200.0,95.0,15.6082334814177
Table S5,2200.0,96.0,15.7798274483322
Table S5,2200.0,97.0,15.9512017742299
Table S5,2200.0,98.0,16.1223584220817
Table S5,2200.0,99.0,16.29329931973
Table S5,2200.0,100.0,16.4640263608373
Table S5,2300.0,0.0,-1.84817879200655
Table S5,2300.0,1.0,-1.6340586944643
Table S5,2300.0,2.0,-1.42190890928973
Table S5,2300.0,3.0,-1.21155727498489
Table S5,2300.0,4.0,-1.00285967249289
Table S5,2300.0,5.0,-0.795693725992214
Table S5,2300.0,6.0,-0.589954245242272
Table S5,2300.0,7.0,-0.385549851012894
Table S5,2300.0,8.0,-0.182400425412646
Table S5,2300.0,9.0,0.0195648491701367
Table S5,2300.0,10.0,0.220409022384719
Table S5,2300.0,11.0,0.420188590156233
Table S5,2300.0,12.0,0.618954469033225
Table S5,2300.0,13.0,0.816752786920037
Table S5,2300.0,14.0,1.01362553138114
Table S5,2300.0,15.0,1.20961108612214
Table S5,2300.0,16.0,1.40474467870441
Table S5,2300.0,17.0,1.5990587570842
Table S5,2300.0,18.0,1.79258330855227
Table S5,2300.0,19.0,1.985346131663
Table S5,2300.0,20.0,2.17737306949359
Table S5,2300.0,21.0,2.36868821086189
Table S5,2300.0,22.0,2.55931406481592
Table S5,2300.0,23.0,2.74927171268603
Table S5,2300.0,24.0,2.93858094119152
Table S5,2300.0,25.0,3.12726035946148
Table S5,2300.0,26.0,3.31532750232792
Table S5,2300.0,27.0,3.50279892184633
Table S5,2300.0,28.0,3.68969026867457
Table S5,2300.0,29.0,3.87601636467726
Table S5,2300.0,30.0,4.06179126790766
Table S5,2300.0,31.0,4.24702833094243
Table S5,2300.0,32.0,4.43174025339857
Table S5,2300.0,33.0,4.61593912934082
Table S5,2300.0,34.0,4.79963649018687
Table S5,2300.0,35.0,4.98284334363303
Table S5,2300.0,36.0,5.16557020905194
Table S5,2300.0,37.0,5.34782714975383
Table S5,2300.0,38.0,5.52962380245158
Table S5,2300.0,39.0,5.71096940422685
Table S5,2300.0,40.0,5.8918728172571
Table S5,2300.0,41.0,6.07234255153162
Table S5,2300.0,42.0,6.25238678575747
Table S5,2300.0,43.0,6.43201338663253
Table S5,2300.0,44.0,6.61122992664223
Table S5,2300.0,45.0,6.79004370051929
Table S5,2300.0,46.0,6.96846174048987
Table S5,2300.0,47.0,7.14649083041627
Table S5,2300.0,48.0,7.32413751893462
Table S5,2300.0,49.0,7.50140813167541
Table S5,2300.0,50.0,7.6783087826459
Table S5,2300.0,51.0,7.85484538484518
Table S5,2300.0,52.0,8.03102366017574
Table S5,2300.0,53.0,8.20684914870899
Table S5,2300.0,54.0,8.38232721735692
Table S5,2300.0,55.0,8.55746306799653
Table S5,2300.0,56.0,8.73226174509011
Table S5,2300.0,57.0,8.90672814283963
Table S5,2300.0,58.0,9.08086701191079
Table S5,2300.0,59.0,9.25468296575841
Table S5,2300.0,60.0,9.42818048658266
Table S5,2300.0,61.0,9.60136393094259
Table S5,2300.0,62.0,9.7742375350515
Table S5,2300.0,63.0,9.94680541977631
Table S5,2300.0,64.0,10.1190715953616
Table S5,2300.0,65.0,10.291039965897
Table S5,2300.0,66.0,10.4627143335452
Table S5,2300.0,67.0,10.6340984025462
Table S5,2300.0,68.0,10.8051957830132
Table S5,2300.0,69.0,10.9760099945331
Table S5,2300.0,70.0,11.1465444695835
Table S5,2300.0,71.0,11.316802556779
Table S5,2300.0,72.0,11.4867875239568
Table S5,2300.0,73.0,11.6565025611107
Table S5,2300.0,74.0,11.8259507831847
Table S5,2300.0,75.0,11.9951352327319
Table S5,2300.0,76.0,12.1640588824494
Table S5,2300.0,77.0,12.3327246375946
Table S5,2300.0,78.0,12.5011353382902
Table S5,2300.0,79.0,12.6692937617249
Table S5,2300.0,80.0,12.8372026242546
Table S5,2300.0,81.0,13.004864583411
Table S5,2300.0,82.0,13.172282239821
Table S5,2300.0,83.0,13.3394581390439
Table S5,2300.0,84.0,13.5063947733284
Table S5,2300.0,85.0,13.673094583296
Table S5,2300.0,86.0,13.8395599595531
Table S5,2300.0,87.0,14.0057932442361
Table S5,2300.0,88.0,14.1717967324932
Table S5,2300.0,89.0,14.3375726739056
Table S5,2300.0,90.0,14.5031232738516
Table S5,2300.0,91.0,14.6684506948161
Table S5,2300.0,92.0,14.8335570576488
Table S5,2300.0,93.0,14.9984444427726
Table S5,2300.0,94.0,15.163114891346
Table S5,2300.0,95.0,15.3275704063805
Table S5,2300.0,96.0,15.4918129538157
Table S5,2300.0,97.0,15.6558444635539
Table S5,2300.0,98.0,15.8196668304565
Table S5,2300.0,99.0,15.9832819153036
Table S5,2300.0,100.0,16.1466915457183
Table S5,2400.0,0.0,-1.41637916110742
Table S5,2400.0,1.0,-1.20997294332488
Table S5,2400.0,2.0,-1.00558422369956
Table S5,2400.0,3.0,-0.803023753990133
Table S5,2400.0,4.0,-0.602135229854417
Table S5,2400.0,5.0,-0.402787417752487
Table S5,2400.0,6.0,-0.204868588731154
Table S5,2400.0,7.0,-0.00828247761011713
Table S5,2400.0,8.0,0.187054718626457
Table S5,2400.0,9.0,0.381216615639575
Table S5,2400.0,10.0,0.574268396341047
Table S5,2400.0,11.0,0.766268185464455
Table S5,2400.0,12.0,0.957268141404474
Table S5,2400.0,13.0,1.14731533426853
Table S5,2400.0,14.0,1.33645245989775
Table S5,2400.0,15.0,1.52471842636704
Table S5,2400.0,16.0,1.71214884015887
Table S5,2400.0,17.0,1.89877641254459
Table S5,2400.0,18.0,2.08463130187183
Table S5,2400.0,19.0,2.26974140389715
Table S5,2400.0,20.0,2.4541325996496
Table S5,2400.0,21.0,2.63782896830892
Table S5,2400.0,22.0,2.82085297105609
Table S5,2400.0,23.0,3.00322561067797
Table S5,2400.0,24.0,3.1849665707939
Table S5,2400.0,25.0,3.36609433785559
Table S5,2400.0,26.0,3.5466263085047
Table S5,2400.0,27.0,3.72657888442143
Table S5,2400.0,28.0,3.9059675564351
Table S5,2400.0,29.0,4.08480697937557
Table S5,2400.0,30.0,4.26311103890633
Table S5,2400.0,31.0,4.44089291138606
Table S5,2400.0,32.0,4.61816511764562
Table S5,2400.0,33.0,4.79493957143529
Table S5,2400.0,34.0,4.97122762318771
Table S5,2400.0,35.0,5.14704009965006
Table S5,2400.0,36.0,5.32238733986263
Table S5,2400.0,37.0,5.49727922789594
Table S5,2400.0,38.0,5.6717252227044
Table S5,2400.0,39.0,5.84573438540765
Table S5,2400.0,40.0,6.01931540427152
Table S5,2400.0,41.0,6.19247661762666
Table S5,2400.0,42.0,6.36522603493387
Table S5,2400.0,43.0,6.53757135618035
Table S5,2400.0,44.0,6.70951998976933
Table S5,2400.0,45.0,6.88107906904708
Table S5,2400.0,46.0,7.05225546759501
Table S5,2400.0,47.0,7.22305581340039
Table S5,2400.0,48.0,7.39348650200705
Table S5,2400.0,49.0,7.56355370873647
Table S5,2400.0,50.0,7.73326340006026
Table S5,2400.0,51.0,7.90262134419674
Table S5,2400.0,52.0,8.07163312099689
Table S5,2400.0,53.0,8.24030413117846
Table S5,2400.0,54.0,8.40863960496134
Table S5,2400.0,55.0,8.57664461015215
Table S5,2400.0,56.0,8.74432405972135
Table S5,2400.0,57.0,8.91168271891239
Table S5,2400.0,58.0,9.07872521191844
Table S5,2400.0,59.0,9.24545602815947
Table S5,2400.0,60.0,9.41187952818896
Table S5,2400.0,61.0,9.57799994925757
Table S5,2400.0,62.0,9.74382141055826
Table S5,2400.0,63.0,9.90934791817549
Table S5,2400.0,64.0,10.0745833697591
Table S5,2400.0,65.0,10.239531558942
Table S5,2400.0,66.0,10.4041961795191
Table S5,2400.0,67.0,10.5685808294029
Table S5,2400.0,68.0,10.7326890143714
Table S5,2400.0,69.0,10.8965241516212
Table S5,2400.0,70.0,11.060089573139
Table S5,2400.0,71.0,11.2233885289019
Table S5,2400.0,72.0,11.3864241899183
Table S5,2400.0,73.0,11.5491996511194
Table S5,2400.0,74.0,11.7117179341089
Table S5,2400.0,75.0,11.8739819897816
Table S5,2400.0,76.0,12.0359947008171
Table S5,2400.0,77.0,12.1977588840563
Table S5,2400.0,78.0,12.3592772927687
Table S5,2400.0,79.0,12.5205526188144
Table S5,2400.0,80.0,12.6815874947096
Table S5,2400.0,81.0,12.8423844955989
Table S5,2400.0,82.0,13.0029461411405
Table S5,2400.0,83.0,13.1632748973089
Table S5,2400.0,84.0,13.3233731781197
Table S5,2400.0,85.0,13.4832433472809
Table S5,2400.0,86.0,13.6428877197733
Table S5,2400.0,87.0,13.8023085633661
Table S5,2400.0,88.0,13.9615081000687
Table S5,2400.0,89.0,14.1204885075235
Table S5,2400.0,90.0,14.2792519203422
Table S5,2400.0,91.0,14.437800431388
Table S5,2400.0,92.0,14.5961360930077
Table S5,2400.0,93.0,14.7542609182147
Table S5,2400.0,94.0,14.9121768818261
Table S5,2400.0,95.0,15.0698859215559
Table S5,2400.0,96.0,15.2273899390672
Table S5,2400.0,97.0,15.3846908009831
Table S5,2400.0,98.0,15.5417903398616
Table S5,2400.0,99.0,15.6986903551329
Table S5,2400.0,100.0,15.8553926140033
Table S5,2500.0,0.0,-1.02003066099292
Table S5,2500.0,1.0,-0.820629254949222
Table S5,2500.0,2.0,-0.623309606851243
Table S5,2500.0,3.0,-0.427860819064367
Table S5,2500.0,4.0,-0.234111431830042
Table S5,2500.0,5.0,-0.0419193502763912
Table S5,2500.0,6.0,0.14883508760253
Table S5,2500.0,7.0,0.338254030395302
Table S5,2500.0,8.0,0.526425697679539
Table S5,2500.0,9.0,0.713427051762361
Table S5,2500.0,10.0,0.899325828911709
Table S5,2500.0,11.0,1.08418211062278
Table S5,2500.0,12.0,1.26804955781134
Table S5,2500.0,13.0,1.45097639351394
Table S5,2500.0,14.0,1.63300619491643
Table S5,2500.0,15.0,1.81417853872977
Table S5,2500.0,16.0,1.99452953229854
Table S5,2500.0,17.0,2.174092254623
Table S5,2500.0,18.0,2.35289712559485
Table S5,2500.0,19.0,2.53097221746674
Table S5,2500.0,20.0,2.70834351941796
Table S5,2500.0,21.0,2.88503516371996
Table S5,2500.0,22.0,3.06106962022181
Table S5,2500.0,23.0,3.23646786451436
Table S5,2500.0,24.0,3.41124952408007
Table S5,2500.0,25.0,3.58543300591794
Table S5,2500.0,26.0,3.75903560848953
Table S5,2500.0,27.0,3.93207362032388
Table S5,2500.0,28.0,4.10456240721271
Table S5,2500.0,29.0,4.27651648960163
Table S5,2500.0,30.0,4.44794961151915
Table S5,2500.0,31.0,4.61887480217107
Table S5,2500.0,32.0,4.78930443115196
Table S5,2500.0,33.0,4.95925025808119
Table S5,2500.0,34.0,5.12872347735116
Table S5,2500.0,35.0,5.29773475857636
Table S5,2500.0,36.0,5.4662942832484
Table S5,2500.0,37.0,5.6344117780328
Table S5,2500.0,38.0,5.80209654508446
Table S5,2500.0,39.0,5.96935748970909
Table S5,2500.0,40.0,6.13620314565554
Table S5,2500.0,41.0,6.30264169828821
Table S5,2500.0,42.0,6.46868100585763
Table S5,2500.0,43.0,6.63432861906113
Table S5,2500.0,44.0,6.79959179906248
Table S5,2500.0,45.0,6.96447753411996
Table S5,2500.0,46.0,7.12899255495502
Table S5,2500.0,47.0,7.29314334897901
Table S5,2500.0,48.0,7.45693617348253
Table S5,2500.0,49.0,7.62037706788058
Table S5,2500.0,50.0,7.78347186509684
Table S5,2500.0,51.0,7.94622620216177
Table S5,2500.0,52.0,8.10864553009149
Table S5,2500.0,53.0,8.27073512310767
Table S5,2500.0,54.0,8.43250008725279
Table S5,2500.0,55.0,8.59394536844962
Table S5,2500.0,56.0,8.75507576004937
Table S5,2500.0,57.0,8.91589590990845
Table S5,2500.0,58.0,9.0764103270304
Table S5,2500.0,59.0,9.23662338780596
Table S5,2500.0,60.0,9.39653934188128
Table S5,2500.0,61.0,9.5561623176819
Table S5,2500.0,62.0,9.71549632761728
Table S5,2500.0,63.0,9.87454527298891
Table S5,2500.0,64.0,10.0333129486228
Table S5,2500.0,65.0,10.1918030472456
Table S5,2500.0,66.0,10.3500191636222
Table S5,2500.0,67.0,10.5079647984698
Table S5,2500.0,68.0,10.6656433621652
Table S5,2500.0,69.0,10.8230581782577
Table S5,2500.0,70.0,10.9802124867997
Table S5,2500.0,71.0,11.1371094475088
Table S5,2500.0,72.0,11.2937521427695
Table S5,2500.0,73.0,11.4501435804864
Table S5,2500.0,74.0,11.6062866967973
Table S5,2500.0,75.0,11.7621843586548
Table S5,2500.0,76.0,11.9178393662844
Table S5,2500.0,77.0,12.0732544555264
Table S5,2500.0,78.0,12.228432300068
Table S5,2500.0,79.0,12.3833755135734
Table S5,2500.0,80.0,12.5380866517157
Table S5,2500.0,81.0,12.6925682141177
Table S5,2500.0,82.0,12.8468226462062
Table S5,2500.0,83.0,13.0008523409847
Table S5,2500.0,84.0,13.1546596407283
Table S5,2500.0,85.0,13.3082468386065
Table S5,2500.0,86.0,13.4616161802363
Table S5,2500.0,87.0,13.6147698651696
Table S5,2500.0,88.0,13.7677100483192
Table S5,2500.0,89.0,13.9204388413259
Table S5,2500.0,90.0,14.0729583138692
Table S5,2500.0,91.0,14.2252704949258
Table S5,2500.0,92.0,14.3773773739772
Table S5,2500.0,93.0,14.5292809021702
Table S5,2500.0,94.0,14.6809829934311
Table S5,2500.0,95.0,14.8324855255376
Table S5,2500.0,96.0,14.9837903411488
Table S5,2500.0,97.0,15.1348992487964
Table S5,2500.0,98.0,15.2858140238388
Table S5,2500.0,99.0,15.4365364093789
Table S5,2500.0,100.0,15.5870681171491
Table S5,2600.0,0.0,-0.655031399261015
Table S5,2600.0,1.0,-0.46198995986603
Table S5,2600.0,2.0,-0.271115490242018
Table S5,2600.0,3.0,-0.0821692219902523
Table S5,2600.0,4.0,0.105039367847519
Table S5,2600.0,5.0,0.290665791485822
Table S5,2600.0,6.0,0.474839374803071
Table S5,2600.0,7.0,0.657669357747636
Table S5,2600.0,8.0,0.839249242334406
Table S5,2600.0,9.0,1.01965997329486
Table S5,2600.0,10.0,1.19897231743499
Table S5,2600.0,11.0,1.37724867848378
Table S5,2600.0,12.0,1.55454450511695
Table S5,2600.0,13.0,1.73090939988373
Table S5,2600.0,14.0,1.90638800431557
Table S5,2600.0,15.0,2.08102071388712
Table S5,2600.0,16.0,2.25484426178739
Table S5,2600.0,17.0,2.42789220023929
Table S5,2600.0,18.0,2.60019530087916
Table S5,2600.0,19.0,2.77178189051294
Table S5,2600.0,20.0,2.94267813477617
Table S5,2600.0,21.0,3.11290827942283
Table S5,2600.0,22.0,3.28249485686983
Table S5,2600.0,23.0,3.45145886403528
Table S5,2600.0,24.0,3.6198199162925
Table S5,2600.0,25.0,3.78759638142185
Table S5,2600.0,26.0,3.95480549670973
Table S5,2600.0,27.0,4.1214634717669
Table S5,2600.0,28.0,4.28758557918172
Table S5,2600.0,29.0,4.45318623475833
Table S5,2600.0,30.0,4.61827906879624
Table S5,2600.0,31.0,4.78287698963002
Table S5,2600.0,32.0,4.94699224045386
Table S5,2600.0,33.0,5.11063645029735
Table S5,2600.0,34.0,5.27382067988782
Table S5,2600.0,35.0,5.43655546302627
Table S5,2600.0,36.0,5.59885084401392
Table S5,2600.0,37.0,5.76071641159096
Table S5,2600.0,38.0,5.92216132978566
Table S5,2600.0,39.0,6.08319436601871
Table S5,2600.0,40.0,6.24382391676244
Table S5,2600.0,41.0,6.40405803101607
Table S5,2600.0,42.0,6.5639044318252
Table S5,2600.0,43.0,6.72337053604596
Table S5,2600.0,44.0,6.88246347252974
Table S5,2600.0,45.0,7.04119009888388
Table S5,2600.0,46.0,7.19955701694552
Table S5,2600.0,47.0,7.35757058709036
Table S5,2600.0,48.0,7.51523694148433
Table S5,2600.0,49.0,7.67256199637448
Table S5,2600.0,50.0,7.82955146350497
Table S5,2600.0,51.0,7.98621086073504
Table S5,2600.0,52.0,8.14254552192773
Table S5,2600.0,53.0,8.29856060617121
Table S5,2600.0,54.0,8.45426110638841
Table S5,2600.0,55.0,8.60965185738503
Table S5,2600.0,56.0,8.76473754338119
Table S5,2600.0,57.0,8.91952270506774
Table S5,2600.0,58.0,9.0740117462243
Table S5,2600.0,59.0,9.22820893993268
Table S5,2600.0,60.0,9.38211843441642
Table S5,2600.0,61.0,9.53574425853404
Table S5,2600.0,62.0,9.68909032695178
Table S5,2600.0,63.0,9.84216044501866
Table S5,2600.0,64.0,9.99495831336534
Table S5,2600.0,65.0,10.1474875322459
Table S5,2600.0,66.0,10.2997516056408
Table S5,2600.0,67.0,10.4517539451367
Table S5,2600.0,68.0,10.6034978735987
Table S5,2600.0,69.0,10.7549866286485
Table S5,2600.0,70.0,10.9062233659615
Table S5,2600.0,71.0,11.0572111623939
Table S5,2600.0,72.0,11.2079530189517
Table S5,2600.0,73.0,11.3584518636104
Table S5,2600.0,74.0,11.5087105539955
Table S5,2600.0,75.0,11.6587318799321
Table S5,2600.0,76.0,11.8085185658715
Table S5,2600.0,77.0,11.9580732732022
Table S5,2600.0,78.0,12.1073986024521
Table S5,2600.0,79.0,12.2564970953883
Table S5,2600.0,80.0,12.4053712370208
Table S5,2600.0,81.0,12.5540234575145
Table S5,2600.0,82.0,12.702456134016
Table S5,2600.0,83.0,12.8506715923992
Table S5,2600.0,84.0,12.9986721089341
Table S5,2600.0,85.0,13.1464599118835
Table S5,2600.0,86.0,13.2940371830312
Table S5,2600.0,87.0,13.4414060591452
Table S5,2600.0,88.0,13.5885686333795
Table S5,2600.0,89.0,13.735526956618
Table S5,2600.0,90.0,13.8822830387627
Table S5,2600.0,91.0,14.0288388499702
Table S5,2600.0,92.0,14.1751963218377
Table S5,2600.0,93.0,14.3213573485427
Table S5,2600.0,94.0,14.4673237879366
Table S5,2600.0,95.0,14.6130974625972
Table S5,2600.0,96.0,14.7586801608387
Table S5,2600.0,97.0,14.904073637685
Table S5,2600.0,98.0,15.0492796158047
Table S5,2600.0,99.0,15.194299786411399
Table S5,2600.0,100.0,15.3391358101315
