source_table,source_row,source_reference_as_published,data_class,dynamic_path,pressure_gpa_raw,pressure_uncertainty_gpa_raw,pressure_calibrant,pressure_gpa_fit,pressure_uncertainty_gpa_fit,pressure_scale,pressure_correction_applied,molar_volume_cm3_mol,molar_volume_uncertainty_cm3_mol,volume_a3_conventional_cell,volume_uncertainty_a3_conventional_cell,temperature_k,temperature_uncertainty_k,temperature_provenance,fit1_observed_minus_model_gpa,fit2_observed_minus_model_gpa,fit5_observed_minus_model_gpa,source_cell_note,used_in_fit
Table S1,3,Jephcoat et al. (1986),static_experiment,,78.61,1.55,ruby,78.50413636,1.547912624,Ye et al. (2018),1,5.24665575,0.01003835,17.424553689774598,0.03333814468992917,300.0,0.0,experimental_reported,-2.80015509563144,-2.72515612816745,0.450398391746773,,1
Table S1,4,Jephcoat et al. (1986),static_experiment,,68.78,1.5,ruby,68.70624153,1.498391426,Ye et al. (2018),1,5.37859308,0.01014972,17.862727871541814,0.03370801316175147,300.0,0.0,experimental_reported,-0.318990143890659,-0.244685490842414,2.96021366786832,,1
Table S1,5,Jephcoat et al. (1986),static_experiment,,62.68,1.1,ruby,62.62405459,1.099018188,Ye et al. (2018),1,5.42096184,0.02771307,18.00343783395724,0.09203727081264702,300.0,0.0,experimental_reported,-2.76856664416678,-2.6944047128156,0.500323846367252,,1
Table S1,6,Jephcoat et al. (1986),static_experiment,,56.93,0.95,ruby,56.88925739,0.949320122,Ye et al. (2018),1,5.50049206,0.01095038,18.2675639086191,0.036367067580798294,300.0,0.0,experimental_reported,-2.05791657591015,-1.9839336178363,1.1680776070069,,1
Table S1,7,Jephcoat et al. (1986),static_experiment,,50.71,1.3,ruby,50.68385608,1.299329775,Ye et al. (2018),1,5.55713725,0.02199407,18.45568701054407,0.07304402496231258,300.0,0.0,experimental_reported,-3.95206883857585,-3.8781506527999,-0.774227016521245,,1
Table S1,8,Jephcoat et al. (1986),static_experiment,,42.81,1.43,ruby,42.79942517,1.429646765,Ye et al. (2018),1,5.69361366,0.0214914,18.90893583164934,0.07137461861652002,300.0,0.0,experimental_reported,-2.32085417323856,-2.24691470988912,0.686501394579565,,1
Table S1,9,Jephcoat et al. (1986),static_experiment,,36.84,0.99,ruby,36.83880998,0.989968021,Ye et al. (2018),1,5.81192171,0.02374589,19.301846109621657,0.07886195605962555,300.0,0.0,experimental_reported,-0.931787560518551,-0.857667830784642,1.87248125114833,,1
Table S1,10,Jephcoat et al. (1986),static_experiment,,28.41,0.77,ruby,28.41824625,0.770223499,Ye et al. (2018),1,5.96799322,0.00664006,19.820171788877285,0.022052158076756746,300.0,0.0,experimental_reported,-0.773738737808547,-0.699214587898055,1.69623621566123,,1
Table S1,11,Jephcoat et al. (1986),static_experiment,,21.21,0.4,ruby,21.22242809,0.400234382,Ye et al. (2018),1,6.11546516,0.00574609,20.30993762424112,0.019083213856993936,300.0,0.0,experimental_reported,-0.883798737773205,-0.808771963027564,1.21273669862563,,1
Table S1,12,Jephcoat et al. (1986),static_experiment,,20.8,0.38,ruby,20.81255083,0.380229294,Ye et al. (2018),1,6.11390297,0.02792377,20.304749469190423,0.0927370219755541,300.0,0.0,experimental_reported,-1.36402074245819,-1.28899974249402,0.736723980566516,,1
Table S1,13,Jephcoat et al. (1986),static_experiment,,18.51,0.3,ruby,18.52299703,0.300210649,Ye et al. (2018),1,6.2254325,0.03409126,20.675147752607497,0.11321973815836214,300.0,0.0,experimental_reported,1.13447296497757,1.20992423286346,2.92274366192109,,1
Table S1,14,Jephcoat et al. (1986),static_experiment,,16.48,0.14,ruby,16.49304534,0.140110822,Ye et al. (2018),1,6.2907495,0.02103087,20.892070613108686,0.06984516250330887,300.0,0.0,experimental_reported,1.69973760073844,1.77545432003351,3.29474609940073,,1
Table S1,15,Jephcoat et al. (1986),static_experiment,,15.5,0.12,ruby,15.51294883,0.120100249,Ye et al. (2018),1,6.27962755,0.01026109,20.855133748152376,0.034077881633573774,300.0,0.0,experimental_reported,0.288090370049645,0.363761346005697,1.91649471778502,,1
Table S1,16,Jephcoat et al. (1986),static_experiment,,13.27,0.15,ruby,13.28243084,0.150140514,Ye et al. (2018),1,6.44948787,0.01031226,21.41925314279768,0.03424782120170834,300.0,0.0,experimental_reported,4.21560314097686,4.29198872489228,5.31482038069141,,1
Table S1,17,Huang et al. (1987),static_experiment,,14.1,0.01,Au,16.13755978,0.113644787,Fei et al. (2007),1,6.37599872,0.00535178,21.17518993362088,0.0177736795378393,573.0,0.0,experimental_reported,2.75653000962363,2.82502336924285,3.40560758801519,,1
Table S1,18,Huang et al. (1987),static_experiment,,14.2,0.01,Au,16.14392378,0.123236059,Fei et al. (2007),1,6.51800149,0.00532168,21.646792228084685,0.017673715085995433,723.0,0.0,experimental_reported,6.17455510298329,6.24110463696923,5.94376164937993,,1
Table S1,19,Huang et al. (1987),static_experiment,,14.5,0.01,Au,16.14392378,0.123236059,Fei et al. (2007),1,6.46899869,0.00552636,21.484050100482875,0.01835347335853372,723.0,0.0,experimental_reported,4.62456490953382,4.69075064751005,4.57379759961723,,1
Table S1,20,Huang et al. (1987),static_experiment,,14.5,0.01,Au,16.21843083,0.099499576,Fei et al. (2007),1,6.22700071,0.00524643,20.680355900548562,0.017423803956385767,298.0,0.0,experimental_reported,-1.09831759934017,-1.02280022037669,0.689656044558152,,1
Table S1,21,Huang et al. (1987),static_experiment,,14.6,0.01,Au,16.21843083,0.099499576,Fei et al. (2007),1,6.26499895,0.00534576,20.806551024556256,0.017753686647470526,298.0,0.0,experimental_reported,0.427485613354914,0.503157008691813,2.1038941169576,,1
Table S1,22,Huang et al. (1987),static_experiment,,14.8,0.01,Au,16.33313078,0.105375037,Fei et al. (2007),1,6.26300031,0.00525245,20.799913384953825,0.017443796846754542,423.0,0.0,experimental_reported,-0.177120679875014,-0.105273953647764,1.21254076046071,,1
Table S1,23,Huang et al. (1987),static_experiment,,14.8,0.01,Au,16.33313078,0.105375037,Fei et al. (2007),1,6.25099944,0.00535479,20.760057558003677,0.017783675983023686,423.0,0.0,experimental_reported,-0.650507501704105,-0.578710829069554,0.77657038980248,,1
Table S1,24,Huang et al. (1987),static_experiment,,14.8,0.01,Au,16.43976588,0.113377696,Fei et al. (2007),1,6.35600028,0.00535178,21.108773551815815,0.0177736795378393,573.0,0.0,experimental_reported,2.34755061236167,2.41592815751752,3.06494217354238,,1
Table S1,25,Huang et al. (1987),static_experiment,,14.8,0.01,Au,16.43976588,0.113377696,Fei et al. (2007),1,6.32000068,0.00538489,20.989216067410553,0.01788364043486755,573.0,0.0,experimental_reported,1.0355206681807,1.10369297563812,1.87457369714875,,1
Table S1,26,Huang et al. (1987),static_experiment,,14.8,0.01,Au,16.64693896,0.122403963,Fei et al. (2007),1,6.49899936,0.00535479,21.58368466963565,0.017783675983023686,723.0,0.0,experimental_reported,6.08436193717669,6.15076998804245,5.92363957768373,,1
Table S1,27,Huang et al. (1987),static_experiment,,15.0,0.01,Au,16.74038056,0.113110679,Fei et al. (2007),1,6.35799892,0.00535178,21.11541119141825,0.0177736795378393,573.0,0.0,experimental_reported,2.71980209630431,2.78819116049227,3.43038917937208,,1
Table S1,28,Huang et al. (1987),static_experiment,,15.1,0.01,Au,16.82049182,0.099529537,Fei et al. (2007),1,6.26399963,0.00536984,20.80323220475504,0.017833658208945617,298.0,0.0,experimental_reported,0.990062184939042,1.06572949483458,2.66943536161396,,1
Table S1,29,Huang et al. (1987),static_experiment,,15.1,0.01,Au,16.84795109,0.122086602,Fei et al. (2007),1,6.45200122,0.00535479,21.427600174526642,0.017783675983023686,723.0,0.0,experimental_reported,4.77529854140247,4.8413589846136,4.78644200815534,,1
Table S1,30,Huang et al. (1987),static_experiment,,15.2,0.01,Au,16.84795109,0.122086602,Fei et al. (2007),1,6.43299909,0.00545713,21.36449261607761,0.01812355511929283,723.0,0.0,experimental_reported,4.14695637188963,4.21287738343687,4.22696353328569,,1
Table S1,31,Huang et al. (1987),static_experiment,,15.4,0.01,Au,16.93620676,0.105193831,Fei et al. (2007),1,6.18499917,0.00530964,20.540865504445634,0.017633729305257886,423.0,0.0,experimental_reported,-2.74186935599246,-2.67033818631248,-1.11332769285792,,1
Table S1,32,Huang et al. (1987),static_experiment,,15.5,0.01,Au,17.12067419,0.099538803,Fei et al. (2007),1,6.2130012,0.00524643,20.63386243399598,0.017423803956385767,298.0,0.0,experimental_reported,-0.771075103537612,-0.695613722346753,1.05738185348023,,1
Table S1,33,Huang et al. (1987),static_experiment,,15.5,0.01,Au,17.12067419,0.099538803,Fei et al. (2007),1,6.21599916,0.00532168,20.64381889339963,0.017673715085995433,298.0,0.0,experimental_reported,-0.647348784158062,-0.57187544753911,1.17246763723553,,1
Table S1,34,Huang et al. (1987),static_experiment,,15.7,0.01,Au,17.14343922,0.112785784,Fei et al. (2007),1,6.33400019,0.00536683,21.035709533963136,0.017823661763761232,573.0,0.0,experimental_reported,2.25433858068834,2.3225901824814,3.04628614006476,,1
Table S1,35,Huang et al. (1987),static_experiment,,15.7,0.01,Au,17.15014022,0.1216322,Fei et al. (2007),1,6.45099889,0.00537887,21.42427135828024,0.01786364754449878,723.0,0.0,experimental_reported,5.04460340844947,5.1106564794505,5.05938864617827,,1
Table S1,36,Huang et al. (1987),static_experiment,,15.9,0.01,Au,17.64532013,0.112390574,Fei et al. (2007),1,6.31100078,0.0053879,20.959326696309237,0.01789363688005194,573.0,0.0,experimental_reported,1.9065480325728,1.97466972924824,2.7757410836935,,1
Table S1,37,Huang et al. (1987),static_experiment,,15.9,0.01,Au,17.84052447,0.104944262,Fei et al. (2007),1,6.231001,0.00524041,20.69364117619861,0.017403811066016996,423.0,0.0,experimental_reported,0.05687746388503,0.128591889971791,1.54578510361728,,1
Table S1,38,Huang et al. (1987),static_experiment,,16.1,0.01,Au,17.84621005,0.112240315,Fei et al. (2007),1,6.30899913,0.00538489,20.95267906026162,0.01788364043486755,573.0,0.0,experimental_reported,2.03267684680263,2.10078732712082,2.90855783812805,,1
Table S1,39,Huang et al. (1987),static_experiment,,16.3,0.01,Au,17.84621005,0.112240315,Fei et al. (2007),1,6.30099855,0.00537285,20.926108508961523,0.017843654654130004,573.0,0.0,experimental_reported,1.73254268286799,1.80060847927433,2.63509850240009,,1
Table S1,40,Huang et al. (1987),static_experiment,,16.3,0.01,Au,17.8543626,0.120637585,Fei et al. (2007),1,6.40400075,0.00535479,21.268186863171227,0.017783675983023686,723.0,0.0,experimental_reported,4.17415453724919,4.23986422428089,4.35850530418421,,1
Table S1,41,Huang et al. (1987),static_experiment,,16.3,0.01,Au,17.8543626,0.120637585,Fei et al. (2007),1,6.38799959,0.00550228,21.21504576057103,0.018273501797058625,723.0,0.0,experimental_reported,3.62310609923753,3.68870001193596,3.86462805790981,,1
Table S1,42,Huang et al. (1987),static_experiment,,16.6,0.01,Au,18.02436245,0.099582113,Fei et al. (2007),1,6.21599916,0.00527352,20.64381889339963,0.01751377196304525,298.0,0.0,experimental_reported,0.256339475841941,0.331812812460893,2.07615589723553,,1
Table S1,43,Huang et al. (1987),static_experiment,,16.6,0.01,Au,18.05637658,0.120375844,Fei et al. (2007),1,6.40500007,0.00538489,21.271505682972446,0.01788364043486755,723.0,0.0,experimental_reported,4.41032796784378,4.47604490583789,4.59109846503707,,1
Table S1,44,Huang et al. (1987),static_experiment,,16.8,0.01,Au,18.15644786,0.120241377,Fei et al. (2007),1,6.39600017,0.00540596,21.24161631187113,0.017953615551158254,723.0,0.0,experimental_reported,4.20167960505912,4.26733132661126,4.41465298025107,,1
Table S1,45,Huang et al. (1987),static_experiment,,16.9,0.01,Au,18.15644786,0.120241377,Fei et al. (2007),1,6.37700105,0.00549325,21.17851874986728,0.018243512461505466,723.0,0.0,experimental_reported,3.54192476163909,3.60743946934106,3.82256973368088,,1
Table S1,46,Huang et al. (1987),static_experiment,,17.0,0.01,Au,18.55033109,0.111748982,Fei et al. (2007),1,6.2940003,0.00538489,20.902866773907824,0.01788364043486755,573.0,0.0,experimental_reported,2.17239762958613,2.24042453738043,3.09821104139324,,1
Table S1,47,Huang et al. (1987),static_experiment,,17.2,0.01,Au,18.55033109,0.111748982,Fei et al. (2007),1,6.25599905,0.0053879,20.77666165345494,0.01789363688005194,573.0,0.0,experimental_reported,0.708697749498047,0.776516874150342,1.75953213374137,,1
Table S1,48,Huang et al. (1987),static_experiment,,17.2,0.01,Au,18.64393822,0.104741226,Fei et al. (2007),1,6.22800003,0.00524041,20.683674720349778,0.017403811066016996,423.0,0.0,experimental_reported,0.739026158306746,0.810728372100794,2.2371545478509,,1
Table S1,49,Huang et al. (1987),static_experiment,,17.2,0.01,Au,19.15419451,0.111361596,Fei et al. (2007),1,6.26600128,0.00539693,20.809879840802658,0.017923626215605098,573.0,0.0,experimental_reported,1.70257094093194,1.77044418217829,2.72071149916693,,1
Table S1,50,Huang et al. (1987),static_experiment,,17.4,0.01,Au,19.36607008,0.118810246,Fei et al. (2007),1,6.38600095,0.00540897,21.208408120968596,0.01796361199634264,723.0,0.0,experimental_reported,5.06544087883394,5.13102037529298,5.31408290420698,,1
Table S1,51,Huang et al. (1987),static_experiment,,17.4,0.01,Au,19.73168239,0.099654962,Fei et al. (2007),1,6.18099888,0.00525546,20.527580228795582,0.01745379329193893,298.0,0.0,experimental_reported,0.498823037889714,0.574158118016772,2.41850989807545,,1
Table S1,52,Huang et al. (1987),static_experiment,,17.8,0.01,Au,19.73168239,0.099654962,Fei et al. (2007),1,6.14899957,0.00530663,20.421308020040367,0.017623732860073498,298.0,0.0,experimental_reported,-0.880184682249077,-0.804973244556798,1.12881792034808,,1
Table S1,53,Huang et al. (1987),static_experiment,,18.1,0.01,Au,19.86883373,0.118266867,Fei et al. (2007),1,6.36099989,0.00539994,21.125377647267083,0.017933622660789482,723.0,0.0,experimental_reported,4.69008597261404,4.75548602682423,5.02738752943286,,1
Table S1,54,Huang et al. (1987),static_experiment,,18.3,0.01,Au,20.15176588,0.104413295,Fei et al. (2007),1,6.19899868,0.00528857,20.587358970998213,0.017563754188967183,423.0,0.0,experimental_reported,1.05833823693987,1.12992425917656,2.64477973350587,,1
Table S1,55,Huang et al. (1987),static_experiment,,18.3,0.01,Au,20.47379295,0.117665477,Fei et al. (2007),1,6.34899902,0.00541198,21.085521820316934,0.017973608441527032,723.0,0.0,experimental_reported,4.86665623472487,4.93197077238744,5.24624126924327,,1
Table S1,56,Huang et al. (1987),static_experiment,,18.8,0.01,Au,20.47379295,0.117665477,Fei et al. (2007),1,6.30399952,0.00543606,20.936074964810352,0.018053580003002122,723.0,0.0,experimental_reported,3.21957757734956,3.28457542820891,3.75603408133366,,1
Table S1,57,Huang et al. (1987),static_experiment,,19.3,0.01,Au,20.63761491,0.099698623,Fei et al. (2007),1,6.17300131,0.00527653,20.501019673940668,0.017523768408229633,298.0,0.0,experimental_reported,1.06370898976444,1.13901290658287,3.00590090984321,,1
Table S1,58,Huang et al. (1987),static_experiment,,19.8,0.01,Au,20.63761491,0.099698623,Fei et al. (2007),1,6.14899957,0.00530964,20.421308020040367,0.017633729305257886,298.0,0.0,experimental_reported,0.0257478377509237,0.100959275443202,2.03475044034808,,1
Table S1,59,Huang et al. (1987),static_experiment,,19.8,0.01,Au,20.76499087,0.110452079,Fei et al. (2007),1,6.25900002,0.0053578,20.786628109303777,0.017793672428208073,573.0,0.0,experimental_reported,3.04073261350745,3.10856793028912,4.08177417516933,,1
Table S1,60,Huang et al. (1987),static_experiment,,19.8,0.01,Au,21.15822333,0.104227701,Fei et al. (2007),1,6.13599938,0.00531867,20.378133373289003,0.01766371864081105,423.0,0.0,experimental_reported,-0.623857040429229,-0.552510998967765,1.1491752273709,,1
Table S1,61,Huang et al. (1987),static_experiment,,19.8,0.01,Au,21.34091247,0.09972389,Fei et al. (2007),1,6.13300142,0.00531566,20.368176913885357,0.01765372219562666,298.0,0.0,experimental_reported,0.0249926923963599,0.100143415748469,2.07790367394034,,1
Table S1,62,Huang et al. (1987),static_experiment,,20.3,0.01,Au,21.38125392,0.116837453,Fei et al. (2007),1,6.31399874,0.00541499,20.969283155712887,0.017983604886711416,723.0,0.0,experimental_reported,4.49867325530791,4.56374090198436,5.00050819798,,1
Table S1,63,Huang et al. (1987),static_experiment,,20.7,0.01,Au,21.38125392,0.116837453,Fei et al. (2007),1,6.30399952,0.0054481,20.936074964810352,0.01809356578373967,723.0,0.0,experimental_reported,4.12703854734956,4.19203639820891,4.66349505133366,,1
Table S1,64,Huang et al. (1987),static_experiment,,20.7,0.01,Au,21.74262984,0.099736834,Fei et al. (2007),1,6.12500084,0.00525546,20.341606362585257,0.01745379329193893,298.0,0.0,experimental_reported,0.0708993742209074,0.146020029780907,2.14557682018784,,1
Table S1,65,Huang et al. (1987),static_experiment,,21.2,0.01,Au,22.04582454,0.099754862,Fei et al. (2007),1,6.11700026,0.00529459,20.315035811285156,0.017583747079335955,298.0,0.0,experimental_reported,0.0157795445407096,0.0908703368064074,2.11209341167099,,1
Table S1,66,Huang et al. (1987),static_experiment,,21.2,0.01,Au,22.06316354,0.104071526,Fei et al. (2007),1,6.15600083,0.00530061,20.444559751539252,0.017603739969704726,423.0,0.0,experimental_reported,1.15090802977764,1.22232830290942,2.86551118985976,,1
Table S1,67,Huang et al. (1987),static_experiment,,21.4,0.01,Au,22.06316354,0.104071526,Fei et al. (2007),1,6.13599938,0.00531265,20.378133373289003,0.017643725750442273,423.0,0.0,experimental_reported,0.281083169570774,0.352429211032238,2.0541154373709,,1
Table S1,68,Huang et al. (1987),static_experiment,,21.4,0.01,Au,22.26518899,0.104042939,Fei et al. (2007),1,6.1279988,0.00530362,20.351562821988903,0.017613736414889114,423.0,0.0,experimental_reported,0.13086091673685,0.202177806725828,1.92704518944324,,1
Table S1,69,Huang et al. (1987),static_experiment,,21.7,0.01,Au,22.4474477,0.099766434,Fei et al. (2007),1,6.10700104,0.0052976,20.281827620382625,0.017593743524520342,298.0,0.0,experimental_reported,-0.0339718990915081,0.0410818661946166,2.08919814647182,,1
Table S1,70,Huang et al. (1987),static_experiment,,21.7,0.01,Au,22.56759159,0.103998118,Fei et al. (2007),1,6.11200065,0.00527051,20.29843171583389,0.01750377551786086,423.0,0.0,experimental_reported,-0.278601423253843,-0.207341863981203,1.56349268424244,,1
Table S1,71,Huang et al. (1987),static_experiment,,21.8,0.01,Au,22.56759159,0.103998118,Fei et al. (2007),1,6.12000123,0.00532469,20.32500226713399,0.01768371153117982,423.0,0.0,experimental_reported,0.0786545494043942,0.149942617155187,1.89785421394309,,1
Table S1,72,Huang et al. (1987),static_experiment,,22.1,0.01,Au,22.89367706,0.115624632,Fei et al. (2007),1,6.27900147,0.00540596,20.853054487554022,0.017953615551158254,723.0,0.0,experimental_reported,4.69596361744616,4.76078853745125,5.31835473389542,,1
Table S1,73,Huang et al. (1987),static_experiment,,22.5,0.01,Au,22.89367706,0.115624632,Fei et al. (2007),1,6.25300109,0.00545713,20.76670519405129,0.01812355511929283,723.0,0.0,experimental_reported,3.6923749783842,3.75702256365225,4.40316954094711,,1
Table S1,74,Huang et al. (1987),static_experiment,,23.5,0.01,Au,23.45470519,0.099807256,Fei et al. (2007),1,6.10599871,0.00529158,20.278498804136223,0.017573750634151567,298.0,0.0,experimental_reported,0.927820710212796,1.00287078245957,3.05367137934104,,1
Table S1,75,Huang et al. (1987),static_experiment,,23.5,0.01,Au,23.45470519,0.099807256,Fei et al. (2007),1,6.09999978,0.00532168,20.25857588888374,0.017673715085995433,298.0,0.0,experimental_reported,0.654876592435546,0.729904634054051,2.79672672056057,,1
Table S1,76,Huang et al. (1987),static_experiment,,23.9,0.01,Au,23.85718203,0.099820845,Fei et al. (2007),1,6.10599871,0.00529459,20.278498804136223,0.017583747079335955,298.0,0.0,experimental_reported,1.3302975502128,1.40534762245958,3.45614821934105,,1
Table S1,77,Mao et al. (1990),static_experiment,,34.8,1.0,Pt,34.73550294,0.998146636,Fei et al. (2007),1,5.81199997,0.0179998,19.302106017196447,0.05977874220263161,300.0,0.0,experimental_reported,-3.03048676392532,-2.95636687424739,-0.22636761182924,,1
Table S1,78,Mao et al. (1990),static_experiment,,35.6,1.1,Pt,35.51364663,1.097331778,Fei et al. (2007),1,5.81100065,0.01300019,19.298787197395235,0.04317464675136554,300.0,0.0,experimental_reported,-2.31120587402371,-2.23708802303555,0.494822867321886,,1
Table S1,79,Mao et al. (1990),static_experiment,,56.1,1.7,Pt,55.29478922,1.675599673,Fei et al. (2007),1,5.47400105,0.01899912,18.179585194551315,0.06309756200384796,300.0,0.0,experimental_reported,-5.74696504712757,-5.67293455149311,-2.50338192182559,,1
Table S1,80,Mao et al. (1990),static_experiment,,80.0,2.4,Pt,78.01781832,2.34053455,Fei et al. (2007),1,5.27600024,0.02200009,17.522009033877183,0.07306401785268135,300.0,0.0,experimental_reported,-0.422359634345611,-0.347550994343535,2.84289628180059,,1
Table S1,81,Mao et al. (1990),static_experiment,,101.6,3.0,Pt,98.34666276,2.903936892,Fei et al. (2007),1,5.08000108,0.00999922,16.871080509250667,0.033208190902532145,300.0,0.0,experimental_reported,-0.829187243232994,-0.752635349308946,2.23895010713079,,1
Table S1,82,Mao et al. (1990),static_experiment,,112.4,3.3,Pt,108.4579625,3.184264024,Fei et al. (2007),1,4.93000074,0.00999922,16.372917659931947,0.033208190902532145,300.0,0.0,experimental_reported,-9.45084595925179,-9.37204181203548,-6.70510835137618,,1
Table S1,83,Mao et al. (1990),static_experiment,,125.4,3.8,Pt,120.5923901,3.654314853,Fei et al. (2007),1,4.90300104,0.01399951,16.283249546628003,0.04649346655258187,300.0,0.0,experimental_reported,-0.989777253456552,-0.910462068393102,1.6806099025053,,1
Table S1,84,Mao et al. (1990),static_experiment,,132.1,4.0,Pt,126.8327373,3.840506806,Fei et al. (2007),1,4.80899874,0.01399951,15.971060563519607,0.04649346655258187,300.0,0.0,experimental_reported,-8.33180544230977,-8.25041527656957,-5.96743174321061,,1
Table S1,85,Mao et al. (1990),static_experiment,,141.2,4.2,Pt,135.2972423,4.024422222,Fei et al. (2007),1,4.71400013,0.01700048,15.655562757055183,0.05645992240141527,300.0,0.0,experimental_reported,-14.9528568654893,-14.8688377245533,-12.969413938086,,1
Table S1,86,Mao et al. (1990),static_experiment,,142.2,4.3,Pt,136.2293696,4.11945351,Fei et al. (2007),1,4.70099994,0.01700048,15.612388110303819,0.05645992240141527,300.0,0.0,experimental_reported,-16.1998654719669,-16.1154397087327,-14.2743334200676,,1
Table S1,87,Mao et al. (1990),static_experiment,,156.7,4.7,Pt,149.6928424,4.48982999,Fei et al. (2007),1,4.66900063,0.01099854,15.506115901548606,0.036527010703748475,300.0,0.0,experimental_reported,-8.22438734761829,-8.1389085185107,-6.44743546093542,,1
Table S1,88,Mao et al. (1990),static_experiment,,170.8,5.1,Pt,162.76186,4.859985282,Fei et al. (2007),1,4.61299958,0.01899912,15.320132038893094,0.06309756200384796,300.0,0.0,experimental_reported,-5.20178879242917,-5.11427732813772,-3.70572539206873,,1
Table S1,89,Mao et al. (1990),static_experiment,,197.3,5.9,Pt,187.2755424,5.600231627,Fei et al. (2007),1,4.47500011,0.01099854,14.861825016524522,0.036527010703748475,300.0,0.0,experimental_reported,-8.0720642391129,-7.97836339280659,-7.38300364419698,,1
Table S1,90,Mao et al. (1990),static_experiment,,208.7,6.3,Pt,197.8114265,5.971308035,Fei et al. (2007),1,4.46799885,0.01200087,14.838573285025639,0.039855826950149206,300.0,0.0,experimental_reported,0.966642774715694,1.06070800011074,1.61039637672906,,1
Table S1,91,Mao et al. (1990),static_experiment,,210.1,6.3,Pt,199.1077508,5.970389481,Fei et al. (2007),1,4.45799963,0.03699892,14.805365094123106,0.12287630420647955,300.0,0.0,experimental_reported,0.105483668039227,0.200078527794318,0.683803059032385,,1
Table S1,92,Mao et al. (1990),static_experiment,,212.1,6.4,Pt,200.9590962,6.063829399,Fei et al. (2007),1,4.41700042,0.01200087,14.669203514266577,0.039855826950149206,300.0,0.0,experimental_reported,-7.13131268679547,-7.03442872761261,-6.83017965165393,,1
Table S1,93,Mao et al. (1990),static_experiment,,227.2,6.8,Pt,214.9031313,6.431959917,Fei et al. (2007),1,4.38500111,0.00599893,14.562931305511364,0.01992291525248241,300.0,0.0,experimental_reported,-0.560059778762707,-0.461251352251594,-0.485099724999628,,1
Table S1,94,Mao et al. (1990),static_experiment,,235.7,7.1,Pt,222.7459429,6.709784448,Fei et al. (2007),1,4.32599909,0.00999922,14.366980987007018,0.033208190902532145,300.0,0.0,experimental_reported,-6.9901603083913,-6.88746076728469,-7.35431884544053,,1
Table S1,95,Mao et al. (1990),static_experiment,,244.8,7.3,Pt,231.1556099,6.893120719,Fei et al. (2007),1,4.32099948,0.01300019,14.350376891555754,0.04317464675136554,300.0,0.0,experimental_reported,0.168000124985866,0.271050995826869,-0.234654948887737,,1
Table S1,96,Mao et al. (1990),static_experiment,,247.3,7.4,Pt,233.4566262,6.985762368,Fei et al. (2007),1,4.31000094,0.00599893,14.313849880852006,0.01992291525248241,300.0,0.0,experimental_reported,-0.308012266017528,-0.204176092227158,-0.796047902596399,,1
Table S1,97,Mao et al. (1990),static_experiment,,256.2,7.7,Pt,241.6753327,7.263466284,Fei et al. (2007),1,4.28900017,0.0089999,14.244104682800538,0.029889371101315804,300.0,0.0,experimental_reported,2.51562896375486,2.621013094353,1.86195343545353,,1
Table S1,98,Mao et al. (1990),static_experiment,,258.2,7.7,Pt,243.5214009,7.262257114,Fei et al. (2007),1,4.28699852,0.01099854,14.237457046752922,0.036527010703748475,300.0,0.0,experimental_reported,3.84104332936252,3.94657839037086,3.17140330850103,,1
Table S1,99,Mao et al. (1990),static_experiment,,264.0,7.9,Pt,248.8778095,7.447479906,Fei et al. (2007),1,4.25399989,0.0089999,14.127866018196494,0.029889371101315804,300.0,0.0,experimental_reported,0.448885512275723,0.556996677141569,-0.488275939612123,,1
Table S1,100,Mao et al. (1990),static_experiment,,270.1,8.1,Pt,254.5121017,7.632536185,Fei et al. (2007),1,4.24300135,0.00800058,14.091339007492746,0.02657055130009947,300.0,0.0,experimental_reported,3.09667621708721,3.2056838578813,2.06857054378995,,1
Table S1,101,Mao et al. (1990),static_experiment,,270.4,8.1,Pt,254.7878659,7.632328823,Fei et al. (2007),1,4.21300068,0.00999922,13.991704438339966,0.033208190902532145,300.0,0.0,experimental_reported,-4.95893133839374,-4.84737784442635,-6.23945448359873,,1
Table S1,102,Mao et al. (1990),static_experiment,,277.8,8.3,Pt,261.6203634,7.816591132,Fei et al. (2007),1,4.16999982,0.00999922,13.848895222435818,0.033208190902532145,300.0,0.0,experimental_reported,-10.5577136666754,-10.4422413169445,-12.2105583859065,,1
Table S1,103,Mao et al. (1990),static_experiment,,292.8,8.8,Pt,275.4695381,8.279139124,Fei et al. (2007),1,4.14700041,0.00999922,13.77251238478192,0.033208190902532145,300.0,0.0,experimental_reported,-3.60424408743574,-3.4865375578222,-5.46095565964686,,1
Table S1,104,Mao et al. (1990),static_experiment,,293.5,8.8,Pt,276.1093616,8.278577111,Fei et al. (2007),1,4.14499876,0.00999922,13.765864748734302,0.033208190902532145,300.0,0.0,experimental_reported,-3.57293145314173,-3.45502574006957,-5.44753205841283,,1
Table S1,105,Mao et al. (1990),static_experiment,,293.7,8.8,Pt,276.3038701,8.278767642,Fei et al. (2007),1,4.14399944,0.00999922,13.762545928933086,0.033208190902532145,300.0,0.0,experimental_reported,-3.68272835548339,-3.56472291185759,-5.56626856682101,,1
Table S1,106,Mao et al. (1990),static_experiment,,294.7,8.8,Pt,277.2209358,8.278059841,Fei et al. (2007),1,4.13700119,0.00999922,13.739304193879388,0.033208190902532145,300.0,0.0,experimental_reported,-4.90622956307919,-4.78752028698779,-6.85253158857421,,1
Table S1,107,Mao et al. (1990),static_experiment,,300.6,9.0,Pt,282.6668774,8.463080162,Fei et al. (2007),1,4.13700119,0.00999922,13.739304193879388,0.033208190902532145,300.0,0.0,experimental_reported,0.539712036920776,0.658421313012184,-1.40658998857424,,1
Table S1,108,Mao et al. (1990),static_experiment,,304.1,9.1,Pt,285.9000141,8.555376943,Fei et al. (2007),1,4.09899994,0.00999922,13.613099073426506,0.033208190902532145,300.0,0.0,experimental_reported,-8.14718250143312,-8.02448115124776,-10.4388475863682,,1
Table S1,109,Uchida et al. (2001),static_experiment,,17.2,0.03,Au,18.00517937,0.031404383,Fei et al. (2007),1,6.3812,0.03311,21.1924637908995,0.10996089702825212,973.0,0.0,experimental_reported,1.21761597844156,1.27949294832683,0.899335423272888,,1
Table S1,110,Uchida et al. (2001),static_experiment,,16.99,0.14,Au,17.67478349,0.145642713,Fei et al. (2007),1,6.36916,0.03311,21.152478010161953,0.10996089702825212,873.0,0.0,experimental_reported,1.41607145975893,1.47916597081991,1.37246056722347,,1
Table S1,111,Uchida et al. (2001),static_experiment,,16.69,0.14,Au,17.31382549,0.177310261,Fei et al. (2007),1,6.37518,0.03311,21.17247090053073,0.10996089702825212,873.0,0.0,experimental_reported,1.26594956378392,1.32909429882346,1.20029905468656,,1
Table S1,112,Uchida et al. (2001),static_experiment,,16.6,0.17,Au,17.24385011,0.144645837,Fei et al. (2007),1,6.34809,0.03311,21.08250289387125,0.10996089702825212,773.0,0.0,experimental_reported,1.15781485125412,1.22226728395725,1.42289269773136,,1
Table S1,113,Uchida et al. (2001),static_experiment,,16.37,0.13,Au,17.00982266,0.13508106,Fei et al. (2007),1,6.35411,0.03311,21.102495784240023,0.10996089702825212,773.0,0.0,experimental_reported,1.13909000502427,1.20358778156128,1.38275127978154,,1
Table S1,114,Uchida et al. (2001),static_experiment,,16.31,0.08,Au,16.90541194,0.178172352,Fei et al. (2007),1,6.39023,0.03612,21.22245312645266,0.11995734221263868,873.0,0.0,experimental_reported,1.37979122735418,1.44306185811064,1.25885398120869,,1
Table S1,115,Uchida et al. (2001),static_experiment,,16.13,0.17,Au,16.89425888,0.08286577,Fei et al. (2007),1,6.33003,0.03311,21.02252422276493,0.10996089702825212,673.0,0.0,experimental_reported,1.03472820785007,1.10084219284777,1.59908703695894,,1
Table S1,116,Uchida et al. (2001),static_experiment,,16.1,0.13,Au,16.55365936,0.17533471,Fei et al. (2007),1,6.33906,0.03311,21.05251355831809,0.10996089702825212,673.0,0.0,experimental_reported,1.02286068707195,1.08903446376208,1.55600041937939,,1
Table S1,117,Uchida et al. (2001),static_experiment,,16.05,0.17,Au,16.52226184,0.133409568,Fei et al. (2007),1,6.31197,0.03311,20.96254555165861,0.10996089702825212,573.0,0.0,experimental_reported,0.819642715043056,0.887769848055225,1.68559536525496,,1
Table S1,118,Uchida et al. (2001),static_experiment,,15.8,0.19,Au,16.41810826,0.197432947,Fei et al. (2007),1,6.36916,0.03311,21.152478010161953,0.10996089702825212,773.0,0.0,experimental_reported,1.08068936380286,1.14530093057605,1.2706109153569,,1
Table S1,119,Uchida et al. (2001),static_experiment,,15.75,0.05,Au,16.10001208,0.133652718,Fei et al. (2007),1,6.31799,0.03311,20.982538442027383,0.10996089702825212,573.0,0.0,experimental_reported,0.62125863164734,0.689419606860833,1.46705508116484,,1
Table S1,120,Uchida et al. (2001),static_experiment,,15.66,0.13,Au,16.08692324,0.248127351,Fei et al. (2007),1,6.35411,0.03612,21.102495784240023,0.11995734221263868,673.0,0.0,experimental_reported,1.098260999679,1.16453500812982,1.57913192501164,,1
Table S1,121,Uchida et al. (2001),static_experiment,,15.56,0.24,Au,16.07451028,0.051030191,Fei et al. (2007),1,6.29993,0.03311,20.922559770921062,0.10996089702825212,473.0,0.0,experimental_reported,0.661060824188638,0.731648981288531,1.81108004203587,,1
Table S1,122,Uchida et al. (2001),static_experiment,,15.41,0.14,Au,15.75539495,0.143137916,Fei et al. (2007),1,6.30896,0.03311,20.952549106474223,0.10996089702825212,473.0,0.0,experimental_reported,0.682621183269802,0.75325167122705,1.8033628595096,,1
Table S1,123,Uchida et al. (2001),static_experiment,,15.41,0.02,Au,15.73423639,0.227582643,Fei et al. (2007),1,6.33906,0.03612,21.05251355831809,0.11995734221263868,573.0,0.0,experimental_reported,1.02977378991549,1.0980542161453,1.80463083421525,,1
Table S1,124,Uchida et al. (2001),static_experiment,,15.31,0.08,Au,15.7099273,0.217761368,Fei et al. (2007),1,6.38421,0.03311,21.20246023608389,0.10996089702825212,773.0,0.0,experimental_reported,0.898839025020372,0.963564966255641,1.03474474678439,,1
Table S1,125,Uchida et al. (2001),static_experiment,,15.17,0.21,Au,15.65837012,0.020322349,Fei et al. (2007),1,6.28488,0.03311,20.87257754499913,0.10996089702825212,373.0,0.0,experimental_reported,0.290335658327573,0.36377892584038,1.73268671694964,,1
Table S1,126,Uchida et al. (2001),static_experiment,,15.15,0.24,Au,15.43275513,0.080641438,Fei et al. (2007),1,6.27886,0.03311,20.85258465463036,0.10996089702825212,298.0,0.0,experimental_reported,0.185953054255865,0.261681295204177,1.82107454501574,,1
Table S1,127,Uchida et al. (2001),static_experiment,,15.15,0.21,Au,15.4973589,0.245502715,Fei et al. (2007),1,6.29391,0.03311,20.902566880552293,0.10996089702825212,373.0,0.0,experimental_reported,0.476688202261155,0.550168108531322,1.89095437038991,,1
Table S1,128,Uchida et al. (2001),static_experiment,,14.94,0.21,Au,15.27091938,0.185102053,Fei et al. (2007),1,6.36615,0.03311,21.14248156497757,0.10996089702825212,673.0,0.0,experimental_reported,0.710848247960701,0.777202940641562,1.14969609110839,,1
Table S1,129,Uchida et al. (2001),static_experiment,,14.85,0.18,Au,15.16276977,0.213131302,Fei et al. (2007),1,6.28789,0.03612,20.882573990183516,0.11995734221263868,298.0,0.0,experimental_reported,0.2669468804157,0.34271232628462,1.87500740109472,,1
Table S1,130,Uchida et al. (2001),static_experiment,,14.84,0.25,Au,15.08212703,0.192322425,Fei et al. (2007),1,6.28187,0.03311,20.862581099814744,0.10996089702825212,298.0,0.0,experimental_reported,-0.0473757490740372,0.028364878886542,1.5787396462145,,1
Table S1,131,Uchida et al. (2001),static_experiment,,14.57,0.23,Au,15.01289125,0.23699142,Fei et al. (2007),1,6.35411,0.03612,21.102495784240023,0.11995734221263868,573.0,0.0,experimental_reported,0.852807681693923,0.92117434395419,1.57663007245747,,1
Table S1,132,Uchida et al. (2001),static_experiment,,14.55,0.28,Au,14.80708514,0.284947343,Fei et al. (2007),1,6.30595,0.03612,20.942552661289838,0.11995734221263868,373.0,0.0,experimental_reported,0.245327893330446,0.318856983804494,1.62195525567312,,1
Table S1,133,Uchida et al. (2001),static_experiment,,14.39,0.24,Au,14.57514437,0.325020641,Fei et al. (2007),1,6.29391,0.03311,20.902566880552293,0.10996089702825212,298.0,0.0,experimental_reported,-0.0882179529170717,-0.0124276321960313,1.5017312753005,,1
Table S1,134,Uchida et al. (2001),static_experiment,,14.15,0.27,Au,14.50429299,0.276760361,Fei et al. (2007),1,6.33906,0.03612,21.05251355831809,0.11995734221263868,473.0,0.0,experimental_reported,0.54785300280782,0.618626554789007,1.5701651769443,,1
Table S1,135,Uchida et al. (2001),static_experiment,,13.93,0.25,Au,14.20641453,0.254960778,Fei et al. (2007),1,6.32702,0.03612,21.012527777580544,0.11995734221263868,373.0,0.0,experimental_reported,0.436249832660152,0.509865866673008,1.74649393258886,,1
Table S1,136,Uchida et al. (2001),static_experiment,,13.73,0.31,Au,14.11612527,0.361686958,Fei et al. (2007),1,6.43839,0.03311,21.382396249402845,0.10996089702825212,773.0,0.0,experimental_reported,1.14347797195485,1.20861991764644,1.08277595089035,,1
Table S1,137,Uchida et al. (2001),static_experiment,,13.66,0.35,Au,13.89177549,0.29470482,Fei et al. (2007),1,6.31197,0.03311,20.96254555165861,0.10996089702825212,298.0,0.0,experimental_reported,-0.0814542562426954,-0.00558898784743178,1.45382846779332,,1
Table S1,138,Uchida et al. (2001),static_experiment,,13.27,0.28,Au,13.64207193,0.287850802,Fei et al. (2007),1,6.42033,0.03612,21.322417578296527,0.11995734221263868,673.0,0.0,experimental_reported,0.955744863087746,1.02246758754218,1.20332734904494,,1
Table S1,139,Uchida et al. (2001),static_experiment,,13.01,0.18,Au,13.51194251,0.32023717,Fei et al. (2007),1,6.39324,0.03612,21.232449571637044,0.11995734221263868,573.0,0.0,experimental_reported,0.734141647744508,0.802735804999639,1.32392638805682,,1
Table S1,140,Uchida et al. (2001),static_experiment,,12.97,0.4,Au,13.36513695,0.412186182,Fei et al. (2007),1,6.40528,0.03612,21.272435352374593,0.11995734221263868,573.0,0.0,experimental_reported,1.00322728447708,1.07189232338717,1.55139576490104,,1
Table S1,141,Uchida et al. (2001),static_experiment,,12.69,0.2,Au,13.09112686,0.206321936,Fei et al. (2007),1,6.45043,0.03612,21.42238203014039,0.11995734221263868,673.0,0.0,experimental_reported,1.40806514096741,1.47499539758997,1.54796418587296,,1
Table S1,142,Uchida et al. (2001),static_experiment,,12.66,0.39,Au,12.92212548,0.398074956,Fei et al. (2007),1,6.39023,0.03612,21.22245312645266,0.11995734221263868,473.0,0.0,experimental_reported,0.797327659314943,0.868350733067953,1.64952054304341,,1
Table S1,143,Uchida et al. (2001),static_experiment,,12.35,0.19,Au,12.70510855,0.14603573,Fei et al. (2007),1,6.49859,0.03612,21.582325153090576,0.11995734221263868,773.0,0.0,experimental_reported,1.67572701646222,1.74133744257743,1.39299159283851,,1
Table S1,144,Uchida et al. (2001),static_experiment,,12.33,0.41,Au,12.68778749,0.195196731,Fei et al. (2007),1,6.42033,0.03311,21.322417578296527,0.10996089702825212,573.0,0.0,experimental_reported,0.839628769537393,0.908382949615085,1.33554095940439,,1
Table S1,145,Uchida et al. (2001),static_experiment,,12.18,0.14,Au,12.53332315,0.416760948,Fei et al. (2007),1,6.37518,0.03612,21.17247090053073,0.11995734221263868,373.0,0.0,experimental_reported,0.518866450252018,0.592684990379714,1.67503564859794,,1
Table S1,146,Uchida et al. (2001),static_experiment,,12.16,0.45,Au,12.33674811,0.195169204,Fei et al. (2007),1,6.41431,0.03612,21.302424687927754,0.11995734221263868,473.0,0.0,experimental_reported,1.04599934542681,1.11714229232513,1.81700415199243,,1
Table S1,147,Uchida et al. (2001),static_experiment,,12.01,0.19,Au,12.28455315,0.454609286,Fei et al. (2007),1,6.36314,0.03612,21.13248511979318,0.11995734221263868,298.0,0.0,experimental_reported,0.208981378980813,0.285061267067819,1.58678371715815,,1
Table S1,148,Dewaele et al. (2006),static_experiment,,17.7,0.1,ruby,17.75720414,0.100323187,Ye et al. (2018),1,6.198192,0.0,20.584679923688796,0.0,298.0,0.0,experimental_reported,-0.750493461502245,-0.675090834147344,1.12041120651012,,1
Table S1,149,Dewaele et al. (2006),static_experiment,,17.8,0.1,ruby,17.85860135,0.100329221,Ye et al. (2018),1,6.189764,0.0,20.556689877172516,0.0,298.0,0.0,experimental_reported,-1.00320723009481,-0.927837806245819,0.89167805616513,,1
Table S1,150,Dewaele et al. (2006),static_experiment,,19.9,0.1,ruby,19.96307896,0.10031698,Ye et al. (2018),1,6.141002,0.0,20.394747465185453,0.0,298.0,0.0,experimental_reported,-0.999515333398072,-0.924334343587045,1.03150073590369,,1
Table S1,151,Dewaele et al. (2006),static_experiment,,21.4,0.1,ruby,21.50807552,0.100505026,Ye et al. (2018),1,6.109096,0.0,20.288785146230957,0.0,298.0,0.0,experimental_reported,-0.878447401374743,-0.803385906272911,1.23911312796238,,1
Table S1,152,Dewaele et al. (2006),static_experiment,,22.9,0.1,ruby,22.99383909,0.100409778,Ye et al. (2018),1,6.071772,0.0,20.164829225944562,0.0,298.0,0.0,experimental_reported,-1.10979849875367,-1.03487239334179,1.10630551710599,,1
Table S1,153,Dewaele et al. (2006),static_experiment,,24.1,0.1,ruby,24.19154299,0.100379846,Ye et al. (2018),1,6.045284,0.0,20.07686050832196,0.0,298.0,0.0,experimental_reported,-1.16532720535397,-1.09049397929289,1.11885986846823,,1
Table S1,154,Dewaele et al. (2006),static_experiment,,27.3,0.1,ruby,27.45545207,0.100569422,Ye et al. (2018),1,5.981472,0.0,19.864935870412967,0.0,298.0,0.0,experimental_reported,-1.04348715375584,-0.968865164469157,1.39800057833199,,1
Table S1,155,Dewaele et al. (2006),static_experiment,,30.3,0.1,ruby,30.47582191,0.10058027,Ye et al. (2018),1,5.9199476,0.0,19.660608530844108,0.0,298.0,0.0,experimental_reported,-1.22515400674666,-1.15071617109846,1.35833170671921,,1
Table S1,156,Dewaele et al. (2006),static_experiment,,30.4,0.1,ruby,30.63055474,0.100758404,Ye et al. (2018),1,5.924282,0.0,19.67500341190962,0.0,298.0,0.0,experimental_reported,-0.839072442568494,-0.764622335721413,1.73473791889251,,1
Table S1,157,Dewaele et al. (2006),static_experiment,,33.6,0.1,ruby,33.87137487,0.100807663,Ye et al. (2018),1,5.864684,0.0,19.477073797258765,0.0,298.0,0.0,experimental_reported,-0.858808541742917,-0.78451678837056,1.84343816328602,,1
Table S1,158,Dewaele et al. (2006),static_experiment,,36.1,0.1,ruby,36.38821796,0.100798388,Ye et al. (2018),1,5.823748,0.0,19.34112214275111,0.0,298.0,0.0,experimental_reported,-0.684022005981234,-0.609824908967795,2.10044571176687,,1
Table S1,159,Dewaele et al. (2006),static_experiment,,36.3,0.1,ruby,36.38821796,0.100243025,Ye et al. (2018),1,5.810504,0.0,19.29713778393981,0.0,298.0,0.0,experimental_reported,-1.46028014221135,-1.38611096103135,1.34969003051561,,1
Table S1,160,Dewaele et al. (2006),static_experiment,,38.0,0.1,ruby,38.38574094,0.101015108,Ye et al. (2018),1,5.774986,0.0,19.179179730764048,0.0,298.0,0.0,experimental_reported,-1.59059385155734,-1.5164924966245,1.28501498356374,,1
Table S1,161,Dewaele et al. (2006),static_experiment,,42.9,0.1,ruby,43.34476859,0.101036757,Ye et al. (2018),1,5.697328,0.0,18.921271445006873,0.0,298.0,0.0,experimental_reported,-1.52754996443277,-1.45355733158951,1.47683805981561,,1
Table S1,162,Dewaele et al. (2006),static_experiment,,47.2,0.1,ruby,47.58770772,0.100184648,Ye et al. (2018),1,5.638332,0.0,18.725341119392898,0.0,298.0,0.0,experimental_reported,-1.24050028400789,-1.16654873382222,1.84722501231212,,1
Table S1,163,Dewaele et al. (2006),static_experiment,,47.5,0.1,ruby,47.69245281,0.101043332,Ye et al. (2018),1,5.632312,0.0,18.705348229024125,0.0,298.0,0.0,experimental_reported,-1.55144748516462,-1.47749788594611,1.54403740980661,,1
Table S1,164,Dewaele et al. (2006),static_experiment,,56.3,0.1,ruby,56.33266887,0.100058026,Ye et al. (2018),1,5.51131,0.0,18.303491132611786,0.0,298.0,0.0,experimental_reported,-1.76944492090119,-1.69543361335285,1.45062452328585,,1
Table S1,165,Dewaele et al. (2006),static_experiment,,65.0,0.1,ruby,65.02888924,0.100044445,Ye et al. (2018),1,5.395726,0.0,17.91962763753134,0.0,298.0,0.0,experimental_reported,-2.50631632475017,-2.43203247220717,0.771700420658121,,1
Table S1,166,Dewaele et al. (2006),static_experiment,,71.2,0.1,ruby,71.18182156,0.099974468,Ye et al. (2018),1,5.330108,0.0,17.701705132511716,0.0,298.0,0.0,experimental_reported,-2.17667309248068,-2.10212065096252,1.10475543545242,,1
Table S1,167,Dewaele et al. (2006),static_experiment,,76.7,0.1,ruby,76.70696369,0.100009079,Ye et al. (2018),1,5.268704,0.0,17.49777765075023,0.0,298.0,0.0,experimental_reported,-2.43460122465811,-2.35970990640898,0.829074064500546,,1
Table S1,168,Dewaele et al. (2006),static_experiment,,82.4,0.1,ruby,82.35704482,0.09994787,Ye et al. (2018),1,5.212718,0.0,17.31184377032064,0.0,298.0,0.0,experimental_reported,-2.35711681352593,-2.28183351833914,0.87167954977005,,1
Table S1,169,Dewaele et al. (2006),static_experiment,,88.9,0.1,ruby,88.78911599,0.099875271,Ye et al. (2018),1,5.148906,0.0,17.099919132411646,0.0,298.0,0.0,experimental_reported,-2.64836561295918,-2.57252720508835,0.517719692814381,,1
Table S1,170,Dewaele et al. (2006),static_experiment,,99.5,0.1,ruby,99.39998706,0.099899484,Ye et al. (2018),1,5.057402,0.0,16.796027198806293,0.0,298.0,0.0,experimental_reported,-2.42394909332933,-2.34708456050043,0.606889511481427,,1
Table S1,171,Dewaele et al. (2006),static_experiment,,115.0,0.1,ruby,114.7864487,0.099814303,Ye et al. (2018),1,4.944828,0.0,16.422160148910237,0.0,298.0,0.0,experimental_reported,-1.1438293985249,-1.06526301586082,1.64200187074164,,1
Table S1,172,Dewaele et al. (2006),static_experiment,,124.0,0.1,ruby,123.6088842,0.099684584,Ye et al. (2018),1,4.872588,0.0,16.18224546448496,0.0,298.0,0.0,experimental_reported,-2.22773118376844,-2.14777062549581,0.352084708392724,,1
Table S1,173,Dewaele et al. (2006),static_experiment,,28.1,0.1,W,28.1,0.1,,0,5.9478804,0.0,19.75337554215521,0.0,298.0,0.0,experimental_reported,-2.12555578520654,-2.05103694268633,0.394690958522176,,1
Table S1,174,Dewaele et al. (2006),static_experiment,,29.0,0.1,W,29.0,0.1,,0,5.933914,0.0,19.706992036499656,0.0,298.0,0.0,experimental_reported,-1.95869500102075,-1.88421722680786,0.593432473508535,,1
Table S1,175,Dewaele et al. (2006),static_experiment,,53.0,0.1,W,53.0,0.1,,0,5.539002,0.0,18.395458428308142,0.0,298.0,0.0,experimental_reported,-2.98747847552887,-2.91349949524798,0.209553414690177,,1
Table S1,176,Dewaele et al. (2006),static_experiment,,55.2,0.1,W,55.2,0.1,,0,5.5145608,0.0,18.314287293410924,0.0,298.0,0.0,experimental_reported,-2.65107928554983,-2.57707238024211,0.566461429936162,,1
Table S1,177,Dewaele et al. (2006),static_experiment,,78.4,0.1,W,78.4,0.1,,0,5.26148,0.0,17.473786182307702,0.0,298.0,0.0,experimental_reported,-1.44415264717175,-1.36921539623585,1.81604511085791,,1
Table S1,178,Dewaele et al. (2006),static_experiment,,90.0,0.1,W,90.0,0.1,,0,5.15613,0.0,17.123910600854174,0.0,298.0,0.0,experimental_reported,-0.655664192440355,-0.579894842543695,2.51878859942708,,1
Table S1,179,Dewaele et al. (2006),static_experiment,,105.0,0.1,W,105.0,0.1,,0,5.0118908,0.0,16.64488094761837,0.0,298.0,0.0,experimental_reported,-2.34144855130863,-2.26395936145407,0.601142112175921,,1
Table S1,180,Dewaele et al. (2006),static_experiment,,106.0,0.1,W,106.0,0.1,,0,5.009844,0.0,16.638083364892985,0.0,298.0,0.0,experimental_reported,-1.59536195953596,-1.51784273565264,1.34292067867077,,1
Table S1,181,Dewaele et al. (2006),static_experiment,,122.0,0.1,W,122.0,0.1,,0,4.8817986,0.0,16.21283458674918,0.0,298.0,0.0,experimental_reported,-2.53394459126568,-2.45417636863911,0.0743417661532959,,1
Table S1,182,Dewaele et al. (2006),static_experiment,,127.0,0.1,W,127.0,0.1,,0,4.858742,0.0,16.136261816636782,0.0,298.0,0.0,experimental_reported,-0.817372070783591,-0.737113941019146,1.71841237122256,,1
Table S1,183,Dewaele et al. (2006),static_experiment,,133.0,0.1,W,133.0,0.1,,0,4.82202,0.0,16.014305185387265,0.0,298.0,0.0,experimental_reported,-0.204507286400116,-0.123409055253319,2.20724637760259,,1
Table S1,184,Dewaele et al. (2006),static_experiment,,136.0,0.1,W,136.0,0.1,,0,4.7851174,0.0,15.891748767426686,0.0,298.0,0.0,experimental_reported,-2.82053267992143,-2.7385117417613,-0.544197066470929,,1
Table S1,185,Dewaele et al. (2006),static_experiment,,143.0,0.1,W,143.0,0.1,,0,4.755198,0.0,15.792384102293884,0.0,298.0,0.0,experimental_reported,-0.528726002441459,-0.445895539154691,1.62974914623129,,1
Table S1,186,Dewaele et al. (2006),static_experiment,,146.0,0.1,W,146.0,0.1,,0,4.7218472,0.0,15.68162348965088,0.0,298.0,0.0,experimental_reported,-2.94676880954842,-2.8629671630857,-0.928315909273323,,1
Table S1,187,Dewaele et al. (2006),static_experiment,,154.0,0.1,W,154.0,0.1,,0,4.682356,0.0,15.55047012883173,0.0,298.0,0.0,experimental_reported,-1.6032897315001,-1.5182383603792,0.237413451923004,,1
Table S1,188,Dewaele et al. (2006),static_experiment,,157.0,0.1,W,157.0,0.1,,0,4.6538814,0.0,15.455903757387432,0.0,298.0,0.0,experimental_reported,-3.5714567530776,-3.48543303272058,-1.86704995043365,,1
Table S1,189,Dewaele et al. (2006),static_experiment,,163.0,0.1,W,163.0,0.1,,0,4.636002,0.0,15.396524872992176,0.0,298.0,0.0,experimental_reported,-0.765641123680524,-0.678974757354268,0.849672116863076,,1
Table S1,190,Dewaele et al. (2006),static_experiment,,167.0,0.1,W,167.0,0.1,,0,4.6115608,0.0,15.315353738094958,0.0,298.0,0.0,experimental_reported,-1.22786893265743,-1.1402822887344,0.261244591561336,,1
Table S1,191,Dewaele et al. (2006),static_experiment,,172.0,0.1,W,172.0,0.1,,0,4.586036,0.0,15.230583882931358,0.0,298.0,0.0,experimental_reported,-1.00920329732136,-0.920601949844581,0.342655841791952,,1
Table S1,192,Dewaele et al. (2006),static_experiment,,176.0,0.1,W,176.0,0.1,,0,4.5567186,0.0,15.133218506835433,0.0,298.0,0.0,experimental_reported,-2.65872248141261,-2.568884808436,-1.47142013743121,,1
Table S1,193,Dewaele et al. (2006),static_experiment,,181.0,0.1,W,181.0,0.1,,0,4.538478,0.0,15.07264004901805,0.0,298.0,0.0,experimental_reported,-1.26133518208027,-1.17068838284922,-0.180151221833654,,1
Table S1,194,Dewaele et al. (2006),static_experiment,,188.0,0.1,W,188.0,0.1,,0,4.4833348,0.0,14.889505173240089,0.0,298.0,0.0,experimental_reported,-5.57824640662383,-5.48495565349566,-4.83529240109098,,1
Table S1,195,Dewaele et al. (2006),static_experiment,,189.0,0.1,W,189.0,0.1,,0,4.501756,0.0,14.950683417768536,0.0,298.0,0.0,experimental_reported,-0.72493941752839,-0.632566071949327,0.133913564296591,,1
Table S1,196,Dewaele et al. (2006),static_experiment,,195.0,0.1,W,195.0,0.1,,0,4.470452,0.0,14.846720387850914,0.0,298.0,0.0,experimental_reported,-1.31762476195991,-1.22367122276483,-0.657453975349739,,1
Table S1,197,Dewaele et al. (2006),static_experiment,,197.0,0.1,W,197.0,0.1,,0,4.4491412,0.0,14.775945555945457,0.0,298.0,0.0,experimental_reported,-3.93140692465656,-3.8363174839813,-3.41129122366289,,1
Table S1,198,Dewaele et al. (2006),static_experiment,,201.0,0.1,W,201.0,0.1,,0,4.428312,0.0,14.706770155269503,0.0,298.0,0.0,experimental_reported,-4.5422802177697,-4.44603137083192,-4.16278824452473,,1
Table S1,199,Dewaele et al. (2006),static_experiment,,202.0,0.1,W,202.0,0.1,,0,4.429516,0.0,14.710768733343256,0.0,298.0,0.0,experimental_reported,-3.27298151601221,-3.17680104286495,-2.88526091985184,,1
Table S1,200,Dewaele et al. (2006),static_experiment,,205.0,0.1,W,205.0,0.1,,0,4.41266,0.0,14.654788640310692,0.0,298.0,0.0,experimental_reported,-4.07460363595229,-3.97745045831624,-3.803196242014,,1
Table S1,201,Dewaele et al. (2008),static_experiment,,17.6,0.0,ruby,17.7542226111432,0.0,Ye et al. (2018),1,6.198192,0.0,20.584679923688796,0.0,300.0,0.0,experimental_reported,-0.761046120120383,-0.685702971262227,1.10568791813523,,1
Table S1,202,Dewaele et al. (2008),static_experiment,,19.7,0.0,ruby,19.9118696309347,0.0,Ye et al. (2018),1,6.141002,0.0,20.394747465185453,0.0,300.0,0.0,experimental_reported,-1.05799917506462,-0.982876878998201,0.96902310736526,,1
Table S1,203,Dewaele et al. (2008),static_experiment,,21.2,0.0,ruby,21.4534653231734,0.0,Ye et al. (2018),1,6.109096,0.0,20.288785146230957,0.0,300.0,0.0,experimental_reported,-0.940167720580085,-0.865164438509851,1.17349758868853,,1
Table S1,204,Dewaele et al. (2008),static_experiment,,23.8,0.0,ruby,24.139334490256,0.0,Ye et al. (2018),1,6.045284,0.0,20.07686050832196,0.0,300.0,0.0,experimental_reported,-1.22431985385934,-1.14954378943301,1.05616850552116,,1
Table S1,205,Dewaele et al. (2008),static_experiment,,27.0,0.0,ruby,27.4492200436097,0.0,Ye et al. (2018),1,5.981472,0.0,19.864935870412967,0.0,300.0,0.0,experimental_reported,-1.05618173155212,-0.981615736413499,1.38180235479129,,1
Table S1,206,Dewaele et al. (2008),static_experiment,,30.0,0.0,ruby,30.5547545453662,0.0,Ye et al. (2018),1,5.924282,0.0,19.67500341190962,0.0,300.0,0.0,experimental_reported,-0.921051293095541,-0.846656039993313,1.64942843915237,,1
Table S1,207,Dewaele et al. (2008),static_experiment,,35.5,0.0,ruby,36.3073561158779,0.0,Ye et al. (2018),1,5.823748,0.0,19.34112214275111,0.0,300.0,0.0,experimental_reported,-0.770574973004528,-0.696430524679521,2.01086053137205,,1
Table S1,208,Dewaele et al. (2008),static_experiment,,33.1,0.0,ruby,33.7977415141661,0.0,Ye et al. (2018),1,5.864684,0.0,19.477073797258765,0.0,300.0,0.0,experimental_reported,-0.938329637422427,-0.864091460068394,1.76076435087357,,1
Table S1,209,Dewaele et al. (2008),static_experiment,,17.7,0.0,ruby,17.8436869305727,0.0,Ye et al. (2018),1,6.189764,0.0,20.556689877172516,0.0,300.0,0.0,experimental_reported,-1.02564892610832,-0.950338871376037,0.86509178981694,,1
Table S1,210,Dewaele et al. (2008),static_experiment,,22.6,0.0,ruby,22.8838895618623,0.0,Ye et al. (2018),1,6.071772,0.0,20.164829225944562,0.0,300.0,0.0,experimental_reported,-1.22666699748844,-1.15179850451624,0.985656868766316,,1
Table S1,211,Dewaele et al. (2008),static_experiment,,29.9,0.0,ruby,30.4600385491954,0.0,Ye et al. (2018),1,5.9199476,0.0,19.660608530844108,0.0,300.0,0.0,experimental_reported,-1.24709468949896,-1.17271161767643,1.33307342265081,,1
Table S1,212,Dewaele et al. (2008),static_experiment,,37.4,0.0,ruby,38.3205292485492,0.0,Ye et al. (2018),1,5.774986,0.0,19.179179730764048,0.0,300.0,0.0,experimental_reported,-1.66126614212284,-1.58721628188567,1.21145193585888,,1
Table S1,213,Dewaele et al. (2008),static_experiment,,42.1,0.0,ruby,43.2915790082673,0.0,Ye et al. (2018),1,5.697328,0.0,18.921271445006873,0.0,300.0,0.0,experimental_reported,-1.58584193326937,-1.51189885589981,1.41587527016286,,1
Table S1,214,Dewaele et al. (2008),static_experiment,,46.2,0.0,ruby,47.6147348239059,0.0,Ye et al. (2018),1,5.632312,0.0,18.705348229024125,0.0,300.0,0.0,experimental_reported,-1.63397704344243,-1.56007529136684,1.45901543788119,,1
Table S1,215,Dewaele et al. (2008),static_experiment,,35.5,0.0,ruby,36.3073561158779,0.0,Ye et al. (2018),1,5.810504,0.0,19.29713778393981,0.0,300.0,0.0,experimental_reported,-1.54677009139218,-1.47265325064037,1.2602065229964,,1
Table S1,216,Dewaele et al. (2008),static_experiment,,46.1,0.0,ruby,47.5133971483657,0.0,Ye et al. (2018),1,5.638332,0.0,18.725341119392898,0.0,300.0,0.0,experimental_reported,-1.31964899058583,-1.24574544865304,1.76556760942088,,1
Table S1,217,Dewaele et al. (2008),static_experiment,,54.3,0.0,ruby,56.26295816324,0.0,Ye et al. (2018),1,5.51131,0.0,18.303491132611786,0.0,300.0,0.0,experimental_reported,-1.84344994409724,-1.76948313810547,1.37444322143136,,1
Table S1,218,Dewaele et al. (2008),static_experiment,,62.4,0.0,ruby,64.9642780310439,0.0,Ye et al. (2018),1,5.395726,0.0,17.91962763753134,0.0,300.0,0.0,experimental_reported,-2.57475911883675,-2.50051642837967,0.701361703105064,,1
Table S1,219,Dewaele et al. (2008),static_experiment,,68.1,0.0,ruby,71.0902935660672,0.0,Ye et al. (2018),1,5.330108,0.0,17.701705132511716,0.0,300.0,0.0,experimental_reported,-2.27178436924551,-2.19727115750629,1.0078972121665,,1
Table S1,220,Dewaele et al. (2008),static_experiment,,73.2,0.0,ruby,76.6287500069797,0.0,Ye et al. (2018),1,5.268704,0.0,17.49777765075023,0.0,300.0,0.0,experimental_reported,-2.51617555955075,-2.44132165261485,0.74588522506285,,1
Table S1,221,Dewaele et al. (2008),static_experiment,,78.4,0.0,ruby,82.2623455192916,0.0,Ye et al. (2018),1,5.212718,0.0,17.31184377032064,0.0,300.0,0.0,experimental_reported,-2.45498209280134,-2.37973455075699,0.772314533025366,,1
Table S1,222,Dewaele et al. (2008),static_experiment,,84.3,0.0,ruby,88.7235085182344,0.0,Ye et al. (2018),1,5.148906,0.0,17.099919132411646,0.0,300.0,0.0,experimental_reported,-2.71692692737952,-2.64112239193214,0.447782410106044,,1
Table S1,223,Dewaele et al. (2008),static_experiment,,94.0,0.0,ruby,99.3364057539683,0.0,Ye et al. (2018),1,5.057402,0.0,16.796027198806293,0.0,300.0,0.0,experimental_reported,-2.49019821169999,-2.41336489089193,0.539428794385358,,1
Table S1,224,Ono et al. (2010),static_experiment,,17.4,0.0,NaCl-B1,17.4,0.0,,0,6.215048,0.006622,20.640660016721363,0.021992179405650427,300.0,0.0,experimental_reported,-0.4149,-0.33949,1.403435,,1
Table S1,225,Ono et al. (2010),static_experiment,,29.1,0.0,NaCl-B2,29.1438342450817,0.0,Fei et al. (2007),1,5.989599,0.036,19.89192627241081,0.11955881283651695,300.0,0.0,experimental_reported,1.0484675136918,1.12305918855091,3.4669419765097,,1
Table S1,226,Ono et al. (2010),static_experiment,,34.6,0.0,NaCl-B2,34.4705341279761,0.0,Fei et al. (2007),1,5.855654,0.047,19.44708446170561,0.1560906723143416,300.0,0.0,experimental_reported,-0.774789899011743,-0.700573447343174,1.94290033495385,,1
Table S1,227,Ono et al. (2010),static_experiment,,40.6,0.0,NaCl-B2,40.3032453326962,0.0,Fei et al. (2007),1,5.768063,0.101,19.156187906839957,0.33542889156911704,300.0,0.0,experimental_reported,-0.101221117688233,-0.0271830606168777,2.78383252574194,,1
Table S1,228,Ono et al. (2010),static_experiment,,44.0,0.0,NaCl-B2,43.6213141920728,0.0,Fei et al. (2007),1,5.690706,0.043,18.899279265601223,0.1428063597769508,300.0,0.0,experimental_reported,-1.68964951914769,-1.61571278354975,1.32208485211228,,1
Table S1,229,Ono et al. (2010),static_experiment,,44.7,0.0,NaCl-B2,44.3065929148623,0.0,Fei et al. (2007),1,5.695823,0.014,18.91627322241468,0.046495093880867706,300.0,0.0,experimental_reported,-0.669132689653416,-0.595191094074572,2.3348751378388,,1
Table S1,230,Ono et al. (2010),static_experiment,,49.4,0.0,NaCl-B2,48.9120979821294,0.0,Fei et al. (2007),1,5.60763,0.035,18.623377378512156,0.11623773470216928,300.0,0.0,experimental_reported,-2.06483815913622,-1.99093910596413,1.05854344554352,,1
Table S1,231,Ono et al. (2010),static_experiment,,50.5,0.0,NaCl-B2,49.9929776288813,0.0,Fei et al. (2007),1,5.614854,0.029,18.647368846954684,0.09631126589608312,300.0,0.0,experimental_reported,-0.474112058497063,-0.400213000805245,2.64062570948155,,1
Table S1,232,Ono et al. (2010),static_experiment,,54.6,0.0,NaCl-B2,54.0321887531616,0.0,Fei et al. (2007),1,5.558868,0.011,18.461434966525093,0.03653185947782463,300.0,0.0,experimental_reported,-0.475502072113606,-0.401585119706063,2.70064914670672,,1
Table S1,233,Ono et al. (2010),static_experiment,,57.4,0.0,NaCl-B2,56.799921296808,0.0,Fei et al. (2007),1,5.559771,0.016,18.464433900080408,0.053137250149563095,300.0,0.0,experimental_reported,2.35905463167051,2.43297095741362,5.53431874450425,,1
Table S1,234,Ono et al. (2010),static_experiment,,58.3,0.0,NaCl-B2,57.6922767397826,0.0,Fei et al. (2007),1,5.479705,0.032,18.198528458175726,0.10627450029912619,300.0,0.0,experimental_reported,-2.8941498240826,-2.82013054283223,0.345918931146031,,1
Table S1,235,Ono et al. (2010),static_experiment,,65.8,0.0,NaCl-B2,65.1506476923776,0.0,Fei et al. (2007),1,5.395425,0.03,17.918627993012905,0.0996323440304308,300.0,0.0,experimental_reported,-2.41429574049832,-2.34005201208873,0.861892096897591,,1
Table S1,236,Ono et al. (2010),static_experiment,,70.4,0.0,NaCl-B2,69.7540816312119,0.0,Fei et al. (2007),1,5.33071,0.006,17.703704421548593,0.019926468806086162,300.0,0.0,experimental_reported,-3.55293518923911,-3.47842488094962,-0.273183219887869,,1
Table S1,237,Ono et al. (2010),static_experiment,,83.7,0.0,NaCl-B2,83.1871591521993,0.0,Fei et al. (2007),1,5.182618,0.008,17.21187931847677,0.026568625074781548,300.0,0.0,experimental_reported,-4.65057801898129,-4.57508291473238,-1.44967862839671,,1
Table S1,238,Ono et al. (2010),static_experiment,,95.7,0.0,NaCl-B2,95.4668012173454,0.0,Fei et al. (2007),1,5.07486,0.01,16.854006580875737,0.033210781343476936,300.0,0.0,experimental_reported,-4.30700133148002,-4.23038706431377,-1.24732217468186,,1
Table S1,239,Ono et al. (2010),static_experiment,,100.7,0.0,NaCl-B2,100.627182956324,0.0,Fei et al. (2007),1,5.042954,0.017,16.748044261921237,0.05645832828391079,300.0,0.0,experimental_reported,-2.92468039297138,-2.84765712298,0.0785071492662439,,1
Table S1,240,Ono et al. (2010),static_experiment,,101.1,0.0,NaCl-B2,101.041867405265,0.0,Fei et al. (2007),1,5.034225,0.009,16.719054570886517,0.02988970320912924,300.0,0.0,experimental_reported,-3.56409420585348,-3.48695227688113,-0.57757607329134,,1
Table S1,241,Ono et al. (2010),static_experiment,,104.5,0.0,NaCl-B2,104.567585247206,0.0,Fei et al. (2007),1,5.015864,0.013,16.658076255261758,0.04317401574652001,300.0,0.0,experimental_reported,-2.28495730237302,-2.20755594981759,0.664769757770856,,1
Table S1,242,Ono et al. (2010),static_experiment,,106.7,0.0,NaCl-B2,106.856439328177,0.0,Fei et al. (2007),1,4.98456,0.01,16.55411322534414,0.033210781343476936,300.0,0.0,experimental_reported,-3.92003187057608,-3.8421563755354,-1.03850847001827,,1
Table S1,243,Sakai et al. (2011),static_experiment,,264.1,0.1,NaCl-B2,264.1,0.1,,0,4.1839,0.03913,13.895058806297316,0.12995378739702523,300.0,0.1,experimental_reported,-3.99491637695041,-3.88074681585647,-5.52610750986889,,1
Table S1,244,Sakai et al. (2011),static_experiment,,263.9,0.1,NaCl-B2,263.9,0.1,,0,4.1839,0.000301,13.895058806297316,0.0009996445184386558,300.0,0.1,experimental_reported,-4.19491637695046,-4.08074681585651,-5.72610750986894,,1
Table S1,245,Sakai et al. (2011),static_experiment,,261.7,0.4,NaCl-B2,261.7,0.4,,0,4.1839,0.000301,13.895058806297316,0.0009996445184386558,640.0,200.0,experimental_reported,-6.96510848142827,-6.85674108371427,-8.64091627567382,,1
Table S1,246,Sakai et al. (2011),static_experiment,,264.3,0.8,NaCl-B2,264.3,0.8,,0,4.18691,0.000301,13.905055251481702,0.0009996445184386558,980.0,200.0,experimental_reported,-5.0956852208854,-4.99775690154956,-6.97165407090165,,1
Table S1,247,Sakai et al. (2011),static_experiment,,264.5,1.2,NaCl-B2,264.5,1.2,,0,4.18691,0.000301,13.905055251481702,0.0009996445184386558,1310.0,200.0,experimental_reported,-7.21553786090993,-7.12682866201976,-9.2761289884304,,1
Table S1,248,Sakai et al. (2011),static_experiment,,265.7,1.5,NaCl-B2,265.7,1.5,,0,4.19293,0.000301,13.925048141850473,0.0009996445184386558,1480.0,200.0,experimental_reported,-5.67714654958093,-5.5930933852058,-7.76490195855513,,1
Table S1,249,Sakai et al. (2011),static_experiment,,265.9,1.8,NaCl-B2,265.9,1.8,,0,4.18992,0.000301,13.915051696666087,0.0009996445184386558,1720.0,40.0,experimental_reported,-8.45340598210993,-8.37414134174691,-10.6532362927506,,1
Table S1,250,Sakai et al. (2011),static_experiment,,268.2,3.1,NaCl-B2,268.2,3.1,,0,4.20798,0.000301,13.975030367772407,0.0009996445184386558,2700.0,170.0,experimental_reported,-10.7198949812573,-10.6568373851184,-12.9988113130093,,1
Table S1,251,Sakai et al. (2011),static_experiment,,270.9,3.9,NaCl-B2,270.9,3.9,,0,4.21099,0.000301,13.985026812956793,0.0009996445184386558,3250.0,220.0,experimental_reported,-12.9823393405493,-12.9253015046622,-15.3063626007568,,1
Table S1,252,Sakai et al. (2011),static_experiment,,271.8,4.7,NaCl-B2,271.8,4.7,,0,4.214,0.000301,13.995023258141181,0.0009996445184386558,3820.0,280.0,experimental_reported,-17.3937067058527,-17.34191926569,-19.7454486237596,,1
Table S1,253,Sakai et al. (2011),static_experiment,,273.0,5.6,NaCl-B2,273.0,5.6,,0,4.20497,0.000301,13.965033922588022,0.0009996445184386558,4490.0,560.0,experimental_reported,-26.0505721854963,-26.0032444683615,-28.4839610331233,,1
Table S1,254,Yamazaki et al. (2012),static_experiment,,19.8,0.2,Au,19.63646479,0.198348129,Fei et al. (2007),1,6.150333,0.002709,20.42573644525705,0.008996800665947902,304.0,0.0,experimental_reported,-0.939382164611832,-0.864342741922023,1.05381447396042,,1
Table S1,255,Yamazaki et al. (2012),static_experiment,,20.7,0.2,Au,20.6050078,0.199082201,Fei et al. (2007),1,6.174413,0.002107,20.505708006732146,0.0069975116290705896,500.0,0.0,experimental_reported,-0.017150780002197,0.0521316421480797,1.46352584921234,,1
Table S1,256,Yamazaki et al. (2012),static_experiment,,21.7,0.1,Au,21.74965647,0.100228832,Fei et al. (2007),1,6.198192,0.003612,20.584679923688796,0.01199573422126387,700.0,0.0,experimental_reported,0.553243755243187,0.617974283013243,1.49872796022802,,1
Table S1,257,Yamazaki et al. (2012),static_experiment,,22.3,0.2,Au,22.40615441,0.296116578,Fei et al. (2007),1,6.113611,0.001204,20.303779814007534,0.003998578073754623,304.0,0.0,experimental_reported,0.201910214773047,0.276812895228321,2.2955657946768,,1
Table S1,258,Yamazaki et al. (2012),static_experiment,,22.7,0.3,Au,22.42815687,0.201149389,Fei et al. (2007),1,6.240633,0.002709,20.72562980078865,0.008996800665947902,900.0,0.0,experimental_reported,1.14084910994845,1.20249493926768,1.49674814170506,,1
Table S1,259,Yamazaki et al. (2012),static_experiment,,23.8,0.1,Au,23.51322099,0.098795046,Fei et al. (2007),1,6.058528,0.00301,20.12084486713326,0.009996445184386558,300.0,0.0,experimental_reported,-1.22023294613433,-1.14541102102994,1.02637011710346,,1
Table S1,260,Yamazaki et al. (2012),static_experiment,,23.9,0.2,Au,23.61650447,0.197627652,Fei et al. (2007),1,6.043478,0.002107,20.07086264121133,0.0069975116290705896,301.0,0.0,experimental_reported,-1.83707522167129,-1.76233401746618,0.446148833638531,,1
Table S1,261,Yamazaki et al. (2012),static_experiment,,24.4,0.1,Au,24.33290383,0.099725016,Fei et al. (2007),1,6.0802,0.002709,20.192819272460845,0.008996800665947902,500.0,0.0,experimental_reported,-0.438390991551707,-0.369494764408003,1.32160205873863,,1
Table S1,262,Yamazaki et al. (2012),static_experiment,,24.8,0.1,Au,24.61774531,0.099265102,Fei et al. (2007),1,6.060334,0.002709,20.126842734243894,0.008996800665947902,500.0,0.0,experimental_reported,-1.07352419202377,-1.00470264207295,0.743038233746976,,1
Table S1,263,Yamazaki et al. (2012),static_experiment,,25.0,0.1,Au,24.98720657,0.099948826,Fei et al. (2007),1,6.108193,0.00301,20.28578621267564,0.009996445184386558,700.0,0.0,experimental_reported,-0.0507100084642822,0.0134741667394245,1.18195222813262,,1
Table S1,264,Yamazaki et al. (2012),static_experiment,,25.5,0.1,Au,25.50243364,0.100009544,Fei et al. (2007),1,6.08622,0.002107,20.212812162829618,0.0069975116290705896,700.0,0.0,experimental_reported,-0.520866253425794,-0.456808196152302,0.779534779422523,,1
Table S1,265,Yamazaki et al. (2012),static_experiment,,25.6,0.1,Au,25.74975772,0.100584991,Fei et al. (2007),1,6.156955,0.003311,20.4477286246627,0.010996089702825214,900.0,0.0,experimental_reported,1.0503011962577,1.111279282528,1.69337970671431,,1
Table S1,266,Yamazaki et al. (2012),static_experiment,,26.4,0.2,Au,26.38881721,0.197669043,Fei et al. (2007),1,6.000435,0.001505,19.927913475074604,0.004998222592193279,302.0,0.0,experimental_reported,-1.17103640359499,-1.09646661066465,1.21758897931121,,1
Table S1,267,Yamazaki et al. (2012),static_experiment,,26.7,0.2,Au,26.58417524,0.201395267,Fei et al. (2007),1,6.134079,0.002408,20.371755641261363,0.007997156147509246,900.0,0.0,experimental_reported,0.907090412096139,0.967891575863977,1.6265350534853,,1
Table S1,268,Yamazaki et al. (2012),static_experiment,,27.7,0.3,Au,27.51080515,0.297950958,Fei et al. (2007),1,6.021204,0.002709,19.99688894684687,0.008996800665947902,500.0,0.0,experimental_reported,-0.0407170020311121,0.0279651607025215,1.88469904121477,,1
Table S1,269,Yamazaki et al. (2012),static_experiment,,29.0,0.2,Au,29.17829135,0.201229596,Fei et al. (2007),1,6.078996,0.002408,20.18882069438709,0.007997156147509246,900.0,0.0,experimental_reported,1.06411718905146,1.12450401462165,1.96329382168471,,1
Table S1,270,Yamazaki et al. (2012),static_experiment,,30.2,0.1,Au,29.75792672,0.098536181,Fei et al. (2007),1,5.960703,0.001204,19.7959603986407,0.003998578073754623,304.0,0.0,experimental_reported,0.178207590434646,0.252597449795317,2.65834957340605,,1
Table S1,271,Yamazaki et al. (2012),static_experiment,,30.4,0.5,Au,30.33410867,0.098487366,Fei et al. (2007),1,5.928195,0.001806,19.687998790649324,0.005997867110631935,301.0,0.0,experimental_reported,-0.9367518273984,-0.862373064131383,1.62325858001265,,1
Table S1,272,Yamazaki et al. (2012),static_experiment,,30.8,0.1,Au,30.51322619,0.098429762,Fei et al. (2007),1,5.910135,0.001505,19.628020119543006,0.004998222592193279,303.0,0.0,experimental_reported,-1.73021980245577,-1.65594631201996,0.86672021829121,,1
Table S1,273,Yamazaki et al. (2012),static_experiment,,31.0,0.1,Au,30.68933053,0.504758726,Fei et al. (2007),1,6.126253,0.001806,20.34576488378196,0.005997867110631935,1100.0,0.0,experimental_reported,2.7762315792073,2.83423733304799,3.10530745852808,,1
Table S1,274,Yamazaki et al. (2012),static_experiment,,31.3,0.1,Au,31.00829242,0.099068027,Fei et al. (2007),1,5.944449,0.001806,19.74197959464501,0.005997867110631935,500.0,0.0,experimental_reported,-0.386051383504171,-0.317609926449791,1.74226487817215,,1
Table S1,275,Yamazaki et al. (2012),static_experiment,,31.7,0.1,Au,31.496101,0.099356785,Fei et al. (2007),1,5.926991,0.001204,19.68400021257557,0.003998578073754623,500.0,0.0,experimental_reported,-0.809700833167508,-0.741307499041564,1.3626675551734,,1
Table S1,276,Yamazaki et al. (2012),static_experiment,,31.9,0.1,Au,31.92913485,0.100091332,Fei et al. (2007),1,5.966723,0.001505,19.81595328900947,0.004998222592193279,700.0,0.0,experimental_reported,0.195747147116673,0.259179663051814,1.84600037089536,,1
Table S1,277,Yamazaki et al. (2012),static_experiment,,32.4,0.1,Au,32.41244834,0.09973061,Fei et al. (2007),1,5.948663,0.000903,19.755974617903153,0.0029989335553159673,700.0,0.0,experimental_reported,-0.23823513923017,-0.174887161830526,1.46193172302098,,1
Table S1,278,Yamazaki et al. (2012),static_experiment,,32.5,0.1,Au,32.54287498,0.100440972,Fei et al. (2007),1,5.997124,0.001505,19.91691738537178,0.004998222592193279,900.0,0.0,experimental_reported,0.578117749897526,0.637924136902761,1.73258267282537,,1
Table S1,279,Yamazaki et al. (2012),static_experiment,,32.9,0.0,Au,33.22277607,0.0,Fei et al. (2007),1,6.041672,0.001505,20.0648647741007,0.004998222592193279,1100.0,0.0,experimental_reported,1.50389142048366,1.56115393031838,2.11857477701708,,1
Table S1,280,Yamazaki et al. (2012),static_experiment,,33.2,0.1,Au,33.33870947,0.1004178,Fei et al. (2007),1,5.972141,0.001806,19.833946890341366,0.005997867110631935,900.0,0.0,experimental_reported,0.141739431763455,0.201378393737542,1.37102655238869,,1
Table S1,281,Yamazaki et al. (2012),static_experiment,,33.7,0.1,Au,34.06028148,0.101069085,Fei et al. (2007),1,6.016388,0.001806,19.980894634551852,0.005997867110631935,1100.0,0.0,experimental_reported,1.14692845098301,1.20397672087771,1.84403357414752,,1
Table S1,282,Yamazaki et al. (2012),static_experiment,,35.2,0.2,Au,34.63062839,0.196764934,Fei et al. (2007),1,5.862577,0.002408,19.4700762856297,0.007997156147509246,306.0,0.0,experimental_reported,-0.241996761183444,-0.167926258603579,2.45189229846538,,1
Table S1,283,Yamazaki et al. (2012),static_experiment,,35.8,0.1,Au,35.20820633,0.295040835,Fei et al. (2007),1,5.851139,0.001204,19.432089793929027,0.003998578073754623,304.0,0.0,experimental_reported,-0.305162146034767,-0.231063890017978,2.41544651535941,,1
Table S1,284,Yamazaki et al. (2012),static_experiment,,35.8,0.3,Au,35.26035344,0.098492607,Fei et al. (2007),1,5.826457,0.001806,19.35011894341706,0.005997867110631935,303.0,0.0,experimental_reported,-1.66863927952541,-1.59456872837969,1.10290440900438,,1
Table S1,285,Yamazaki et al. (2012),static_experiment,,35.9,0.1,Au,35.36482969,0.098509275,Fei et al. (2007),1,5.837895,0.001204,19.388105435117726,0.003998578073754623,301.0,0.0,experimental_reported,-0.896987675993422,-0.822838853625939,1.85502021784698,,1
Table S1,286,Yamazaki et al. (2012),static_experiment,,36.5,0.1,Au,36.20699702,0.099197252,Fei et al. (2007),1,5.841206,0.002107,19.39910152482055,0.0069975116290705896,500.0,0.0,experimental_reported,-0.790939232190894,-0.722742165979213,1.58558070663011,,1
Table S1,287,Yamazaki et al. (2012),static_experiment,,36.5,0.1,Au,36.20699702,0.099197252,Fei et al. (2007),1,5.853246,0.001806,19.4390873055581,0.005997867110631935,500.0,0.0,experimental_reported,-0.110360599997165,-0.042140260246903,2.23879398180696,,1
Table S1,288,Yamazaki et al. (2012),static_experiment,,37.0,0.2,Au,36.9040512,0.199481358,Fei et al. (2007),1,5.85746,0.002709,19.45308232881624,0.008996800665947902,700.0,0.0,experimental_reported,-0.613434546427492,-0.550466292799378,1.32548511107774,,1
Table S1,289,Yamazaki et al. (2012),static_experiment,,37.1,0.1,Au,36.96249016,0.099629354,Fei et al. (2007),1,5.873112,0.001505,19.50506384377505,0.004998222592193279,700.0,0.0,experimental_reported,0.308907684714249,0.371935137321451,2.20850550380552,,1
Table S1,290,Yamazaki et al. (2012),static_experiment,,37.8,0.1,Au,37.90496963,0.100277697,Fei et al. (2007),1,5.898095,0.002107,19.588034338805457,0.0069975116290705896,900.0,0.0,experimental_reported,0.889316843129819,0.948490401311155,2.3310851772556,,1
Table S1,291,Yamazaki et al. (2012),static_experiment,,37.9,0.1,Au,38.07918502,0.100472784,Fei et al. (2007),1,5.883647,0.001806,19.5400514019204,0.005997867110631935,900.0,0.0,experimental_reported,0.288291602813089,0.34738021325272,1.76980744713106,,1
Table S1,292,Yamazaki et al. (2012),static_experiment,,38.2,0.1,Au,38.56708542,0.100960957,Fei et al. (2007),1,5.928195,0.002408,19.687998790649324,0.007997156147509246,1100.0,0.0,experimental_reported,1.26927386853234,1.32560940021651,2.24202860822365,,1
Table S1,293,Yamazaki et al. (2012),static_experiment,,38.2,0.2,Au,38.67840741,0.202504751,Fei et al. (2007),1,5.977258,0.001204,19.850940847154824,0.003998578073754623,1300.0,0.0,experimental_reported,1.90862982288741,1.96297120190324,2.3481510226249,,1
Table S1,294,Yamazaki et al. (2012),static_experiment,,38.6,0.1,Au,38.91146346,0.1008069,Fei et al. (2007),1,5.9598,0.005117,19.792961465085384,0.016993956813457146,1100.0,0.0,experimental_reported,3.22487560728745,3.28145991794507,4.10105650833061,,1
Table S1,295,Yamazaki et al. (2012),static_experiment,,38.6,0.1,Au,38.95319994,0.098366667,Fei et al. (2007),1,5.765053,0.001204,19.146191461655572,0.003998578073754623,304.0,0.0,experimental_reported,-1.64690912536399,-1.57297966627259,1.23766938284531,,1
Table S1,296,Yamazaki et al. (2012),static_experiment,,38.6,0.1,Au,38.96905952,0.100956113,Fei et al. (2007),1,5.90863,0.002107,19.62302189695081,0.0069975116290705896,1100.0,0.0,experimental_reported,0.650640019864213,0.706825620205102,1.68187293971624,,1
Table S1,297,Yamazaki et al. (2012),static_experiment,,39.0,0.1,Au,39.12757016,0.101366762,Fei et al. (2007),1,5.97485,0.001806,19.842943691007317,0.005997867110631935,1300.0,0.0,experimental_reported,2.23877826054468,2.29309726030064,2.68624357196692,,1
Table S1,298,Yamazaki et al. (2012),static_experiment,,39.3,0.1,Au,39.58030638,0.101487965,Fei et al. (2007),1,5.952275,0.002107,19.76797035212442,0.0069975116290705896,1300.0,0.0,experimental_reported,1.56317766440635,1.6172887458979,2.08442678472261,,1
Table S1,299,Yamazaki et al. (2012),static_experiment,,39.6,0.1,Au,39.86509434,0.101437899,Fei et al. (2007),1,5.966422,0.009933,19.814953644491034,0.03298826910847564,1300.0,0.0,experimental_reported,2.55772499253596,2.61196596632832,3.03288342693207,,1
Table S1,300,Yamazaki et al. (2012),static_experiment,,40.5,0.1,Au,39.91714208,0.098318084,Fei et al. (2007),1,5.775889,0.001204,19.182178664319366,0.003998578073754623,305.0,0.0,experimental_reported,-0.023704068938784,0.0502169992182573,2.8400664684487,,1
Table S1,301,Yamazaki et al. (2012),static_experiment,,40.6,0.1,Au,40.10273005,0.39316402,Fei et al. (2007),1,5.768063,0.001204,19.156187906839957,0.003998578073754623,304.0,0.0,experimental_reported,-0.312815759579415,-0.238881444611032,2.56643182734083,,1
Table S1,302,Yamazaki et al. (2012),static_experiment,,40.8,0.4,Au,40.11553082,0.099050693,Fei et al. (2007),1,5.778899,0.002408,19.19217510950375,0.007997156147509246,500.0,0.0,experimental_reported,-0.525011430478564,-0.456910333397197,1.98594202582176,,1
Table S1,303,Yamazaki et al. (2012),static_experiment,,41.0,0.1,Au,40.55840556,0.09892294,Fei et al. (2007),1,5.789133,0.001204,19.226163023130663,0.003998578073754623,500.0,0.0,experimental_reported,0.530333808565338,0.598447739630004,3.02005638929763,,1
Table S1,304,Yamazaki et al. (2012),static_experiment,,41.1,0.1,Au,40.95122736,0.099638023,Fei et al. (2007),1,5.796959,0.001505,19.252153780610072,0.004998222592193279,700.0,0.0,experimental_reported,-0.0229564335123555,0.0398086979361381,2.06104597869583,,1
Table S1,305,Yamazaki et al. (2012),static_experiment,,41.5,0.1,Au,41.19273369,0.196624027,Fei et al. (2007),1,5.74609,0.001806,19.083213856993936,0.005997867110631935,302.0,0.0,experimental_reported,-0.576210468656029,-0.502258184688053,2.34410362365203,,1
Table S1,306,Yamazaki et al. (2012),static_experiment,,41.9,0.2,Au,41.38989919,0.099734697,Fei et al. (2007),1,5.807494,0.001505,19.287141338755422,0.004998222592193279,700.0,0.0,experimental_reported,1.03132898792568,1.09412642534337,3.09088188733683,,1
Table S1,307,Yamazaki et al. (2012),static_experiment,,42.0,0.1,Au,41.71158893,0.198154817,Fei et al. (2007),1,5.759936,0.001505,19.129197504842114,0.004998222592193279,500.0,0.0,experimental_reported,-0.0789402424907024,-0.010859728053866,2.4704379286039,,1
Table S1,308,Yamazaki et al. (2012),static_experiment,,42.1,0.2,Au,42.10872783,0.100258876,Fei et al. (2007),1,5.81532,0.002107,19.313132096234828,0.0069975116290705896,900.0,0.0,experimental_reported,0.511324837733554,0.570040824451169,2.17264372071854,,1
Table S1,309,Yamazaki et al. (2012),static_experiment,,42.2,0.1,Au,42.29552662,0.100226366,Fei et al. (2007),1,5.828564,0.001505,19.35711645504613,0.004998222592193279,900.0,0.0,experimental_reported,1.45445702335358,1.51324129179527,3.08201297867316,,1
Table S1,310,Yamazaki et al. (2012),static_experiment,,42.5,0.2,Au,42.92224444,0.100285618,Fei et al. (2007),1,5.796658,0.002107,19.251154136091632,0.0069975116290705896,900.0,0.0,experimental_reported,0.243557056734758,0.302180249093936,1.95152591449597,,1
Table S1,311,Yamazaki et al. (2012),static_experiment,,42.6,0.1,Au,42.96136885,0.100848284,Fei et al. (2007),1,5.840002,0.001806,19.3951029467468,0.005997867110631935,1100.0,0.0,experimental_reported,0.917224105545152,0.972910984191223,2.14520394581289,,1
Table S1,312,Yamazaki et al. (2012),static_experiment,,42.8,0.1,Au,42.98189233,0.298485363,Fei et al. (2007),1,5.77318,0.001806,19.173181863653415,0.005997867110631935,700.0,0.0,experimental_reported,0.596348863501419,0.659046085331482,2.73422736925907,,1
Table S1,313,Yamazaki et al. (2012),static_experiment,,42.9,0.1,Au,43.09277446,0.202789527,Fei et al. (2007),1,5.904416,0.001505,19.60902687369267,0.004998222592193279,1300.0,0.0,experimental_reported,2.60659634289406,2.66027872580159,3.27997097000932,,1
Table S1,314,Yamazaki et al. (2012),static_experiment,,42.9,0.2,Au,43.20823999,0.100718508,Fei et al. (2007),1,5.855955,0.001204,19.448084106224048,0.003998578073754623,1100.0,0.0,experimental_reported,2.0508795341321,2.10667834666788,3.23432862730436,,1
Table S1,315,Yamazaki et al. (2012),static_experiment,,43.2,0.3,Au,43.72630794,0.203852251,Fei et al. (2007),1,5.939332,0.001204,19.724985637831555,0.003998578073754623,1500.0,0.0,experimental_reported,3.05022085132574,3.10217131342844,3.24418631254289,,1
Table S1,316,Yamazaki et al. (2012),static_experiment,,43.2,0.1,Au,43.82072881,0.101436872,Fei et al. (2007),1,5.870403,0.001505,19.4960670431091,0.004998222592193279,1300.0,0.0,experimental_reported,1.51403144295617,1.56742013312435,2.29177913799954,,1
Table S1,317,Yamazaki et al. (2012),static_experiment,,43.3,0.1,Au,43.88178454,0.101343613,Fei et al. (2007),1,5.887861,0.001806,19.554046425178544,0.005997867110631935,1300.0,0.0,experimental_reported,2.51648470371165,2.57002293369108,3.24106119845118,,1
Table S1,318,Yamazaki et al. (2012),static_experiment,,43.7,0.1,Au,44.44471549,0.101704154,Fei et al. (2007),1,5.91164,0.001204,19.6330183421352,0.003998578073754623,1500.0,0.0,experimental_reported,2.33843830754138,2.39011431980527,2.62481394972936,,1
Table S1,319,Yamazaki et al. (2012),static_experiment,,43.7,0.1,Au,44.44471549,0.101704154,Fei et al. (2007),1,5.935419,0.001806,19.711990259091852,0.005997867110631935,1500.0,0.0,experimental_reported,3.56868765436345,3.62059901839727,3.77583170378729,,1
Table S1,320,Yamazaki et al. (2012),static_experiment,,45.7,0.2,Au,44.9144296,0.196562055,Fei et al. (2007),1,5.681977,0.002107,18.870289574566502,0.0069975116290705896,304.0,0.0,experimental_reported,-0.982284395659846,-0.908454789980986,2.03708879213925,,1
Table S1,321,Yamazaki et al. (2012),static_experiment,,46.0,0.1,Au,45.1995702,0.098259935,Fei et al. (2007),1,5.688599,0.001505,18.892281753972153,0.004998222592193279,305.0,0.0,experimental_reported,-0.26285529098925,-0.189045487701897,2.74532276705661,,1
Table S1,322,Yamazaki et al. (2012),static_experiment,,46.3,0.1,Au,45.67326437,0.294666222,Fei et al. (2007),1,5.670238,0.001505,18.831303438347398,0.004998222592193279,303.0,0.0,experimental_reported,-1.00188405205718,-0.928037961333665,2.03586054506722,,1
Table S1,323,Yamazaki et al. (2012),static_experiment,,46.5,0.3,Au,45.7781435,0.09887288,Fei et al. (2007),1,5.694619,0.001505,18.91227464434093,0.004998222592193279,500.0,0.0,experimental_reported,-0.128500401273051,-0.0604570994045091,2.54375704581254,,1
Table S1,324,Yamazaki et al. (2012),static_experiment,,46.6,0.1,Au,46.05361004,0.098827489,Fei et al. (2007),1,5.700037,0.001505,18.930268245672824,0.004998222592193279,500.0,0.0,experimental_reported,0.497775842139781,0.565820149214161,3.16041776108496,,1
Table S1,325,Yamazaki et al. (2012),static_experiment,,46.8,0.2,Au,46.26093849,0.197696318,Fei et al. (2007),1,5.680472,0.001204,18.86529135197431,0.003998578073754623,500.0,0.0,experimental_reported,-0.569921400606944,-0.501878862823155,2.12693456015916,,1
Table S1,326,Yamazaki et al. (2012),static_experiment,,46.9,0.1,Au,46.62780096,0.099419618,Fei et al. (2007),1,5.710271,0.001505,18.964256159299737,0.004998222592193279,700.0,0.0,experimental_reported,0.357720468918629,0.420273623141213,2.62899146214762,,1
Table S1,327,Yamazaki et al. (2012),static_experiment,,47.1,0.1,Au,46.90088632,0.099577253,Fei et al. (2007),1,5.71599,0.001806,18.983249405150072,0.005997867110631935,700.0,0.0,experimental_reported,0.993227514086229,1.05579152209975,3.25293966331959,,1
Table S1,328,Yamazaki et al. (2012),static_experiment,,47.1,0.1,Au,47.24378913,0.298381826,Fei et al. (2007),1,5.694017,0.001204,18.910275355304048,0.003998578073754623,700.0,0.0,experimental_reported,-0.0667362486440624,-0.00421137245627534,2.23674500872399,,1
Table S1,329,Yamazaki et al. (2012),static_experiment,,47.5,0.3,Au,47.31072322,0.294465082,Fei et al. (2007),1,5.656994,0.000903,18.787319079536097,0.0029989335553159673,304.0,0.0,experimental_reported,-0.25816050216924,-0.184346884079801,2.79687776881725,,1
Table S1,330,Yamazaki et al. (2012),static_experiment,,47.8,0.1,Au,47.65859609,0.101185979,Fei et al. (2007),1,5.841808,0.007525,19.401100813857433,0.024991112960966393,1300.0,0.0,experimental_reported,3.77753099042557,3.83068053763228,4.64048648424725,,1
Table S1,331,Yamazaki et al. (2012),static_experiment,,47.9,0.1,Au,47.75988926,0.099916086,Fei et al. (2007),1,5.727127,0.001806,19.020236252332303,0.005997867110631935,900.0,0.0,experimental_reported,0.887015556253139,0.945330787929933,2.75881640008612,,1
Table S1,332,Yamazaki et al. (2012),static_experiment,,48.0,0.2,Au,47.89567508,0.099990971,Fei et al. (2007),1,5.736157,0.001806,19.050225587885464,0.005997867110631935,900.0,0.0,experimental_reported,1.58263845493934,1.64099013383972,3.43408305906848,,1
Table S1,333,Yamazaki et al. (2012),static_experiment,,48.1,0.1,Au,48.03173342,0.200132223,Fei et al. (2007),1,5.710873,0.000903,18.966255448336614,0.0029989335553159673,900.0,0.0,experimental_reported,0.139438403021053,0.197690852371842,2.04716155309051,,1
Table S1,334,Yamazaki et al. (2012),static_experiment,,48.2,0.3,Au,48.69402969,0.100607499,Fei et al. (2007),1,5.760237,0.000602,19.130197149360555,0.0019992890368773115,1100.0,0.0,experimental_reported,2.01832669429186,2.07349460552172,3.45722270753095,,1
Table S1,335,Yamazaki et al. (2012),static_experiment,,48.4,0.1,Au,48.82880075,0.10067794,Fei et al. (2007),1,5.7491,0.000903,19.093210302178324,0.0029989335553159673,1100.0,0.0,experimental_reported,1.47928177630622,1.53438306724225,2.94599183584948,,1
Table S1,336,Yamazaki et al. (2012),static_experiment,,48.5,0.1,Au,48.93970185,0.101745742,Fei et al. (2007),1,5.859567,0.001204,19.46007984044531,0.003998578073754623,1500.0,0.0,experimental_reported,4.04559899360197,4.09677415812845,4.50014984497205,,1
Table S1,337,Yamazaki et al. (2012),static_experiment,,48.7,0.3,Au,49.03146383,0.302041872,Fei et al. (2007),1,5.728632,0.001806,19.025234474924495,0.005997867110631935,1100.0,0.0,experimental_reported,0.425586486394827,0.480569379002994,1.94231643839314,,1
Table S1,338,Yamazaki et al. (2012),static_experiment,,48.9,0.1,Au,49.14086405,0.196563456,Fei et al. (2007),1,5.620874,0.001505,18.667361737323457,0.004998222592193279,306.0,0.0,experimental_reported,-0.918608222315648,-0.844853687538581,2.1812549195563,,1
Table S1,339,Yamazaki et al. (2012),static_experiment,,49.0,0.2,Au,49.49991605,0.101226822,Fei et al. (2007),1,5.786725,0.001505,19.218165866983156,0.004998222592193279,1300.0,0.0,experimental_reported,2.46879534524522,2.52150628231349,3.48896965270728,,1
Table S1,340,Yamazaki et al. (2012),static_experiment,,49.0,0.2,Au,49.56663423,0.202312793,Fei et al. (2007),1,5.775889,0.001204,19.182178664319366,0.003998578073754623,1300.0,0.0,experimental_reported,1.89707445913559,1.94970279805084,2.94705643969495,,1
Table S1,341,Yamazaki et al. (2012),static_experiment,,49.2,0.1,Au,49.56840222,0.196310504,Fei et al. (2007),1,5.636827,0.001806,18.720342896800705,0.005997867110631935,304.0,0.0,experimental_reported,0.621779845533567,0.695585763831417,3.70388026450509,,1
Table S1,342,Yamazaki et al. (2012),static_experiment,,49.3,0.2,Au,49.78617299,0.203208869,Fei et al. (2007),1,5.834283,0.000602,19.376109700896464,0.0019992890368773115,1500.0,0.0,experimental_reported,3.49046880078421,3.54140868555402,4.02390119264837,,1
Table S1,343,Yamazaki et al. (2012),static_experiment,,50.0,0.2,Au,50.02893013,0.098871403,Fei et al. (2007),1,5.633817,0.002107,18.710346451616317,0.0069975116290705896,500.0,0.0,experimental_reported,0.0640743030380833,0.132134152932657,2.83669668367534,,1
Table S1,344,Yamazaki et al. (2012),static_experiment,,50.5,0.2,Au,50.04883933,0.101725283,Fei et al. (2007),1,5.83639,0.001505,19.383107212525534,0.004998222592193279,1500.0,0.0,experimental_reported,3.87116283295048,3.922122113394,4.3980936342869,,1
Table S1,345,Yamazaki et al. (2012),static_experiment,,50.6,0.1,Au,50.18056576,0.203572275,Fei et al. (2007),1,5.817427,0.001204,19.3201296078639,0.003998578073754623,1500.0,0.0,experimental_reported,2.93249298256025,2.98327913428336,3.51745808937328,,1
Table S1,346,Yamazaki et al. (2012),static_experiment,,50.9,0.1,Au,50.32156137,0.098863578,Fei et al. (2007),1,5.647964,0.001505,18.757329743982936,0.004998222592193279,500.0,0.0,experimental_reported,1.32118205939445,1.38923335581544,4.07171491800317,,1
Table S1,347,Yamazaki et al. (2012),static_experiment,,51.3,0.1,Au,50.98652769,0.099388943,Fei et al. (2007),1,5.647061,0.002709,18.754330810427618,0.008996800665947902,700.0,0.0,experimental_reported,0.581792818792408,0.644258263249334,2.97284063146662,,1
Table S1,348,Yamazaki et al. (2012),static_experiment,,51.4,0.1,Au,51.05908212,0.099336736,Fei et al. (2007),1,5.663917,0.001204,18.810310903460184,0.003998578073754623,700.0,0.0,experimental_reported,1.78044891308829,1.84293178085014,4.14101840261192,,1
Table S1,349,Yamazaki et al. (2012),static_experiment,,52.1,0.2,Au,51.82915737,0.196322566,Fei et al. (2007),1,5.596794,0.001204,18.587390175848366,0.003998578073754623,305.0,0.0,experimental_reported,0.0691909035542864,0.142972202075519,3.19905794616884,,1
Table S1,350,Yamazaki et al. (2012),static_experiment,,52.1,0.2,Au,52.09861304,0.199994676,Fei et al. (2007),1,5.662713,0.002107,18.80631232538643,0.0069975116290705896,900.0,0.0,experimental_reported,1.09518505390216,1.15327382962638,3.10374352835815,,1
Table S1,351,Yamazaki et al. (2012),static_experiment,,52.6,0.1,Au,52.09861304,0.199994676,Fei et al. (2007),1,5.683181,0.001204,18.874288152640258,0.003998578073754623,900.0,0.0,experimental_reported,2.43421866395931,2.49237280187268,4.40096473395822,,1
Table S1,352,Yamazaki et al. (2012),static_experiment,,52.7,0.2,Au,52.55438286,0.197572868,Fei et al. (2007),1,5.60763,0.000903,18.623377378512156,0.0029989335553159673,500.0,0.0,experimental_reported,0.77087984155763,0.838963441650463,3.58229950133932,,1
Table S1,353,Yamazaki et al. (2012),static_experiment,,52.8,0.2,Au,52.85698214,0.100488559,Fei et al. (2007),1,5.706358,0.001204,18.951260780560034,0.003998578073754623,1100.0,0.0,experimental_reported,2.85693037485154,2.91179059581094,4.42643922828573,,1
Table S1,354,Yamazaki et al. (2012),static_experiment,,53.2,0.2,Au,53.00010824,0.201138931,Fei et al. (2007),1,5.683482,0.001806,18.875287797158695,0.005997867110631935,1100.0,0.0,experimental_reported,1.53830512458718,1.59304636738328,3.16017238253955,,1
Table S1,355,Yamazaki et al. (2012),static_experiment,,53.2,0.2,Au,53.20684498,0.294502832,Fei et al. (2007),1,5.573316,0.001204,18.50941790341015,0.003998578073754623,304.0,0.0,experimental_reported,-0.247568035107463,-0.173753461156551,2.90924162972631,,1
Table S1,356,Yamazaki et al. (2012),static_experiment,,53.3,0.2,Au,53.56996658,0.198775386,Fei et al. (2007),1,5.620272,0.001505,18.66536244828658,0.004998222592193279,700.0,0.0,experimental_reported,1.3392543486417,1.40170151615417,3.7764707529393,,1
Table S1,357,Yamazaki et al. (2012),static_experiment,,53.6,0.2,Au,53.76524491,0.202124981,Fei et al. (2007),1,5.710572,0.001204,18.965255803818177,0.003998578073754623,1300.0,0.0,experimental_reported,2.11090437225115,2.16306323577248,3.33227420483292,,1
Table S1,358,Yamazaki et al. (2012),static_experiment,,53.7,0.2,Au,53.90729345,0.202278775,Fei et al. (2007),1,5.732244,0.001505,19.037230209145758,0.004998222592193279,1300.0,0.0,experimental_reported,3.60150464665599,3.65381365385505,4.76762301553308,,1
Table S1,359,Yamazaki et al. (2012),static_experiment,,53.9,0.2,Au,54.21559219,0.294117137,Fei et al. (2007),1,5.548634,0.001505,18.427447052898177,0.004998222592193279,303.0,0.0,experimental_reported,-1.06011284748804,-0.986257098026734,2.12240264592353,,1
Table S1,360,Yamazaki et al. (2012),static_experiment,,54.1,0.1,Au,54.44603492,0.199801963,Fei et al. (2007),1,5.638633,0.001505,18.726340763911335,0.004998222592193279,900.0,0.0,experimental_reported,1.83469579325508,1.89271599096175,3.89041146272982,,1
Table S1,361,Yamazaki et al. (2012),static_experiment,,54.2,0.3,Au,54.4674602,0.203236792,Fei et al. (2007),1,5.749401,0.001204,19.09420994669676,0.003998578073754623,1500.0,0.0,experimental_reported,3.22441990557775,3.27461350498109,4.00832041399516,,1
Table S1,362,Yamazaki et al. (2012),static_experiment,,54.3,0.1,Au,54.60802182,0.203381832,Fei et al. (2007),1,5.765354,0.001505,19.147191106174013,0.004998222592193279,1500.0,0.0,experimental_reported,4.3241483797373,4.37447669750737,5.06273800253769,,1
Table S1,363,Yamazaki et al. (2012),static_experiment,,54.5,0.2,Au,54.70035153,0.197474193,Fei et al. (2007),1,5.557965,0.001806,18.45843603296978,0.005997867110631935,500.0,0.0,experimental_reported,-0.654870913942766,-0.586712515136519,2.22240130731986,,1
Table S1,364,Yamazaki et al. (2012),static_experiment,,55.2,0.2,Au,55.17309039,0.101607901,Fei et al. (2007),1,5.759033,0.002408,19.1261985712868,0.007997156147509246,1500.0,0.0,experimental_reported,4.51083539389535,4.56111000683251,5.26747940172853,,1
Table S1,365,Yamazaki et al. (2012),static_experiment,,55.3,0.3,Au,55.1779149,0.101992449,Fei et al. (2007),1,5.79726,0.000602,19.25315342512851,0.0019992890368773115,1700.0,0.0,experimental_reported,4.74174037481235,4.7904532234844,5.04707742787679,,1
Table S1,366,Yamazaki et al. (2012),static_experiment,,55.4,0.2,Au,55.47778659,0.201006473,Fei et al. (2007),1,5.659101,0.001505,18.794316591165163,0.004998222592193279,1100.0,0.0,experimental_reported,2.42392937671183,2.4785520121301,4.09947696944943,,1
Table S1,367,Yamazaki et al. (2012),static_experiment,,55.8,0.2,Au,55.72519861,0.294323232,Fei et al. (2007),1,5.528166,0.000602,18.35947122564435,0.0019992890368773115,303.0,0.0,experimental_reported,-1.09438548267231,-1.02050847514482,2.1064761675544,,1
Table S1,368,Yamazaki et al. (2012),static_experiment,,56.3,0.3,Au,55.93564552,0.298058502,Fei et al. (2007),1,5.567597,0.000903,18.490424657559814,0.0029989335553159673,700.0,0.0,experimental_reported,-0.0196397266338266,0.0428071596510335,2.49990883417912,,1
Table S1,369,Yamazaki et al. (2012),static_experiment,,56.5,0.2,Au,56.0692623,0.098023186,Fei et al. (2007),1,5.537497,0.001204,18.39046020571595,0.003998578073754623,306.0,0.0,experimental_reported,-0.0497788687800025,0.0240180947846156,3.13949465166046,,1
Table S1,370,Yamazaki et al. (2012),static_experiment,,56.8,0.3,Au,56.43984292,0.202293344,Fei et al. (2007),1,5.683482,0.001204,18.875287797158695,0.003998578073754623,1300.0,0.0,experimental_reported,3.06177436507772,3.113753959915,4.34986004966293,,1
Table S1,371,Yamazaki et al. (2012),static_experiment,,56.8,0.3,Au,56.50921263,0.296376989,Fei et al. (2007),1,5.537497,0.001204,18.39046020571595,0.003998578073754623,500.0,0.0,experimental_reported,-0.366229264598516,-0.298028056277531,2.53512648590595,,1
Table S1,372,Yamazaki et al. (2012),static_experiment,,56.9,0.2,Au,56.62009907,0.098128421,Fei et al. (2007),1,5.53539,0.001204,18.383462694086877,0.003998578073754623,304.0,0.0,experimental_reported,0.346453685696964,0.420299418583213,3.53990609990294,,1
Table S1,373,Yamazaki et al. (2012),static_experiment,,57.2,0.1,Au,56.79345522,0.299965432,Fei et al. (2007),1,5.584152,0.001204,18.54540510607394,0.003998578073754623,900.0,0.0,experimental_reported,0.409821986727458,0.467722340058657,2.56377759974777,,1
Table S1,374,Yamazaki et al. (2012),static_experiment,,57.2,0.3,Au,56.98806916,0.197190551,Fei et al. (2007),1,5.548032,0.001204,18.425447763861303,0.003998578073754623,500.0,0.0,experimental_reported,0.898680653782193,0.966858924167333,3.78786827871566,,1
Table S1,375,Yamazaki et al. (2012),static_experiment,,57.3,0.2,Au,57.38934963,0.09877685,Fei et al. (2007),1,5.545624,0.001505,18.417450607713793,0.004998222592193279,500.0,0.0,experimental_reported,1.12096548542996,1.18914882859021,4.01297719657698,,1
Table S1,376,Yamazaki et al. (2012),static_experiment,,57.7,0.1,Au,57.40600554,0.203207099,Fei et al. (2007),1,5.714184,0.001204,18.97725153803944,0.003998578073754623,1500.0,0.0,experimental_reported,3.99551462424477,4.04542082244621,4.8763897820371,,1
Table S1,377,Yamazaki et al. (2012),static_experiment,,57.8,0.2,Au,57.73938686,0.198758647,Fei et al. (2007),1,5.549838,0.001505,18.431445630971936,0.004998222592193279,700.0,0.0,experimental_reported,0.486959399091965,0.549417459350956,3.03164234802117,,1
Table S1,378,Yamazaki et al. (2012),static_experiment,,57.8,0.3,Au,57.97777002,0.099277003,Fei et al. (2007),1,5.562781,0.000903,18.474430345264796,0.0029989335553159673,700.0,0.0,experimental_reported,1.6728222530194,1.73527158936226,4.19932058496614,,1
Table S1,379,Yamazaki et al. (2012),static_experiment,,58.1,0.1,Au,58.08571721,0.204167723,Fei et al. (2007),1,5.737662,0.002408,19.055223810477656,0.007997156147509246,1700.0,0.0,experimental_reported,4.10200209689913,4.15015283608632,4.58868257663836,,1
Table S1,380,Yamazaki et al. (2012),static_experiment,,58.1,0.2,Au,58.0937852,0.294394182,Fei et al. (2007),1,5.511611,0.000903,18.304490777130226,0.0029989335553159673,304.0,0.0,experimental_reported,0.00186405556947022,0.0757401434071028,3.21510766162697,,1
Table S1,381,Yamazaki et al. (2012),static_experiment,,58.4,0.1,Au,58.11846235,0.301652919,Fei et al. (2007),1,5.599202,0.001806,18.595387331995873,0.005997867110631935,1100.0,0.0,experimental_reported,0.99820228850826,1.05257213404813,2.79590056722814,,1
Table S1,382,Yamazaki et al. (2012),static_experiment,,58.5,0.1,Au,58.14123358,0.202936243,Fei et al. (2007),1,5.716592,0.002709,18.98524869418695,0.008996800665947902,1500.0,0.0,experimental_reported,4.88117427585805,4.93109967019398,5.75555540772195,,1
Table S1,383,Yamazaki et al. (2012),static_experiment,,58.6,0.3,Au,58.29674366,0.198626043,Fei et al. (2007),1,5.559169,0.001806,18.46243461104353,0.005997867110631935,700.0,0.0,experimental_reported,1.72852429948495,1.79097575520472,4.26016991580165,,1
Table S1,384,Yamazaki et al. (2012),static_experiment,,58.7,0.2,Au,58.50451144,0.299511151,Fei et al. (2007),1,5.563383,0.001505,18.476429634301674,0.004998222592193279,900.0,0.0,experimental_reported,0.632074556019809,0.689942927487088,2.82026802689063,,1
Table S1,385,Yamazaki et al. (2012),static_experiment,,59.1,0.1,Au,59.136211,0.199784497,Fei et al. (2007),1,5.577229,0.001505,18.522413282149852,0.004998222592193279,900.0,0.0,experimental_reported,2.25948733417644,2.31737615470648,4.42505745100588,,1
Table S1,386,Yamazaki et al. (2012),static_experiment,,59.2,0.3,Au,59.21553357,0.299572682,Fei et al. (2007),1,5.579336,0.001204,18.529410793778922,0.003998578073754623,900.0,0.0,experimental_reported,2.4892154529775,2.54710769204925,4.65127195821459,,1
Table S1,387,Yamazaki et al. (2012),static_experiment,,59.2,0.2,Au,59.27902011,0.100302911,Fei et al. (2007),1,5.581443,0.001204,18.536408305407992,0.003998578073754623,1100.0,0.0,experimental_reported,0.90930075859778,0.963606931433183,2.74044228643023,,1
Table S1,388,Yamazaki et al. (2012),static_experiment,,59.3,0.3,Au,59.69589624,0.102044267,Fei et al. (2007),1,5.739167,0.00301,19.06022203306985,0.009996445184386558,1700.0,0.0,experimental_reported,5.80415354565638,5.85231803885871,6.28639907365142,,1
Table S1,389,Yamazaki et al. (2012),static_experiment,,59.8,0.2,Au,60.06254678,0.200878083,Fei et al. (2007),1,5.597396,0.001204,18.58938946488524,0.003998578073754623,1100.0,0.0,experimental_reported,2.81615815120803,2.87052127652134,4.61731681205483,,1
Table S1,390,Yamazaki et al. (2012),static_experiment,,59.8,0.2,Au,60.06254678,0.200878083,Fei et al. (2007),1,5.598299,0.001204,18.59238839844056,0.003998578073754623,1100.0,0.0,experimental_reported,2.87924874871634,2.93361522728298,4.6786788875133,,1
Table S1,391,Yamazaki et al. (2012),static_experiment,,60.3,0.2,Au,60.83787855,0.201784008,Fei et al. (2007),1,5.621777,0.001505,18.67036067087877,0.004998222592193279,1300.0,0.0,experimental_reported,3.36979755332624,3.4214065951976,4.79962957152902,,1
Table S1,392,Yamazaki et al. (2012),static_experiment,,60.5,0.1,Au,61.15076879,0.302726578,Fei et al. (2007),1,5.620272,0.001505,18.66536244828658,0.004998222592193279,1300.0,0.0,experimental_reported,3.58000095860669,3.63160166133117,5.01310591624816,,1
Table S1,393,Yamazaki et al. (2012),static_experiment,,60.6,0.3,Au,61.3809824,0.294158063,Fei et al. (2007),1,5.467063,0.000602,18.156543388401303,0.0019992890368773115,304.0,0.0,experimental_reported,-0.226271381673676,-0.152314270819446,3.01718790209031,,1
Table S1,394,Yamazaki et al. (2012),static_experiment,,60.9,0.2,Au,61.38824065,0.101468166,Fei et al. (2007),1,5.650071,0.001806,18.764327255612006,0.005997867110631935,1500.0,0.0,experimental_reported,3.84806045169016,3.89748207615392,4.89412789980715,,1
Table S1,395,Yamazaki et al. (2012),static_experiment,,60.9,0.3,Au,61.85257938,0.20312834,Fei et al. (2007),1,5.650673,0.001505,18.766326544648884,0.004998222592193279,1500.0,0.0,experimental_reported,4.35231617864815,4.40174210330859,5.39690365409308,,1
Table S1,396,Yamazaki et al. (2012),static_experiment,,61.2,0.2,Au,61.89841177,0.294287219,Fei et al. (2007),1,5.44509,0.000903,18.083569338555282,0.0029989335553159673,304.0,0.0,experimental_reported,-1.49670035060591,-1.4226909387881,1.75826073593958,,1
Table S1,397,Yamazaki et al. (2012),static_experiment,,62.6,0.3,Au,62.02593858,0.305546495,Fei et al. (2007),1,5.684084,0.001505,18.877287086195576,0.004998222592193279,1700.0,0.0,experimental_reported,4.6843019619786,4.73197938179796,5.3237355321593,,1
Table S1,398,Yamazaki et al. (2012),static_experiment,,63.1,0.3,Au,62.40859133,0.203949645,Fei et al. (2007),1,5.689803,0.002107,18.89628033204591,0.0069975116290705896,1700.0,0.0,experimental_reported,5.4332763915968,5.48100275944375,6.05689128627466,,1
Table S1,399,Yamazaki et al. (2012),static_experiment,,63.8,0.2,Au,62.59326792,0.196217141,Fei et al. (2007),1,5.454722,0.001505,18.11555796314532,0.004998222592193279,304.0,0.0,experimental_reported,-0.0136530490867415,0.060332393929798,3.23654833638756,,1
Table S1,400,Yamazaki et al. (2012),static_experiment,,64.0,0.3,Au,63.14047028,0.295970954,Fei et al. (2007),1,5.457431,0.000903,18.124554763811265,0.0029989335553159673,500.0,0.0,experimental_reported,0.0336598196741349,0.102101721203297,3.01109956501553,,1
Table S1,401,Yamazaki et al. (2012),static_experiment,,64.3,0.1,Au,63.39980392,0.098600006,Fei et al. (2007),1,5.464354,0.001204,18.147546587735356,0.003998578073754623,500.0,0.0,experimental_reported,0.850278980221439,0.918695212949324,3.82231974278633,,1
Table S1,402,Yamazaki et al. (2012),static_experiment,,64.4,0.3,Au,63.65379241,0.196159607,Fei et al. (2007),1,5.441779,0.001806,18.072573248852457,0.005997867110631935,305.0,0.0,experimental_reported,-0.0159791717635827,0.0580170150278789,3.23948506385194,,1
Table S1,403,Yamazaki et al. (2012),static_experiment,,64.8,0.2,Au,63.92223262,0.297774376,Fei et al. (2007),1,5.466461,0.001806,18.154544099364426,0.005997867110631935,700.0,0.0,experimental_reported,0.285537263197135,0.348130721210836,2.92946292560396,,1
Table S1,404,Yamazaki et al. (2012),static_experiment,,64.9,0.2,Au,64.08883551,0.195990323,Fei et al. (2007),1,5.431545,0.000903,18.03858533522554,0.0029989335553159673,304.0,0.0,experimental_reported,-0.426626385550947,-0.352580448149681,2.83427357690419,,1
Table S1,405,Yamazaki et al. (2012),static_experiment,,64.9,0.2,Au,64.35142796,0.198615518,Fei et al. (2007),1,5.476996,0.000903,18.18953165750978,0.0029989335553159673,700.0,0.0,experimental_reported,1.54902955453565,1.61159796407797,4.18218159372844,,1
Table S1,406,Yamazaki et al. (2012),static_experiment,,65.2,0.2,Au,64.44511439,0.197079861,Fei et al. (2007),1,5.453819,0.001204,18.112559029590003,0.003998578073754623,500.0,0.0,experimental_reported,1.04611732759546,1.11457300402415,4.0262825976549,,1
Table S1,407,Yamazaki et al. (2012),static_experiment,,65.3,0.1,Au,64.71754031,0.199437721,Fei et al. (2007),1,5.48121,0.001806,18.20352668076792,0.005997867110631935,900.0,0.0,experimental_reported,0.664832096884425,0.722655509992563,2.96999088073931,,1
Table S1,408,Yamazaki et al. (2012),static_experiment,,65.3,0.2,Au,65.14334098,0.099760093,Fei et al. (2007),1,5.493852,0.000903,18.245511750542345,0.0029989335553159673,900.0,0.0,experimental_reported,2.07249616184932,2.13031755055647,4.36164974988215,,1
Table S1,409,Yamazaki et al. (2012),static_experiment,,65.4,0.2,Au,65.43746618,0.20042103,Fei et al. (2007),1,5.500474,0.001806,18.267503929947992,0.005997867110631935,1100.0,0.0,experimental_reported,1.10285677940279,1.15694501114018,3.06935313269976,,1
Table S1,410,Yamazaki et al. (2012),static_experiment,,65.4,0.2,Au,65.56487373,0.198380858,Fei et al. (2007),1,5.46315,0.001204,18.1435480096616,0.003998578073754623,700.0,0.0,experimental_reported,1.66427131926508,1.72687314731664,4.31147407514605,,1
Table S1,411,Yamazaki et al. (2012),static_experiment,,65.9,0.1,Au,66.07854933,0.202694937,Fei et al. (2007),1,5.587764,0.000602,18.557400840295205,0.0019992890368773115,1500.0,0.0,experimental_reported,4.28494519493729,4.33394983325882,5.47649640916507,,1
Table S1,412,Yamazaki et al. (2012),static_experiment,,66.1,0.2,Au,66.11374526,0.100324348,Fei et al. (2007),1,5.513116,0.000903,18.30948899972242,0.0029989335553159673,1100.0,0.0,experimental_reported,2.74029881362841,2.79441282132085,4.68757510265904,,1
Table S1,413,Yamazaki et al. (2012),static_experiment,,66.4,0.2,Au,66.52055034,0.099880706,Fei et al. (2007),1,5.480608,0.001505,18.201527391731045,0.004998222592193279,900.0,0.0,experimental_reported,2.42079702278355,2.47862061738975,4.72669934691706,,1
Table S1,414,Yamazaki et al. (2012),static_experiment,,66.6,0.1,Au,66.92028175,0.201567114,Fei et al. (2007),1,5.535691,0.000903,18.384462338605317,0.0029989335553159673,1300.0,0.0,experimental_reported,3.3427033929832,3.39389461893707,4.94475647397509,,1
Table S1,415,Yamazaki et al. (2012),static_experiment,,66.6,0.1,Au,67.31053776,0.100313767,Fei et al. (2007),1,5.495056,0.002408,18.249510328616097,0.007997156147509246,1100.0,0.0,experimental_reported,2.56052007359374,2.61459824431769,4.53502958212734,,1
Table S1,416,Yamazaki et al. (2012),static_experiment,,66.6,0.2,Au,67.56601825,0.101450478,Fei et al. (2007),1,5.563082,0.001505,18.475429989783233,0.004998222592193279,1500.0,0.0,experimental_reported,4.01863233903977,4.06748817075617,5.26344471205169,,1
Table S1,417,Yamazaki et al. (2012),static_experiment,,67.0,0.2,Au,67.89066783,0.203875879,Fei et al. (2007),1,5.615155,0.002107,18.64836849147312,0.0069975116290705896,1700.0,0.0,experimental_reported,5.97929699393697,6.0264170424844,6.7997403104094,,1
Table S1,418,Yamazaki et al. (2012),static_experiment,,67.1,0.1,Au,68.1518341,0.202531453,Fei et al. (2007),1,5.55646,0.000903,18.453437810377586,0.0029989335553159673,1500.0,0.0,experimental_reported,4.12706033574598,4.17587793086437,5.38572405200728,,1
Table S1,419,Yamazaki et al. (2012),static_experiment,,67.3,0.2,Au,68.27872575,0.201709677,Fei et al. (2007),1,5.519738,0.001204,18.33148117912807,0.003998578073754623,1300.0,0.0,experimental_reported,3.51441282696682,3.56554077668625,5.1448915997612,,1
Table S1,420,Yamazaki et al. (2012),static_experiment,,67.7,0.2,Au,68.30293909,0.20388937,Fei et al. (2007),1,5.606727,0.001204,18.62037844495684,0.003998578073754623,1700.0,0.0,experimental_reported,5.81267910400507,5.85973539896594,6.6539881728466,,1
Table S1,421,Yamazaki et al. (2012),static_experiment,,68.1,0.1,Au,68.99595039,0.101315639,Fei et al. (2007),1,5.545624,0.002107,18.417450607713793,0.0069975116290705896,1500.0,0.0,experimental_reported,4.18364476708641,4.23240137812046,5.46456758809365,,1
Table S1,422,Yamazaki et al. (2012),static_experiment,,68.5,0.2,Au,69.39937719,0.098021719,Fei et al. (2007),1,5.368034,0.000903,17.827660341834985,0.0029989335553159673,305.0,0.0,experimental_reported,-0.563259419024746,-0.489016400444058,2.71242924933453,,1
Table S1,423,Yamazaki et al. (2012),static_experiment,,69.0,0.2,Au,69.72034675,0.203563056,Fei et al. (2007),1,5.585657,0.002107,18.550403328666135,0.0069975116290705896,1700.0,0.0,experimental_reported,5.76301303902537,5.80991445625153,6.65522855205023,,1
Table S1,424,Yamazaki et al. (2012),static_experiment,,69.9,0.2,Au,69.96619364,0.195983736,Fei et al. (2007),1,5.364422,0.001204,17.815664607613723,0.003998578073754623,305.0,0.0,experimental_reported,-0.315898387049032,-0.241640490711561,2.96007250752473,,1
Table S1,425,Yamazaki et al. (2012),static_experiment,,70.8,0.1,Au,70.14844204,0.098523093,Fei et al. (2007),1,5.377967,0.000903,17.86064861094346,0.0029989335553159673,500.0,0.0,experimental_reported,0.380331102505039,0.449139682697265,3.40281884433408,,1
Table S1,426,Yamazaki et al. (2012),static_experiment,,71.2,0.1,Au,70.31110528,0.203800305,Fei et al. (2007),1,5.574219,0.001806,18.512416836965468,0.005997867110631935,1700.0,0.0,experimental_reported,5.54531818009696,5.59213829828018,6.46440325136556,,1
Table S1,427,Yamazaki et al. (2012),static_experiment,,71.4,0.2,Au,70.6394665,0.195948589,Fei et al. (2007),1,5.352081,0.000903,17.774679182357737,0.0029989335553159673,306.0,0.0,experimental_reported,-0.744189926259537,-0.669899767483884,2.53130147502756,,1
Table S1,428,Yamazaki et al. (2012),static_experiment,,71.6,0.1,Au,71.05922757,0.099244731,Fei et al. (2007),1,5.392114,0.000903,17.90763190331008,0.0029989335553159673,700.0,0.0,experimental_reported,1.29500778403425,1.35784929945929,3.9995837428383,,1
Table S1,429,Yamazaki et al. (2012),static_experiment,,72.1,0.2,Au,71.4884335,0.204544874,Fei et al. (2007),1,5.585657,0.001806,18.550403328666135,0.005997867110631935,1850.0,0.0,experimental_reported,5.99753897321959,6.04303737611234,6.66458335607958,,1
Table S1,430,Yamazaki et al. (2012),static_experiment,,72.1,0.1,Au,71.56151405,0.098569579,Fei et al. (2007),1,5.362315,0.001204,17.80866709598465,0.003998578073754623,500.0,0.0,experimental_reported,0.421883818811764,0.490781170030274,3.44944334247857,,1
Table S1,431,Yamazaki et al. (2012),static_experiment,,72.5,0.1,Au,71.88985055,0.099708531,Fei et al. (2007),1,5.407766,0.001204,17.959613418268887,0.003998578073754623,900.0,0.0,experimental_reported,1.89736935451552,1.95527496048432,4.28034891660941,,1
Table S1,432,Yamazaki et al. (2012),static_experiment,,72.6,0.1,Au,72.36935383,0.099136101,Fei et al. (2007),1,5.374054,0.001204,17.847653232203758,0.003998578073754623,700.0,0.0,experimental_reported,1.05096393417068,1.11388565905227,3.76605473846637,,1
Table S1,433,Yamazaki et al. (2012),static_experiment,,73.0,0.1,Au,72.6372681,0.100189335,Fei et al. (2007),1,5.42703,0.000903,18.023590667448964,0.0029989335553159673,1100.0,0.0,experimental_reported,2.48844737546278,2.54245230515303,4.5517517940558,,1
Table S1,434,Yamazaki et al. (2012),static_experiment,,73.1,0.2,Au,72.94357102,0.490212171,Fei et al. (2007),1,5.329205,0.000903,17.698706198956398,0.0029989335553159673,304.0,0.0,experimental_reported,-0.508491121178494,-0.434053273963457,2.76753313079762,,1
Table S1,435,Yamazaki et al. (2012),static_experiment,,73.3,0.1,Au,73.28440084,0.099571197,Fei et al. (2007),1,5.389706,0.001204,17.89963474716257,0.003998578073754623,900.0,0.0,experimental_reported,1.76747875815087,1.82542412363256,4.1654797710697,,1
Table S1,436,Yamazaki et al. (2012),static_experiment,,73.5,0.1,Au,73.66524636,0.201546502,Fei et al. (2007),1,5.446294,0.001505,18.087567916629038,0.004998222592193279,1300.0,0.0,experimental_reported,3.20383509878276,3.25473571690286,4.95011137033904,,1
Table S1,437,Yamazaki et al. (2012),static_experiment,,73.6,0.1,Au,73.77096423,0.394497135,Fei et al. (2007),1,5.337031,0.000903,17.724696956435803,0.0029989335553159673,500.0,0.0,experimental_reported,0.372725904382847,0.441778954213021,3.40572676097354,,1
Table S1,438,Yamazaki et al. (2012),static_experiment,,73.8,0.1,Au,74.1777442,0.297504322,Fei et al. (2007),1,5.351479,0.001204,17.77267989332086,0.003998578073754623,700.0,0.0,experimental_reported,0.879064471340953,0.942098132978586,3.60488680029825,,1
Table S1,439,Yamazaki et al. (2012),static_experiment,,74.1,0.1,Au,74.29991192,0.100269787,Fei et al. (2007),1,5.40596,0.001505,17.953615551158258,0.004998222592193279,1100.0,0.0,experimental_reported,2.4078034195951,2.46180678593247,4.49401415732218,,1
Table S1,440,Yamazaki et al. (2012),static_experiment,,74.4,0.5,Au,74.42504719,0.101258568,Fei et al. (2007),1,5.47218,0.000903,18.17353734521476,0.0029989335553159673,1500.0,0.0,experimental_reported,4.06059236063881,4.10899082651487,5.47858657225774,,1
Table S1,441,Yamazaki et al. (2012),static_experiment,,74.6,0.1,Au,74.9901952,0.10230586,Fei et al. (2007),1,5.566092,0.001806,18.48542643496762,0.005997867110631935,1900.0,0.0,experimental_reported,7.59764668407574,7.64254867039979,8.23911553785706,,1
Table S1,442,Yamazaki et al. (2012),static_experiment,,74.8,0.4,Au,75.10151341,0.101763568,Fei et al. (2007),1,5.504387,0.001204,18.2804993086877,0.003998578073754623,1700.0,0.0,experimental_reported,5.20956000558944,5.25592940905172,6.28051232933863,,1
Table S1,443,Yamazaki et al. (2012),static_experiment,,74.8,0.3,Au,75.13439401,0.100716346,Fei et al. (2007),1,5.427632,0.002107,18.025589956485838,0.0069975116290705896,1300.0,0.0,experimental_reported,3.16187291069362,3.21273370714137,4.93346427801826,,1
Table S1,444,Yamazaki et al. (2012),static_experiment,,75.0,0.1,Au,75.56073406,0.099684346,Fei et al. (2007),1,5.369238,0.000903,17.83165891990874,0.0029989335553159673,900.0,0.0,experimental_reported,2.2844468134408,2.34244717888349,4.69742973582407,,1
Table S1,445,Yamazaki et al. (2012),static_experiment,,75.5,0.1,Au,75.97444837,0.101299264,Fei et al. (2007),1,5.455023,0.001204,18.116557607663758,0.003998578073754623,1500.0,0.0,experimental_reported,4.2572154043182,4.30554503747911,5.70362734483973,,1
Table S1,446,Yamazaki et al. (2012),static_experiment,,75.8,0.1,Au,76.23518525,0.19597734,Fei et al. (2007),1,5.292182,0.001204,17.575749923188447,0.003998578073754623,305.0,0.0,experimental_reported,-0.668018744005195,-0.593402988938308,2.59900702360784,,1
Table S1,447,Yamazaki et al. (2012),static_experiment,,76.5,0.2,Au,76.66051722,0.200419653,Fei et al. (2007),1,5.392114,0.000602,17.90763190331008,0.0019992890368773115,1100.0,0.0,experimental_reported,3.60384946872107,3.65785759064789,5.70388459268398,,1
Table S1,448,Yamazaki et al. (2012),static_experiment,,77.8,0.2,Au,76.81954258,0.101747739,Fei et al. (2007),1,5.489638,0.002107,18.231516727284205,0.0069975116290705896,1700.0,0.0,experimental_reported,5.8016702032737,5.84795514338791,6.90191690299906,,1
Table S1,449,Yamazaki et al. (2012),static_experiment,,78.1,0.2,Au,76.93330545,0.197012306,Fei et al. (2007),1,5.302115,0.001204,17.60873819229692,0.003998578073754623,500.0,0.0,experimental_reported,0.326212791719939,0.395506915058817,3.36099925979315,,1
Table S1,450,Yamazaki et al. (2012),static_experiment,,78.6,0.2,Au,77.9022003,0.198224428,Fei et al. (2007),1,5.313854,0.001204,17.647724328516027,0.003998578073754623,700.0,0.0,experimental_reported,1.20768375010296,1.27093405753359,3.94527730839103,,1
Table S1,451,Yamazaki et al. (2012),static_experiment,,79.0,0.2,Au,78.68438946,0.199200986,Fei et al. (2007),1,5.329205,0.000903,17.698706198956398,0.0029989335553159673,900.0,0.0,experimental_reported,1.86702825468412,1.92516811089986,4.30286897570016,,1
Table S1,452,Yamazaki et al. (2012),static_experiment,,79.6,0.1,Au,79.67293027,0.100091621,Fei et al. (2007),1,5.346964,0.000903,17.75768522554428,0.0029989335553159673,1100.0,0.0,experimental_reported,2.71130296492771,2.76536000987316,4.84945598248498,,1
Table S1,453,Yamazaki et al. (2012),static_experiment,,79.9,0.2,Au,80.09800865,0.295564608,Fei et al. (2007),1,5.268403,0.000903,17.496778006231793,0.0029989335553159673,500.0,0.0,experimental_reported,0.290544053550576,0.360101167218332,3.32055609347756,,1
Table S1,454,Yamazaki et al. (2012),static_experiment,,80.0,0.1,Au,80.1581884,0.391971581,Fei et al. (2007),1,5.256062,0.001204,17.455792580975807,0.003998578073754623,305.0,0.0,experimental_reported,-0.227903670535696,-0.153062660100673,3.02384990587871,,1
Table S1,455,Yamazaki et al. (2012),static_experiment,,80.5,0.2,Au,80.37184151,0.20118108,Fei et al. (2007),1,5.366228,0.000903,17.821662474724356,0.0029989335553159673,1300.0,0.0,experimental_reported,3.23578813393544,3.28657438760298,5.07824281301625,,1
Table S1,456,Yamazaki et al. (2012),static_experiment,,81.3,0.3,Au,80.8442645,0.099073854,Fei et al. (2007),1,5.279841,0.001204,17.53476449793246,0.003998578073754623,700.0,0.0,experimental_reported,0.973891118162939,1.03737133546542,3.71534053788251,,1
Table S1,457,Yamazaki et al. (2012),static_experiment,,81.6,0.1,Au,80.98112994,0.101226412,Fei et al. (2007),1,5.390609,0.000903,17.902633680717887,0.0029989335553159673,1500.0,0.0,experimental_reported,3.98620917646532,4.03433586430558,5.52640340383095,,1
Table S1,458,Yamazaki et al. (2012),static_experiment,,81.8,0.4,Au,81.79150341,0.203208704,Fei et al. (2007),1,5.428836,0.001204,18.029588534559597,0.003998578073754623,1700.0,0.0,experimental_reported,5.96471788050111,6.01069827318545,7.17489638481919,,1
Table S1,459,Yamazaki et al. (2012),static_experiment,,82.4,0.2,Au,82.11790694,0.199315308,Fei et al. (2007),1,5.295493,0.000903,17.58674601289127,0.0029989335553159673,900.0,0.0,experimental_reported,2.21253656635888,2.270828433513,4.66079682001076,,1
Table S1,460,Yamazaki et al. (2012),static_experiment,,82.9,0.4,Au,82.98689148,0.400419259,Fei et al. (2007),1,5.316563,0.001204,17.656721129181978,0.003998578073754623,1100.0,0.0,experimental_reported,3.30029546147624,3.35441581892071,5.45792336980526,,1
Table S1,461,Anzellini et al. (2013),static_experiment,,73.8,0.0,KCl,73.8,0.0,,0,5.4983362575646,0.0,18.26040432028892,0.0,2493.0,0.0,experimental_reported,-4.78149021409277,-4.74179301165393,-4.80977740677334,Table S1!D461 is numeric text in the source workbook; parsed as a number,1
Table S1,462,Anzellini et al. (2013),static_experiment,,73.9,0.0,KCl,73.9,0.0,,0,5.47358263569384,0.0,18.17819560794803,0.0,2622.0,0.0,experimental_reported,-7.95011359997824,-7.91152679398058,-8.08773867316204,,1
Table S1,463,Anzellini et al. (2013),static_experiment,,74.1,0.0,KCl,74.1,0.0,,0,5.47756466051168,0.0,18.191420223500987,0.0,2679.0,0.0,experimental_reported,-8.0438383746516,-8.00560517210479,-8.26947400458478,,1
Table S1,464,Anzellini et al. (2013),static_experiment,,73.9,0.0,KCl,73.9,0.0,,0,5.52216913814732,0.0,18.33955517887071,0.0,2681.0,0.0,experimental_reported,-4.87390839648856,-4.8352851463346,-5.23047473839542,,1
Table S1,465,Anzellini et al. (2013),static_experiment,,74.5,0.0,KCl,74.5,0.0,,0,5.51603819851085,0.0,18.319193849301026,0.0,2894.0,0.0,experimental_reported,-6.9925379354253,-6.95534982790137,-7.62604662684046,,1
Table S1,466,Anzellini et al. (2013),static_experiment,,74.3,0.0,KCl,74.3,0.0,,0,5.51748635765985,0.0,18.324003298985826,0.0,2911.0,0.0,experimental_reported,-7.2649683187766,-7.22787290077032,-7.92655018702671,,1
Table S1,467,Anzellini et al. (2013),static_experiment,,74.7,0.0,KCl,74.7,0.0,,0,5.54302366591415,0.0,18.40881469503928,0.0,2966.0,0.0,experimental_reported,-5.56243995648605,-5.52542965373149,-6.38352039680477,,1
Table S1,468,Anzellini et al. (2013),static_experiment,,74.7,0.0,KCl,74.7,0.0,,0,5.5765294594269,0.0,18.52009005324844,0.0,3153.0,0.0,experimental_reported,-5.14491883593199,-5.10867307742078,-6.34774455197463,,1
Table S1,469,Anzellini et al. (2013),static_experiment,,86.5,0.0,KCl,86.5,0.0,,0,5.41316815672173,0.0,17.977554402835743,0.0,2654.0,0.0,experimental_reported,-0.530455962419424,-0.492573568021569,-0.555051127097187,,1
Table S1,470,Anzellini et al. (2013),static_experiment,,86.5,0.0,KCl,86.5,0.0,,0,5.41459794228874,0.0,17.982302832419148,0.0,2687.0,0.0,experimental_reported,-0.762196326958218,-0.724531258370689,-0.833069772634971,,1
Table S1,471,Anzellini et al. (2013),static_experiment,,86.8,0.0,KCl,86.8,0.0,,0,5.41922283888964,0.0,17.997662475394016,0.0,2736.0,0.0,experimental_reported,-0.601778515936886,-0.564412216541442,-0.747829768464669,,1
Table S1,472,Anzellini et al. (2013),static_experiment,,86.9,0.0,KCl,86.9,0.0,,0,5.43639492076623,0.0,18.054692301035587,0.0,2816.0,0.0,experimental_reported,0.045180707268571,0.0821509455135754,-0.250338582651665,,1
Table S1,473,Anzellini et al. (2013),static_experiment,,87.1,0.0,KCl,87.1,0.0,,0,5.44281306410962,0.0,18.07600745655643,0.0,2936.0,0.0,experimental_reported,-0.515080497449802,-0.478833916147437,-0.985963480474283,,1
Table S1,474,Anzellini et al. (2013),static_experiment,,87.5,0.0,KCl,87.5,0.0,,0,5.46537087180196,0.0,18.150923698442277,0.0,3078.0,0.0,experimental_reported,0.161177344257226,0.196738084489667,-0.564383298099074,,1
Table S1,475,Anzellini et al. (2013),static_experiment,,87.2,0.0,KCl,87.2,0.0,,0,5.44668829979737,0.0,18.08887741706446,0.0,3232.0,0.0,experimental_reported,-3.26424565012523,-3.22979220138441,-4.13524754391126,,1
Table S1,476,Anzellini et al. (2013),static_experiment,,85.0,0.0,KCl,85.0,0.0,,0,5.43353290712013,0.0,18.04518733009532,0.0,2995.0,0.0,experimental_reported,-3.99106127570627,-3.95526947567603,-4.5127647901831,,1
Table S1,477,Anzellini et al. (2013),static_experiment,,84.9,0.0,KCl,84.9,0.0,,0,5.42923988665098,0.0,18.03092987368492,0.0,2929.0,0.0,experimental_reported,-3.73583213016137,-3.69965663536794,-4.15945215552863,,1
Table S1,478,Anzellini et al. (2013),static_experiment,,85.0,0.0,KCl,85.0,0.0,,0,5.44315209078016,0.0,18.07713339061892,0.0,3065.0,0.0,experimental_reported,-3.96304536254527,-3.92760710195404,-4.60427816856193,,1
Table S1,479,Anzellini et al. (2013),static_experiment,,85.0,0.0,KCl,85.0,0.0,,0,5.4399461623113,0.0,18.066486251680708,0.0,3068.0,0.0,experimental_reported,-4.25246392890125,-4.21707279960995,-4.88814577068959,,1
Table S1,480,Anzellini et al. (2013),static_experiment,,85.0,0.0,KCl,85.0,0.0,,0,5.46105950903167,0.0,18.136605325816628,0.0,3097.0,0.0,experimental_reported,-2.88085121911931,-2.84544708413537,-3.61839768800675,,1
Table S1,481,Anzellini et al. (2013),static_experiment,,85.0,0.0,KCl,85.0,0.0,,0,5.46393375087853,0.0,18.146150907567062,0.0,3119.0,0.0,experimental_reported,-2.88941155866506,-2.85411498093981,-3.66507556405369,,1
Table S1,482,Anzellini et al. (2013),static_experiment,,51.3,0.0,KCl,51.3,0.0,,0,5.74900558842528,0.0,19.092896753961895,0.0,1771.0,0.0,experimental_reported,-2.72034624334239,-2.67272225854528,-2.38413115594445,,1
Table S1,483,Anzellini et al. (2013),static_experiment,,51.3,0.0,KCl,51.3,0.0,,0,5.7415606187433,0.0,19.068171427940186,0.0,1823.0,0.0,experimental_reported,-3.70658790397972,-3.65948247171642,-3.43277594326192,,1
Table S1,484,Anzellini et al. (2013),static_experiment,,51.4,0.0,KCl,51.4,0.0,,0,5.74900558842528,0.0,19.092896753961895,0.0,1855.0,0.0,experimental_reported,-3.48421795799339,-3.43730907166435,-3.28568709127624,,1
Table S1,485,Anzellini et al. (2013),static_experiment,,51.4,0.0,KCl,51.4,0.0,,0,5.76389552778924,0.0,19.142347406005303,0.0,1863.0,0.0,experimental_reported,-2.672033286322,-2.62504291879665,-2.53344579657488,,1
Table S1,486,Anzellini et al. (2013),static_experiment,,51.4,0.0,KCl,51.4,0.0,,0,5.77240370264191,0.0,19.17060371947171,0.0,1896.0,0.0,experimental_reported,-2.50694040626528,-2.46013325707039,-2.45003869017196,,1
Table S1,487,Anzellini et al. (2013),static_experiment,,51.4,0.0,KCl,51.4,0.0,,0,5.77389643698446,0.0,19.175561206857143,0.0,1938.0,0.0,experimental_reported,-2.85304143128705,-2.80655460288317,-2.87037358848004,,1
Table S1,488,Anzellini et al. (2013),static_experiment,,51.5,0.0,KCl,51.5,0.0,,0,5.77389643698446,0.0,19.175561206857143,0.0,1946.0,0.0,experimental_reported,-2.83588707141735,-2.78946339908553,-2.86642694761889,,1
Table S1,489,Anzellini et al. (2013),static_experiment,,51.7,0.0,KCl,51.7,0.0,,0,5.77688190566956,0.0,19.18547618162801,0.0,1977.0,0.0,experimental_reported,-2.78091310957436,-2.73470064935294,-2.87246588282132,,1
Table S1,490,Anzellini et al. (2013),static_experiment,,51.7,0.0,KCl,51.7,0.0,,0,5.78469902921111,0.0,19.211437459695347,0.0,2025.0,0.0,experimental_reported,-2.81999004850039,-2.77406252356158,-3.01704064601548,,1
Table S1,491,Anzellini et al. (2013),static_experiment,,51.8,0.0,KCl,51.8,0.0,,0,5.79655094130531,0.0,19.250798585801604,0.0,2115.0,0.0,experimental_reported,-2.96689567287841,-2.92150617251539,-3.35384711238382,,1
Table S1,492,Anzellini et al. (2013),static_experiment,,51.8,0.0,KCl,51.8,0.0,,0,5.81196116102512,0.0,19.30197712955856,0.0,2201.0,0.0,experimental_reported,-2.97881016710102,-2.93385979241958,-3.56369410921445,,1
Table S1,493,Anzellini et al. (2013),static_experiment,,52.0,0.0,KCl,52.0,0.0,,0,5.80897069991834,0.0,19.292045574565215,0.0,2192.0,0.0,experimental_reported,-2.85571591425364,-2.81073658906739,-3.41480196939143,,1
Table S1,494,Anzellini et al. (2013),static_experiment,,52.1,0.0,KCl,52.1,0.0,,0,5.80860274420785,0.0,19.2908235649007,0.0,2214.0,0.0,experimental_reported,-3.00688659833231,-2.96206523817347,-3.60130822484985,,1
Table S1,495,Anzellini et al. (2013),static_experiment,,51.3,0.0,KCl,51.3,0.0,,0,5.76527726077626,0.0,19.146936249216004,0.0,1815.0,0.0,experimental_reported,-2.1951341553544,-2.14772974441307,-1.98168427483967,,1
Table S1,496,Anzellini et al. (2013),static_experiment,,51.4,0.0,KCl,51.4,0.0,,0,5.79137543601249,0.0,19.233610328339417,0.0,1889.0,0.0,experimental_reported,-1.32080138281878,-1.2737429228,-1.31402064945913,,1
Table S1,497,Anzellini et al. (2013),static_experiment,,51.5,0.0,KCl,51.5,0.0,,0,5.80104787764457,0.0,19.265733262749475,0.0,1945.0,0.0,experimental_reported,-1.23969063011599,-1.19297419025848,-1.3586580194364,,1
Table S1,498,Anzellini et al. (2013),static_experiment,,75.0,0.0,KCl,75.0,0.0,,0,5.49622755895481,0.0,18.253401167444018,0.0,2173.0,0.0,experimental_reported,-0.385349584574769,-0.343269024520708,0.0351224857943038,,1
Table S1,499,Anzellini et al. (2013),static_experiment,,74.9,0.0,KCl,74.9,0.0,,0,5.49978318815869,0.0,18.265209689846873,0.0,2219.0,0.0,experimental_reported,-0.694757123800159,-0.653012414267181,-0.347004885234185,,1
Table S1,500,Anzellini et al. (2013),static_experiment,,75.0,0.0,KCl,75.0,0.0,,0,5.50234394544227,0.0,18.27371416486874,0.0,2273.0,0.0,experimental_reported,-0.965123906503095,-0.923776312431457,-0.698970480450214,,1
Table S1,501,Anzellini et al. (2013),static_experiment,,75.3,0.0,KCl,75.3,0.0,,0,5.50089824288172,0.0,18.268912873706128,0.0,2300.0,0.0,experimental_reported,-1.0576924893391,-1.01656189909765,-0.825456888128585,,1
Table S1,502,Anzellini et al. (2013),static_experiment,,75.1,0.0,KCl,75.1,0.0,,0,5.50234394544227,0.0,18.27371416486874,0.0,2321.0,0.0,experimental_reported,-1.3681331096129,-1.32714907155695,-1.16877845290921,,1
Table S1,503,Anzellini et al. (2013),static_experiment,,75.1,0.0,KCl,75.1,0.0,,0,5.5002183470993,0.0,18.266654886689498,0.0,2360.0,0.0,experimental_reported,-1.93880979855798,-1.89813394397295,-1.78813887674357,,1
Table S1,504,Anzellini et al. (2013),static_experiment,,75.0,0.0,KCl,75.0,0.0,,0,5.49945254032117,0.0,18.264111582543514,0.0,2371.0,0.0,experimental_reported,-2.21256485113749,-2.17197662384017,-2.07515792986379,,1
Table S1,505,Anzellini et al. (2013),static_experiment,,75.0,0.0,KCl,75.0,0.0,,0,5.49945254032117,0.0,18.264111582543514,0.0,2394.0,0.0,experimental_reported,-2.45426979055173,-2.41385057753314,-2.34871775318544,,1
Table S1,506,Anzellini et al. (2013),static_experiment,,74.7,0.0,KCl,74.7,0.0,,0,5.49945254032117,0.0,18.264111582543514,0.0,2410.0,0.0,experimental_reported,-2.92251400844526,-2.88221156763758,-2.83910799141631,,1
Table S1,507,Anzellini et al. (2013),static_experiment,,75.3,0.0,KCl,75.3,0.0,,0,5.53521363217444,0.0,18.38287696275781,0.0,2430.0,0.0,experimental_reported,0.141949792519767,0.182418273704542,0.100208346155227,,1
Table S1,508,Anzellini et al. (2013),static_experiment,,75.2,0.0,KCl,75.2,0.0,,0,5.53734804988889,0.0,18.389965530758833,0.0,2460.0,0.0,experimental_reported,-0.117068384434489,-0.0767934705019684,-0.207297829440179,,1
Table S1,509,Anzellini et al. (2013),static_experiment,,75.1,0.0,KCl,75.1,0.0,,0,5.52762347170279,0.0,18.357669446779223,0.0,2510.0,0.0,experimental_reported,-1.46130614431166,-1.42147007648858,-1.5944182786171,,1
Table S1,510,Anzellini et al. (2013),static_experiment,,75.2,0.0,KCl,75.2,0.0,,0,5.53879989783065,0.0,18.39478723121261,0.0,2540.0,0.0,experimental_reported,-0.854149517726498,-0.814418469576438,-1.06175070045735,,1
Table S1,511,Anzellini et al. (2013),static_experiment,,75.6,0.0,KCl,75.6,0.0,,0,5.53444435400536,0.0,18.380322129851244,0.0,2597.0,0.0,experimental_reported,-1.37625823273612,-1.33695675626134,-1.65150320652586,,1
Table S1,512,Anzellini et al. (2013),static_experiment,,75.3,0.0,KCl,75.3,0.0,,0,5.54494786910116,0.0,18.4152051241697,0.0,2580.0,0.0,experimental_reported,-0.727100707309461,-0.687584996786413,-1.00948235731722,,1
Table S1,513,Anzellini et al. (2013),static_experiment,,75.3,0.0,KCl,75.3,0.0,,0,5.52506791459779,0.0,18.34918224195673,0.0,2678.0,0.0,experimental_reported,-3.22657579275084,-3.18790536326313,-3.58759137241046,,1
Table S1,514,Anzellini et al. (2013),static_experiment,,75.0,0.0,KCl,75.0,0.0,,0,5.548962833423,0.0,18.428539134389148,0.0,2764.0,0.0,experimental_reported,-2.68305587362919,-2.64471584675763,-3.23848638750131,,1
Table S1,515,Anzellini et al. (2013),static_experiment,,75.7,0.0,KCl,75.7,0.0,,0,5.55186652930653,0.0,18.438182535296733,0.0,2834.0,0.0,experimental_reported,-2.51542942288817,-2.47750656701109,-3.17929371129433,,1
Table S1,516,Anzellini et al. (2013),static_experiment,,74.3,0.0,KCl,74.3,0.0,,0,5.54964598189118,0.0,18.43080792382933,0.0,2973.0,0.0,experimental_reported,-5.55462907013371,-5.51759338295979,-6.40768344957421,,1
Table S1,517,Anzellini et al. (2013),static_experiment,,75.9,0.0,KCl,75.9,0.0,,0,5.48644121727625,0.0,18.220899962080093,0.0,2502.0,0.0,experimental_reported,-3.68693931558784,-3.64740680926602,-3.69577184350234,,1
Table S1,518,Anzellini et al. (2013),static_experiment,,75.7,0.0,KCl,75.7,0.0,,0,5.4983362575646,0.0,18.26040432028892,0.0,2543.0,0.0,experimental_reported,-3.40899505211546,-3.36964910431868,-3.50619891714403,,1
Table S1,519,Anzellini et al. (2013),static_experiment,,76.4,0.0,KCl,76.4,0.0,,0,5.4983362575646,0.0,18.26040432028892,0.0,2560.0,0.0,experimental_reported,-2.88850413589226,-2.84927636352627,-3.00911796371162,,1
Table S1,520,Anzellini et al. (2013),static_experiment,,76.4,0.0,KCl,76.4,0.0,,0,5.49608015009308,0.0,18.25291161109652,0.0,2604.0,0.0,experimental_reported,-3.52540145094275,-3.48649662970678,-3.70025471828805,,1
Table S1,521,Anzellini et al. (2013),static_experiment,,76.2,0.0,KCl,76.2,0.0,,0,5.49576397042497,0.0,18.25186155371423,0.0,2638.0,0.0,experimental_reported,-4.10915917612287,-4.07048880902364,-4.32978682297052,,1
Table S1,522,Anzellini et al. (2013),static_experiment,,76.6,0.0,KCl,76.6,0.0,,0,5.50767525589497,0.0,18.291419863440623,0.0,2707.0,0.0,experimental_reported,-3.53590913621065,-3.4975932003673,-3.88572721915389,,1
Table S1,523,Anzellini et al. (2013),static_experiment,,76.4,0.0,KCl,76.4,0.0,,0,5.50509463762559,0.0,18.282849428533087,0.0,2762.0,0.0,experimental_reported,-4.51411433204876,-4.47618404897196,-4.9321115046251,,1
Table S1,524,Anzellini et al. (2013),static_experiment,,76.5,0.0,KCl,76.5,0.0,,0,5.51702217870419,0.0,18.32246172440576,0.0,2802.0,0.0,experimental_reported,-3.94124032486005,-3.90345682912286,-4.45046046460547,,1
Table S1,525,Anzellini et al. (2013),static_experiment,,76.8,0.0,KCl,76.8,0.0,,0,5.52024553320632,0.0,18.333166736562035,0.0,2837.0,0.0,experimental_reported,-3.77213809838039,-3.73454784175989,-4.33983859853484,,1
Table S1,526,Anzellini et al. (2013),static_experiment,,76.8,0.0,KCl,76.8,0.0,,0,5.52783133573595,0.0,18.358359779474668,0.0,2883.0,0.0,experimental_reported,-3.69708225002547,-3.65970906773693,-4.35260661318262,,1
Table S1,527,Anzellini et al. (2013),static_experiment,,76.1,0.0,KCl,76.1,0.0,,0,5.54593721317613,0.0,18.41849081314443,0.0,2962.0,0.0,experimental_reported,-3.90729038259779,-3.87022554157541,-4.73243769932799,,1
Table S1,528,Anzellini et al. (2013),static_experiment,,97.9,0.0,KCl,97.9,0.0,,0,5.2729948788291,0.0,17.51202799460669,0.0,2635.0,0.0,experimental_reported,-1.28182918730666,-1.24465199981879,-0.993799492106973,,1
Table S1,529,Anzellini et al. (2013),static_experiment,,97.8,0.0,KCl,97.8,0.0,,0,5.29823096695451,0.0,17.595839015076457,0.0,2645.0,0.0,experimental_reported,0.858900712230209,0.896122985218554,1.09110579969533,,1
Table S1,530,Anzellini et al. (2013),static_experiment,,98.3,0.0,KCl,98.3,0.0,,0,5.27753958439611,0.0,17.527121316892334,0.0,2767.0,0.0,experimental_reported,-1.85424385668715,-1.81799711754984,-1.72814771905219,,1
Table S1,531,Anzellini et al. (2013),static_experiment,,98.3,0.0,KCl,98.3,0.0,,0,5.29823096695451,0.0,17.595839015076457,0.0,2842.0,0.0,experimental_reported,-0.731465735832487,-0.695633954407043,-0.733024220403379,,1
Table S1,532,Anzellini et al. (2013),static_experiment,,98.2,0.0,KCl,98.2,0.0,,0,5.30561019787092,0.0,17.620346017521253,0.0,2882.0,0.0,experimental_reported,-0.581481541827003,-0.545880756305934,-0.645564765863995,,1
Table S1,533,Anzellini et al. (2013),static_experiment,,98.3,0.0,KCl,98.3,0.0,,0,5.32321458405102,0.0,17.678811559532594,0.0,3076.0,0.0,experimental_reported,-0.957530040004443,-0.923098758711589,-1.29243452481474,,1
Table S1,534,Anzellini et al. (2013),static_experiment,,98.6,0.0,KCl,98.6,0.0,,0,5.34119220771104,0.0,17.738516652377417,0.0,3151.0,0.0,experimental_reported,0.14046705675436,0.174545815365207,-0.32894938434066,,1
Table S1,535,Anzellini et al. (2013),static_experiment,,99.3,0.0,KCl,99.3,0.0,,0,5.36204946864105,0.0,17.80778524559446,0.0,3521.0,0.0,experimental_reported,-1.30369276840769,-1.2716880136075,-2.28231788308408,,1
Table S1,536,Anzellini et al. (2013),static_experiment,,114.0,0.0,KCl,114.0,0.0,,0,5.14797714563169,0.0,17.096834334479055,0.0,3207.0,0.0,experimental_reported,-3.77385453296192,-3.74107662312136,-3.91922439640578,,1
Table S1,537,Anzellini et al. (2013),static_experiment,,115.0,0.0,KCl,115.0,0.0,,0,5.14797714563169,0.0,17.096834334479055,0.0,3266.0,0.0,experimental_reported,-3.40663482640744,-3.37424400774186,-3.61278505892022,,1
Table S1,538,Anzellini et al. (2013),static_experiment,,115.0,0.0,KCl,115.0,0.0,,0,5.14797714563169,0.0,17.096834334479055,0.0,3370.0,0.0,experimental_reported,-4.52353929367274,-4.49181897298914,-4.83662228887304,,1
Table S1,539,Anzellini et al. (2013),static_experiment,,115.0,0.0,KCl,115.0,0.0,,0,5.13355461575189,0.0,17.048935985853277,0.0,3416.0,0.0,experimental_reported,-6.5593599757902,-6.52796739954627,-6.89667062147001,,1
Table S1,540,Anzellini et al. (2013),static_experiment,,115.0,0.0,KCl,115.0,0.0,,0,5.17350293367486,0.0,17.181607471011223,0.0,3506.0,0.0,experimental_reported,-3.31074104620211,-3.27979335566133,-3.80947092912558,,1
Table S1,541,Anzellini et al. (2013),static_experiment,,115.0,0.0,KCl,115.0,0.0,,0,5.17007658817272,0.0,17.170228309883345,0.0,3642.0,0.0,experimental_reported,-5.1316695633417,-5.10156317938585,-5.76595234599073,,1
Table S1,542,Anzellini et al. (2013),static_experiment,,117.0,0.0,KCl,117.0,0.0,,0,5.11595491961204,0.0,16.99048601983206,0.0,2759.0,0.0,experimental_reported,0.556142833684348,0.592031888916409,0.904726905243677,,1
Table S1,543,Anzellini et al. (2013),static_experiment,,116.0,0.0,KCl,116.0,0.0,,0,5.11488389136454,0.0,16.986929051338016,0.0,2775.0,0.0,experimental_reported,-0.730975414221788,-0.695206538035038,-0.39775352089876,,1
Table S1,544,Anzellini et al. (2013),static_experiment,,116.0,0.0,KCl,116.0,0.0,,0,5.10798307661635,0.0,16.964010906368618,0.0,2775.0,0.0,experimental_reported,-1.48947656428919,-1.45370744217109,-1.15081997327276,,1
Table S1,545,Anzellini et al. (2013),static_experiment,,116.0,0.0,KCl,116.0,0.0,,0,5.10981460797596,0.0,16.97009356511939,0.0,2890.0,0.0,experimental_reported,-2.51061102507856,-2.47569042511517,-2.2890899739244,,1
Table S1,546,Anzellini et al. (2013),static_experiment,,116.0,0.0,KCl,116.0,0.0,,0,5.13144584676022,0.0,17.04193259926465,0.0,2920.0,0.0,experimental_reported,-0.473747276461665,-0.439028669939404,-0.303680496182608,,1
Table S1,547,Anzellini et al. (2013),static_experiment,,116.0,0.0,KCl,116.0,0.0,,0,5.14590035165153,0.0,17.089937139402004,0.0,3002.0,0.0,experimental_reported,0.198891459244336,0.233052847754777,0.268010323672797,,1
Table S1,548,Anzellini et al. (2013),static_experiment,,116.0,0.0,KCl,116.0,0.0,,0,5.14376224175555,0.0,17.082836309377633,0.0,2957.0,0.0,experimental_reported,0.451599247753507,0.486071622980944,0.569841063143258,,1
Table S1,549,Anzellini et al. (2013),static_experiment,,115.0,0.0,KCl,115.0,0.0,,0,5.1417526619538,0.0,17.07616233783881,0.0,3059.0,0.0,experimental_reported,-1.85188969589079,-1.81812868737516,-1.836425813356,,1
Table S1,550,Anzellini et al. (2013),static_experiment,,115.0,0.0,KCl,115.0,0.0,,0,5.14451778841895,0.0,17.08534553888093,0.0,3179.0,0.0,experimental_reported,-2.84143664278841,-2.80848065365464,-2.95307859371616,,1
Table S1,551,Anzellini et al. (2013),static_experiment,,117.0,0.0,KCl,117.0,0.0,,0,5.14313522518638,0.0,17.080753938359887,0.0,3188.0,0.0,experimental_reported,-1.08515707773134,-1.05226380206446,-1.20412390208625,,1
Table S1,552,Anzellini et al. (2013),static_experiment,,116.0,0.0,KCl,116.0,0.0,,0,5.16282406628444,0.0,17.1461421180213,0.0,3347.0,0.0,experimental_reported,-1.71212992711857,-1.68022116661942,-2.0256729716742,,1
Table S1,553,Anzellini et al. (2013),static_experiment,,116.0,0.0,KCl,116.0,0.0,,0,5.1631517601682,0.0,17.147230415013418,0.0,3403.0,0.0,experimental_reported,-2.27972156370822,-2.24816690514395,-2.65213277894938,,1
Table S1,554,Anzellini et al. (2013),static_experiment,,117.0,0.0,KCl,117.0,0.0,,0,5.16718937546588,0.0,17.160639650893447,0.0,3692.0,0.0,experimental_reported,-3.97152473606954,-3.94172934974301,-4.65204187692774,,1
Table S1,555,Anzellini et al. (2013),static_experiment,,118.0,0.0,KCl,118.0,0.0,,0,5.1918746844188,0.0,17.242621490696607,0.0,3706.0,0.0,experimental_reported,-0.580475741882083,-0.550661119806961,-1.32786392318508,,1
Table S1,556,Anzellini et al. (2013),static_experiment,,117.0,0.0,KCl,117.0,0.0,,0,5.17284651937452,0.0,17.179427467831292,0.0,3579.0,0.0,experimental_reported,-2.16505122953542,-2.13455299921785,-2.73899489921852,,1
Table S1,557,Anzellini et al. (2013),static_experiment,,117.0,0.0,KCl,117.0,0.0,,0,5.23878271265098,0.0,17.398406717583864,0.0,3841.0,0.0,experimental_reported,1.63085584561335,1.66013065329542,0.624390288402083,,1
Table S1,558,Anzellini et al. (2013),static_experiment,,128.0,0.0,KCl,128.0,0.0,,0,5.04559209029004,0.0,16.756805565899924,0.0,2935.0,0.0,experimental_reported,1.71433809342241,1.74898489513566,1.93619885795312,,1
Table S1,559,Anzellini et al. (2013),static_experiment,,128.0,0.0,KCl,128.0,0.0,,0,5.05757608233219,0.0,16.796605339833306,0.0,3109.0,0.0,experimental_reported,1.25168350034087,1.28506768631462,1.3019829715103,,1
Table S1,560,Anzellini et al. (2013),static_experiment,,129.0,0.0,KCl,129.0,0.0,,0,5.07156506501654,0.0,16.84306384434807,0.0,3178.0,0.0,experimental_reported,3.1219809064967,3.15487898920541,3.09510534739785,,1
Table S1,561,Anzellini et al. (2013),static_experiment,,129.0,0.0,KCl,129.0,0.0,,0,5.05789507831838,0.0,16.797664750427984,0.0,3264.0,0.0,experimental_reported,0.62696263522048,0.659285408700214,0.530558005174072,,1
Table S1,562,Anzellini et al. (2013),static_experiment,,128.0,0.0,KCl,128.0,0.0,,0,5.1273053579113,0.0,17.028181712282993,0.0,3381.0,0.0,experimental_reported,6.14254339831002,6.17414595327298,5.85000019558663,,1
Table S1,563,Anzellini et al. (2013),static_experiment,,129.0,0.0,KCl,129.0,0.0,,0,5.12390711302825,0.0,17.016895875506737,0.0,3532.0,0.0,experimental_reported,5.14867008784979,5.17931204842121,4.70979618887503,,1
Table S1,564,Anzellini et al. (2013),static_experiment,,129.0,0.0,KCl,129.0,0.0,,0,5.11212356546527,0.0,16.977761793350275,0.0,3679.0,0.0,experimental_reported,2.27558482864005,2.30529680801256,1.70988302757085,,1
Table S1,565,Anzellini et al. (2013),static_experiment,,129.0,0.0,KCl,129.0,0.0,,0,5.09880207649325,0.0,16.933520087608347,0.0,3961.0,0.0,experimental_reported,-2.24797834178517,-2.21997588410969,-3.06593636584597,,1
Table S1,566,Anzellini et al. (2013),static_experiment,,133.0,0.0,KCl,133.0,0.0,,0,4.97495327248409,0.0,16.522208532648413,0.0,2725.0,0.0,experimental_reported,0.374214154184727,0.41073679203916,0.796460440435595,,1
Table S1,567,Anzellini et al. (2013),static_experiment,,133.0,0.0,KCl,133.0,0.0,,0,5.00736662314861,0.0,16.629855802801295,0.0,3083.0,0.0,experimental_reported,0.568885847281081,0.602557264140614,0.670518090015577,,1
Table S1,568,Anzellini et al. (2013),static_experiment,,133.0,0.0,KCl,133.0,0.0,,0,5.02059320084592,0.0,16.673782300784083,0.0,3132.0,0.0,experimental_reported,1.64323141636487,1.67651885929837,1.69493814805847,,1
Table S1,569,Anzellini et al. (2013),static_experiment,,133.0,0.0,KCl,133.0,0.0,,0,5.0406072516079,0.0,16.74025052714942,0.0,3276.0,0.0,experimental_reported,2.47913718755689,2.51139619654904,2.38591524818599,,1
Table S1,570,Anzellini et al. (2013),static_experiment,,133.0,0.0,KCl,133.0,0.0,,0,5.02973801764217,0.0,16.704152951888727,0.0,3280.0,0.0,experimental_reported,1.14921243737189,1.18146076945047,1.06035628496633,,1
Table S1,571,Anzellini et al. (2013),static_experiment,,133.0,0.0,KCl,133.0,0.0,,0,5.05588724476938,0.0,16.790996578330994,0.0,3463.0,0.0,experimental_reported,2.25407490833189,2.28508902351294,1.9727098216641,,1
Table S1,572,Anzellini et al. (2013),static_experiment,,134.0,0.0,KCl,134.0,0.0,,0,5.06284676567312,0.0,16.814109691029937,0.0,3559.0,0.0,experimental_reported,3.02419836924912,3.05459936694231,2.64484158138885,,1
Table S1,573,Anzellini et al. (2013),static_experiment,,133.0,0.0,KCl,133.0,0.0,,0,5.0582858255078,0.0,16.798962452374827,0.0,3575.0,0.0,experimental_reported,1.32469093772806,1.35499065572498,0.93579718277374,,1
Table S1,574,Anzellini et al. (2013),static_experiment,,134.0,0.0,KCl,134.0,0.0,,0,5.06850252269369,0.0,16.832892902004136,0.0,3671.0,0.0,experimental_reported,2.46545572553035,2.49515925414525,1.97331157025477,,1
Table S1,575,Anzellini et al. (2013),static_experiment,,134.0,0.0,KCl,134.0,0.0,,0,5.06167349746775,0.0,16.81021317564736,0.0,3777.0,0.0,experimental_reported,0.534128278725632,0.563178644234597,-0.0481571077398826,,1
Table S1,576,Anzellini et al. (2013),static_experiment,,135.0,0.0,KCl,135.0,0.0,,0,5.09817576739235,0.0,16.931440066148006,0.0,3850.0,0.0,experimental_reported,4.88396054524063,4.91261619297396,4.17469752715215,,1
Table S1,577,Anzellini et al. (2013),static_experiment,,136.0,0.0,KCl,136.0,0.0,,0,5.08106712618246,0.0,16.87462093191744,0.0,4114.0,0.0,experimental_reported,1.10100797822096,1.12808920627509,0.169346304670739,,1
Table S1,578,Anzellini et al. (2013),static_experiment,,127.0,0.0,KCl,127.0,0.0,,0,4.95012873486914,0.0,16.439764303580112,0.0,2885.0,0.0,experimental_reported,-10.4820871996645,-10.4466811268171,-10.2047936942423,,1
Table S1,579,Anzellini et al. (2013),static_experiment,,128.0,0.0,KCl,128.0,0.0,,0,4.97566166641292,0.0,16.524561164235955,0.0,3080.0,0.0,experimental_reported,-8.31736305104155,-8.28355061103059,-8.20573205155398,,1
Table S1,580,Anzellini et al. (2013),static_experiment,,128.0,0.0,KCl,128.0,0.0,,0,4.97835996449665,0.0,16.533522423001784,0.0,3020.0,0.0,experimental_reported,-7.337633400589,-7.30339515703088,-7.17399188257164,,1
Table S1,581,Anzellini et al. (2013),static_experiment,,128.0,0.0,KCl,128.0,0.0,,0,5.00465407351527,0.0,16.620847213525675,0.0,3051.0,0.0,experimental_reported,-4.41934309435769,-4.38543305617597,-4.28807713876313,,1
Table S1,582,Anzellini et al. (2013),static_experiment,,129.0,0.0,KCl,129.0,0.0,,0,5.04091948910846,0.0,16.741287492285252,0.0,3346.0,0.0,experimental_reported,-2.23632565504758,-2.20453541030503,-2.39454883783804,,1
Table S1,583,Anzellini et al. (2013),static_experiment,,154.0,0.0,KCl,154.0,0.0,,0,4.89590823189538,0.0,16.25969377672062,0.0,3411.0,0.0,experimental_reported,3.71107646659516,3.74301943521999,3.54727107707623,,1
Table S1,584,Anzellini et al. (2013),static_experiment,,154.0,0.0,KCl,154.0,0.0,,0,4.88952431943324,0.0,16.23849230463102,0.0,3422.0,0.0,experimental_reported,2.7223988605225,2.75431381180437,2.54876946290142,,1
Table S1,585,Anzellini et al. (2013),static_experiment,,156.0,0.0,KCl,156.0,0.0,,0,4.94058379132432,0.0,16.408064800279828,0.0,4092.0,0.0,experimental_reported,4.2762330011584,4.30357130322272,3.55631304763455,,1
Table S1,586,Anzellini et al. (2013),static_experiment,,156.0,0.0,KCl,156.0,0.0,,0,4.94028526525757,0.0,16.40707337188701,0.0,4057.0,0.0,experimental_reported,4.61780269299669,4.64535257447523,3.92650192445694,,1
Table S1,587,Anzellini et al. (2013),static_experiment,,156.0,0.0,KCl,156.0,0.0,,0,4.90589792195752,0.0,16.292870317954904,0.0,4046.0,0.0,experimental_reported,0.187246061917108,0.215023765424633,-0.472315974609927,,1
Table S1,588,Anzellini et al. (2013),static_experiment,,158.0,0.0,KCl,158.0,0.0,,0,4.94685894578833,0.0,16.428905078559904,0.0,4269.0,0.0,experimental_reported,5.16420616591898,5.19047509025879,4.29450834360671,,1
Table S1,589,Anzellini et al. (2013),static_experiment,,178.0,0.0,KCl,178.0,0.0,,0,4.67174220873554,0.0,15.5152208987408,0.0,2855.0,0.0,experimental_reported,-0.50906442318157,-0.469540097806771,-0.605984677310772,,1
Table S1,590,Anzellini et al. (2013),static_experiment,,177.0,0.0,KCl,177.0,0.0,,0,4.67174220873554,0.0,15.5152208987408,0.0,2859.0,0.0,experimental_reported,-1.55149812388214,-1.51200891166968,-1.65074563151347,,1
Table S1,591,Anzellini et al. (2013),static_experiment,,178.0,0.0,KCl,178.0,0.0,,0,4.67304316730104,0.0,15.519541483786375,0.0,2911.0,0.0,experimental_reported,-0.882021880855632,-0.843014545611936,-1.00809322114316,,1
Table S1,592,Anzellini et al. (2013),static_experiment,,178.0,0.0,KCl,178.0,0.0,,0,4.67592554607578,0.0,15.52911408891007,0.0,2972.0,0.0,experimental_reported,-1.04103065757502,-1.00260840180226,-1.19519542991202,,1
Table S1,593,Anzellini et al. (2013),static_experiment,,177.0,0.0,KCl,177.0,0.0,,0,4.67722766959181,0.0,15.533438542847378,0.0,2985.0,0.0,experimental_reported,-1.95862103721032,-1.9203371764024,-2.11710986196627,,1
Table S1,594,Anzellini et al. (2013),static_experiment,,177.0,0.0,KCl,177.0,0.0,,0,4.67592554607578,0.0,15.52911408891007,0.0,2912.0,0.0,experimental_reported,-1.40254788743474,-1.36361439885485,-1.52183816140746,,1
Table S1,595,Anzellini et al. (2013),static_experiment,,179.0,0.0,KCl,179.0,0.0,,0,4.68532391152578,0.0,15.560326794904674,0.0,3083.0,0.0,experimental_reported,0.362288362942223,0.39958717692781,0.165984128290802,,1
Table S1,596,Anzellini et al. (2013),static_experiment,,178.0,0.0,KCl,178.0,0.0,,0,4.68011075557415,0.0,15.543013496662772,0.0,2949.0,0.0,experimental_reported,-0.0870951135943301,-0.0485710584446508,-0.217510545200184,,1
Table S1,597,Anzellini et al. (2013),static_experiment,,178.0,0.0,KCl,178.0,0.0,,0,4.68429783723065,0.0,15.556919121998902,0.0,3087.0,0.0,experimental_reported,-0.85308286096685,-0.815794754834002,-1.05406910485979,,1
Table S1,598,Anzellini et al. (2013),static_experiment,,178.0,0.0,KCl,178.0,0.0,,0,4.67880746658625,0.0,15.53868517210232,0.0,3012.0,0.0,experimental_reported,-0.978858051867093,-0.940834792842537,-1.14916761822505,,1
Table S1,599,Anzellini et al. (2013),static_experiment,,179.0,0.0,KCl,179.0,0.0,,0,4.69109803403668,0.0,15.57950310692067,0.0,2981.0,0.0,experimental_reported,2.41899761649907,2.45701486249439,2.29610771302455,,1
Table S1,600,Anzellini et al. (2013),static_experiment,,179.0,0.0,KCl,179.0,0.0,,0,4.68848679104528,0.0,15.570830964918462,0.0,3045.0,0.0,experimental_reported,1.29921978013976,1.33676203261831,1.13243509420116,,1
Table S1,601,Anzellini et al. (2013),static_experiment,,179.0,0.0,KCl,179.0,0.0,,0,4.68560229221178,0.0,15.561251318913975,0.0,3099.0,0.0,experimental_reported,0.238000471839825,0.275163691241005,0.0329972864701347,,1
Table S1,602,Anzellini et al. (2013),static_experiment,,179.0,0.0,KCl,179.0,0.0,,0,4.67880746658625,0.0,15.53868517210232,0.0,3020.0,0.0,experimental_reported,-0.0642005073222833,-0.0262437622002949,-0.239152469976801,,1
Table S1,603,Anzellini et al. (2013),static_experiment,,179.0,0.0,KCl,179.0,0.0,,0,4.68299338224953,0.0,15.552586925083865,0.0,3130.0,0.0,experimental_reported,-0.53280297067144,-0.495834236955972,-0.76173166402009,,1
Table S1,604,Anzellini et al. (2013),static_experiment,,180.0,0.0,KCl,180.0,0.0,,0,4.69948622732668,0.0,15.607360952242772,0.0,3234.0,0.0,experimental_reported,2.10840843629816,2.14422047340179,1.85386830968068,,1
Table S1,605,Anzellini et al. (2013),static_experiment,,180.0,0.0,KCl,180.0,0.0,,0,4.70814818060163,0.0,15.636127975864948,0.0,3153.0,0.0,experimental_reported,4.40602469783897,4.44230098281304,4.21729388630331,,1
Table S1,606,Anzellini et al. (2013),static_experiment,,180.0,0.0,KCl,180.0,0.0,,0,4.70395103511766,0.0,15.62218892777146,0.0,3161.0,0.0,experimental_reported,3.62949529436543,3.66579009130427,3.4274371784939,,1
Table S1,607,Anzellini et al. (2013),static_experiment,,180.0,0.0,KCl,180.0,0.0,,0,4.69817827123781,0.0,15.603017127875338,0.0,3128.0,0.0,experimental_reported,3.02790933937459,3.06458040787888,2.83348875692931,,1
Table S1,608,Anzellini et al. (2013),static_experiment,,180.0,0.0,KCl,180.0,0.0,,0,4.74282412038789,0.0,15.751289481277052,0.0,3383.0,0.0,experimental_reported,7.53010910139824,7.56402207047097,7.2603416836867,,1
Table S1,609,Anzellini et al. (2013),static_experiment,,180.0,0.0,KCl,180.0,0.0,,0,4.7362551119109,0.0,15.729473290859778,0.0,3383.0,0.0,experimental_reported,6.48528306886169,6.51930411398359,6.20559359176801,,1
Table S1,610,Anzellini et al. (2013),static_experiment,,182.0,0.0,KCl,182.0,0.0,,0,4.77717041488747,0.0,15.865356208935475,0.0,3834.0,0.0,experimental_reported,10.0022114443682,10.0324981236984,9.48196180568013,,1
Table S1,611,Anzellini et al. (2013),static_experiment,,181.0,0.0,KCl,181.0,0.0,,0,4.7172104639506,0.0,15.666224526942477,0.0,3865.0,0.0,experimental_reported,-0.800619501380766,-0.769651051200611,-1.39851397748646,,1
Table S1,612,Anzellini et al. (2013),static_experiment,,182.0,0.0,KCl,182.0,0.0,,0,4.73872490999292,0.0,15.737675683266227,0.0,3982.0,0.0,experimental_reported,2.39028921452217,2.4201455743576,1.7451930282935,,1
Table S1,613,Anzellini et al. (2013),static_experiment,,181.0,0.0,KCl,181.0,0.0,,0,4.79036701824352,0.0,15.909183159788913,0.0,4208.0,0.0,experimental_reported,6.93959303306954,6.96734024177596,6.18116571363606,,1
Table S1,614,Anzellini et al. (2013),static_experiment,,182.0,0.0,KCl,182.0,0.0,,0,4.79828498025714,0.0,15.935479330300941,0.0,4316.0,0.0,experimental_reported,7.95311435441954,7.98011478263143,7.12458480677017,,1
Table S1,615,Anzellini et al. (2013),static_experiment,,183.0,0.0,KCl,183.0,0.0,,0,4.81108893715557,0.0,15.978002271589448,0.0,4460.0,0.0,experimental_reported,9.28787339196356,9.31388169940564,8.36223409985038,,1
Table S1,616,Anzellini et al. (2013),static_experiment,,182.0,0.0,KCl,182.0,0.0,,0,4.77992460400777,0.0,15.874503086200763,0.0,4669.0,0.0,experimental_reported,1.31350944105714,1.33861883339387,0.255693215581317,,1
Table S1,617,Anzellini et al. (2013),static_experiment,,198.0,0.0,KCl,198.0,0.0,,0,4.56006890744047,0.0,15.14434513961932,0.0,3350.0,0.0,experimental_reported,-5.98420336359209,-5.94582321880642,-6.65891853338093,,1
Table S1,618,Anzellini et al. (2013),static_experiment,,196.0,0.0,KCl,196.0,0.0,,0,4.58069800985125,0.0,15.212856000566983,0.0,3381.0,0.0,experimental_reported,-4.41122002396733,-4.37369695283007,-5.03715112947756,,1
Table S1,619,Anzellini et al. (2013),static_experiment,,206.0,0.0,KCl,206.0,0.0,,0,4.5992403185801,0.0,15.27443645664669,0.0,4083.0,0.0,experimental_reported,1.41346235759784,1.44543141037804,0.50845934203582,,1
Table S1,620,Anzellini et al. (2013),static_experiment,,202.0,0.0,KCl,202.0,0.0,,0,4.61352846024682,0.0,15.321888491516495,0.0,4059.0,0.0,experimental_reported,0.28199106106166,0.313768230377065,-0.583190980221474,,1
Table S1,621,Anzellini et al. (2013),static_experiment,,203.0,0.0,KCl,203.0,0.0,,0,4.61352846024682,0.0,15.321888491516495,0.0,4162.0,0.0,experimental_reported,0.157720826636421,0.188816084787391,-0.75662907281415,,1
Table S1,622,Anzellini et al. (2013),static_experiment,,204.0,0.0,KCl,204.0,0.0,,0,4.61352846024682,0.0,15.321888491516495,0.0,4190.0,0.0,experimental_reported,0.851829645173211,0.882741575274679,-0.0758457556748908,,1
Table S1,623,Anzellini et al. (2013),static_experiment,,204.0,0.0,KCl,204.0,0.0,,0,4.63244772209774,0.0,15.384720838367583,0.0,4333.0,0.0,experimental_reported,2.68123671869969,2.7107950952913,1.71553091201841,,1
Table S1,624,Anzellini et al. (2013),static_experiment,,204.0,0.0,KCl,204.0,0.0,,0,4.69893176301085,0.0,15.605519532927191,0.0,4695.0,0.0,experimental_reported,10.1290053998892,10.155074837889,9.04041458079732,,1
Table S1,625,Anzellini et al. (2013),static_experiment,,200.0,0.0,KCl,200.0,0.0,,0,4.70313192527094,0.0,15.619468599969888,0.0,4673.0,0.0,experimental_reported,7.06576633687706,7.09189788125852,5.99162010956235,,1
Table S1,626,Anzellini et al. (2013),static_experiment,,201.0,0.0,KCl,201.0,0.0,,0,4.72547351303638,0.0,15.6936667585843,0.0,4562.0,0.0,experimental_reported,12.9316051224915,12.9580520529314,11.9315295518387,,1
Table S1,627,Anzellini et al. (2013),static_experiment,,164.0,0.0,KCl,164.0,0.0,,0,4.75464833564648,0.0,15.790558624028177,0.0,2459.0,0.0,experimental_reported,3.21541408513568,3.25688168767792,3.57358369345823,,1
Table S1,628,Anzellini et al. (2013),static_experiment,,163.0,0.0,KCl,163.0,0.0,,0,4.73838318978159,0.0,15.736540803744315,0.0,2537.0,0.0,experimental_reported,-1.17036999028053,-1.12934738560301,-0.902740832007112,,1
Table S1,629,Anzellini et al. (2013),static_experiment,,162.0,0.0,KCl,162.0,0.0,,0,4.7834728853429,0.0,15.886287205757377,0.0,2624.0,0.0,experimental_reported,3.93709560907942,3.97650288371165,4.24035430174771,,1
Table S1,630,Anzellini et al. (2013),static_experiment,,163.0,0.0,KCl,163.0,0.0,,0,4.75710313404553,0.0,15.798711201315495,0.0,2697.0,0.0,experimental_reported,0.100977723481577,0.14017286175357,0.302363556824048,,1
Table S1,631,Anzellini et al. (2013),static_experiment,,164.0,0.0,KCl,164.0,0.0,,0,4.75814291951379,0.0,15.802164410098545,0.0,2815.0,0.0,experimental_reported,0.0149244028464182,0.0530690995008172,0.139140581142954,,1
Table S1,632,Anzellini et al. (2013),static_experiment,,165.0,0.0,KCl,165.0,0.0,,0,4.76778635260046,0.0,15.83419100486273,0.0,2887.0,0.0,experimental_reported,1.74836636610752,1.78574239322864,1.84192855613307,,1
Table S1,633,Anzellini et al. (2013),static_experiment,,171.0,0.0,KCl,171.0,0.0,,0,4.80162973177984,0.0,15.946587511447808,0.0,4111.0,0.0,experimental_reported,-0.310763947330287,-0.282541194074554,-1.00205588928017,,1
Table S1,634,Anzellini et al. (2013),static_experiment,,172.0,0.0,KCl,172.0,0.0,,0,4.84901968354413,0.0,16.10397324403998,0.0,4389.0,0.0,experimental_reported,4.57296438629632,4.59906060728753,3.68498370059092,,1
Table S1,635,Sakai et al. (2014),static_experiment,,279.2,11.3,NaCl-B2,280.9989525,11.37280861,Fei et al. (2007),1,4.14176,0.00301,13.755108573715901,0.009996445184386558,300.0,0.0,experimental_reported,0.329186453349962,0.44741608968701,-1.57440762891196,,1
Table S1,636,Sakai et al. (2014),static_experiment,,266.4,10.9,NaCl-B2,268.0232244,10.96641571,Fei et al. (2007),1,4.18089,0.02408,13.885062361112928,0.07997156147509246,300.0,0.0,experimental_reported,-0.950559889020155,-0.836111190645681,-2.50799176622615,,1
Table S1,637,Sakai et al. (2014),static_experiment,,254.2,8.4,NaCl-B2,255.2306619,8.434058066,Fei et al. (2007),1,4.22905,0.02107,14.045005484063113,0.0699751162907059,300.0,0.0,experimental_reported,-0.0250856864053333,0.0850872895398425,-1.16979379892436,,1
Table S1,638,Sakai et al. (2014),static_experiment,,238.7,10.8,NaCl-B2,239.6417341,10.84260883,Fei et al. (2007),1,4.29226,0.02107,14.25493083293523,0.0699751162907059,300.0,0.0,experimental_reported,1.32753808811253,1.43267769378372,0.699796451564623,,1
Table S1,639,Sakai et al. (2014),static_experiment,,227.2,8.5,NaCl-B2,227.5255977,8.512181252,Fei et al. (2007),1,4.34042,0.02107,14.414873955885415,0.0699751162907059,300.0,0.0,experimental_reported,1.36184228441763,1.46354786272042,1.10761027572161,,1
Table S1,640,Sakai et al. (2014),static_experiment,,214.0,8.0,NaCl-B2,214.3847478,8.014383097,Fei et al. (2007),1,4.40664,0.02408,14.63479574994192,0.07997156147509246,300.0,0.0,experimental_reported,3.93465438225954,4.03214779148882,4.1634961882105,,1
Table S1,641,Sakai et al. (2014),static_experiment,,195.9,8.2,NaCl-B2,195.7536125,8.193872497,Fei et al. (2007),1,4.47888,0.01806,14.874710434367197,0.05997867110631934,300.0,0.0,experimental_reported,1.23096601582051,1.32446719751005,1.94495366458207,,1
Table S1,642,Sakai et al. (2014),static_experiment,,173.2,8.6,NaCl-B2,173.1542023,8.59772598,Fei et al. (2007),1,4.59025,0.01505,15.244578906189501,0.049982225921932785,300.0,0.0,experimental_reported,0.941537107918009,1.02994792883854,2.31584289522303,,1
Table S1,643,Sakai et al. (2014),static_experiment,,151.6,4.9,NaCl-B2,151.2526418,4.888772724,Fei et al. (2007),1,4.71667,0.01204,15.664429603933733,0.03998578073754623,300.0,0.0,experimental_reported,1.44653401380361,1.53047111980587,3.44169578406118,,1
Table S1,644,Sakai et al. (2014),static_experiment,,109.0,3.1,NaCl-B2,108.8583373,3.095971061,Fei et al. (2007),1,4.97252,0.00602,16.514127444606594,0.019992890368773115,300.0,0.0,experimental_reported,-3.45950656246094,-3.38143760611378,-0.606081215363005,,1
Table S1,645,Sakai et al. (2014),static_experiment,,76.2,4.0,NaCl-B2,76.63282986,4.022720728,Fei et al. (2007),1,5.27051,0.01505,17.50377551786086,0.049982225921932785,300.0,0.0,experimental_reported,-2.33720166597482,-2.26235908853836,0.925678169091967,,1
Table S1,646,Sakai et al. (2014),static_experiment,,72.8,4.0,NaCl-B2,73.25322289,4.024902357,Fei et al. (2007),1,5.30964,0.01806,17.633729305257887,0.05997867110631934,300.0,0.0,experimental_reported,-1.99953532732945,-1.92491848649352,1.2765856850136,,1
Table S1,647,Sakai et al. (2014),static_experiment,,69.7,3.0,NaCl-B2,70.39887557,3.030080727,Fei et al. (2007),1,5.34275,0.02107,17.74369020228614,0.0699751162907059,300.0,0.0,experimental_reported,-1.81340919380806,-1.73895525789588,1.46734286022878,,1
Table S1,648,Sakai et al. (2014),static_experiment,,66.8,2.0,NaCl-B2,67.4326088,2.018940383,Fei et al. (2007),1,5.37285,0.00903,17.843654654130003,0.02998933555315967,300.0,0.0,experimental_reported,-2.09613624664792,-2.0218094904083,1.18376523012908,,1
Table S1,649,Sakai et al. (2014),static_experiment,,63.8,3.0,NaCl-B2,64.60081396,3.037655829,Fei et al. (2007),1,5.40897,0.01505,17.963611996342642,0.049982225921932785,300.0,0.0,experimental_reported,-1.8054929576783,-1.7312941799152,1.46722872265517,,1
Table S1,650,Sakai et al. (2014),static_experiment,,60.2,3.0,NaCl-B2,61.05657991,3.042686707,Fei et al. (2007),1,5.44509,0.01806,18.083569338555282,0.05997867110631934,300.0,0.0,experimental_reported,-2.33029318299878,-2.25619726671825,0.928754990769157,,1
Table S1,651,Sakai et al. (2014),static_experiment,,57.5,3.0,NaCl-B2,58.41022753,3.047490132,Fei et al. (2007),1,5.4782,0.00903,18.193530235583534,0.02998933555315967,300.0,0.0,experimental_reported,-2.29610573146473,-2.22208354423744,0.944904953229432,,1
Table S1,652,Sakai et al. (2014),static_experiment,,54.5,2.0,NaCl-B2,55.60109141,2.040407024,Fei et al. (2007),1,5.51733,0.00602,18.32348402298056,0.019992890368773115,300.0,0.0,experimental_reported,-2.04105361981575,-1.96709500746568,1.17210436449601,,1
Table S1,653,Sakai et al. (2014),static_experiment,,51.7,2.0,NaCl-B2,52.93358651,2.047720948,Fei et al. (2007),1,5.55646,0.00602,18.453437810377586,0.019992890368773115,300.0,0.0,experimental_reported,-1.75257228611819,-1.67865360615072,1.42592760779419,,1
Table S1,654,Sakai et al. (2014),static_experiment,,46.3,5.0,NaCl-B2,47.66760262,5.147689268,Fei et al. (2007),1,5.63472,0.01204,18.713345385171635,0.03998578073754623,300.0,0.0,experimental_reported,-1.41457002785938,-1.3406676120456,1.67532904850305,,1
Table S1,655,Sakai et al. (2014),static_experiment,,44.6,6.0,NaCl-B2,46.00887603,6.189534891,Fei et al. (2007),1,5.66482,0.01204,18.8133098370155,0.03998578073754623,300.0,0.0,experimental_reported,-1.02199258250361,-0.948076109326365,2.02735164995163,,1
Table S1,656,Sakai et al. (2014),static_experiment,,42.1,1.0,NaCl-B2,43.59361474,1.035477785,Fei et al. (2007),1,5.69492,0.00602,18.913274288859366,0.019992890368773115,300.0,0.0,experimental_reported,-1.4411578886065,-1.3672171707091,1.5642203684016,,1
Table S1,657,Sakai et al. (2014),static_experiment,,39.2,2.0,NaCl-B2,40.8224195,2.082776505,Fei et al. (2007),1,5.74308,0.00903,19.07321741180955,0.02998933555315967,300.0,0.0,experimental_reported,-1.12940130101648,-1.05540225357319,1.79883286850953,,1
Table S1,658,Sakai et al. (2014),static_experiment,,36.0,1.0,NaCl-B2,37.77909471,1.049419298,Fei et al. (2007),1,5.79726,0.01204,19.25315342512851,0.03998578073754623,300.0,0.0,experimental_reported,-0.860487579753119,-0.786396942897277,1.97147732764523,,1
Table S1,659,Sakai et al. (2014),static_experiment,,28.2,1.0,NaCl-B2,30.22387963,1.071768781,Fei et al. (2007),1,5.93572,0.02107,19.71298990361029,0.0699751162907059,300.0,0.0,experimental_reported,-0.645735928418048,-0.571307995034772,1.8989331710354,,1
Table S1,660,Sakai et al. (2014),static_experiment,,24.6,1.0,NaCl-B1,24.6,1.0,,0,6.05311,0.02408,20.102851265801366,0.07997156147509246,300.0,0.0,experimental_reported,-0.390375311500222,-0.315572234757592,1.87013796494994,,1
Table S1,661,Sakai et al. (2014),static_experiment,,24.2,1.0,NaCl-B1,24.2,1.0,,0,6.05612,0.02107,20.112847710985754,0.0699751162907059,300.0,0.0,experimental_reported,-0.647489955730073,-0.572676422407316,1.60530359410274,,1
Table S1,662,Dewaele et al. (2015),static_experiment,,14.5,0.1,ruby,14.51276833,0.100088057,Ye et al. (2018),1,6.256586,0.00532168,20.778610960265897,0.017673715085995433,300.0,0.0,experimental_reported,-1.61953403801756,-1.54395715667991,0.0774313432398426,,1
Table S1,663,Dewaele et al. (2015),static_experiment,,18.3,0.1,ruby,18.31301735,0.100071133,Ye et al. (2018),1,6.18254,0.00527653,20.53269840872999,0.017523768408229633,300.0,0.0,experimental_reported,-0.861886005985408,-0.786604175212631,1.04932820752221,,1
Table S1,664,Dewaele et al. (2015),static_experiment,,19.0,0.1,ruby,19.01293606,0.100068085,Ye et al. (2018),1,6.168092,0.00527051,20.484715471844932,0.01750377551786086,300.0,0.0,experimental_reported,-0.778920062584199,-0.703694269092797,1.1729494330081,,1
Table S1,665,Dewaele et al. (2015),static_experiment,,19.4,0.1,ruby,19.41287227,0.100066352,Ye et al. (2018),1,6.156052,0.00526148,20.444729691107387,0.017473786182307702,300.0,0.0,experimental_reported,-0.899098849350239,-0.82391931651992,1.08634755745968,,1
Table S1,666,Fei et al. (2016),static_experiment,,18.72,0.1,Ne,18.72,0.1,,0,6.1495203,0.00354879,20.42303740505727,0.011785808872391751,300.0,0.0,experimental_reported,-1.87643443680917,-1.80127982699894,0.127110366988795,,1
Table S1,667,Fei et al. (2016),static_experiment,,21.93,0.1,Ne,21.93,0.1,,0,6.0715914,0.0038829,20.164229439233498,0.012895414287858658,300.0,0.0,experimental_reported,-2.18900190449784,-2.11413405116583,0.02379202029433,,1
Table S1,668,Fei et al. (2016),static_experiment,,25.71,0.1,Ne,25.71,0.1,,0,6.0226187,0.00350063,20.00158727608353,0.011625865749441565,300.0,0.0,experimental_reported,-0.749364019770589,-0.674664711885065,1.58817831103592,,1
Table S1,669,Fei et al. (2016),static_experiment,,26.84,0.1,Ne,26.84,0.1,,0,5.9666026,0.00347956,19.815553431202098,0.01155589063315086,300.0,0.0,experimental_reported,-2.42328773299475,-2.34876784622554,0.0499614700973154,,1
Table S1,670,Fei et al. (2016),static_experiment,,28.6,0.1,Ne,28.6,0.1,,0,5.9181717,0.00381668,19.654710628185317,0.012675492493802154,300.0,0.0,experimental_reported,-3.20217071281133,-3.12779259922229,-0.61804785391292,,1
Table S1,671,Fei et al. (2016),static_experiment,,31.18,0.1,Ne,31.18,0.1,,0,5.8840985,0.00336819,19.541550868698064,0.011186022161328558,300.0,0.0,experimental_reported,-2.47496343340475,-2.40067663366317,0.183340798859771,,1
Table S1,672,Fei et al. (2016),static_experiment,,34.35,0.1,Ne,34.35,0.1,,0,5.8379853,0.00335013,19.388405328473258,0.011126043490222238,300.0,0.0,experimental_reported,-1.90371473151371,-1.82953909100922,0.849658095508971,,1
Table S1,673,Fei et al. (2016),static_experiment,,36.78,0.1,Ne,36.78,0.1,,0,5.8061395,0.00333809,19.28264293842245,0.011086057709484693,300.0,0.0,experimental_reported,-1.33194075270092,-1.25783270462708,1.48333216687632,,1
Table S1,674,Fei et al. (2016),static_experiment,,37.76,0.1,Ne,37.76,0.1,,0,5.7717352,0.00375347,19.168383569964913,0.012465567144930037,300.0,0.0,experimental_reported,-2.4199396830917,-2.3458954176824,0.458590501452498,,1
Table S1,675,Fei et al. (2016),static_experiment,,40.1,0.1,Ne,40.1,0.1,,0,5.7757385,0.00332605,19.181678842060144,0.011046071928747146,300.0,0.0,experimental_reported,0.163988946253163,0.238040114750248,3.03535666003944,,1
Table S1,676,Fei et al. (2016),static_experiment,,43.1,0.1,Ne,43.1,0.1,,0,5.7267056,0.00459326,19.01883675000649,0.015254575351373886,300.0,0.0,experimental_reported,0.114966723109703,0.188943365768416,3.07034565481424,,1
Table S1,677,Fei et al. (2016),static_experiment,,43.3,0.1,Ne,43.3,0.1,,0,5.7393175,0.00629391,19.060721855329067,0.02090256688055229,300.0,0.0,experimental_reported,1.11211517965184,1.18610885231778,4.04666865990239,,1
Table S1,678,Fei et al. (2016),static_experiment,,43.86,0.1,Ne,43.86,0.1,,0,5.6826091,0.00371434,18.872388828055225,0.01233561335753301,300.0,0.0,experimental_reported,-1.98460875438387,-1.91067914032468,1.03915616409029,,1
Table S1,679,Fei et al. (2016),static_experiment,,45.09,0.1,Ne,45.09,0.1,,0,5.6903448,0.00329294,18.8980796921791,0.010936111031718893,300.0,0.0,experimental_reported,-0.244686239783007,-0.170749836786897,2.76758992869463,,1
Table S1,680,Fei et al. (2016),static_experiment,,45.09,0.1,Ne,45.09,0.1,,0,5.6397166,0.00327488,18.729939484177716,0.010876132360612575,300.0,0.0,experimental_reported,-3.64776420155286,-3.57386018664125,-0.564355992863149,,1
Table S1,681,Fei et al. (2016),static_experiment,,46.34,0.1,Ne,46.34,0.1,,0,5.6837529,0.00329294,18.87618747722529,0.010936111031718893,300.0,0.0,experimental_reported,0.571013370653027,0.644943948072886,3.5930934135338,,1
Table S1,682,Fei et al. (2016),static_experiment,,48.18,0.1,Ne,48.18,0.1,,0,5.6421848,0.00327488,18.738136569228914,0.010876132360612575,300.0,0.0,experimental_reported,-0.388210721205162,-0.314305806698293,2.6919554097793,,1
Table S1,683,Fei et al. (2016),static_experiment,,49.01,0.1,Ne,49.01,0.1,,0,5.6178339,0.00326585,18.657265327687227,0.010846143025059414,300.0,0.0,experimental_reported,-1.24775306464633,-1.1738538137415,1.86335838256115,,1
Table S1,684,Fei et al. (2016),static_experiment,,50.54,0.1,Ne,50.54,0.1,,0,5.608232,0.00326284,18.625376667549034,0.010836146579875028,300.0,0.0,experimental_reported,-0.394320694563071,-0.320421666275727,2.72834858248853,,1
Table S1,685,Fei et al. (2016),static_experiment,,51.28,0.1,Ne,51.28,0.1,,0,5.5880349,0.00325381,18.5583005203618,0.010806157244321869,300.0,0.0,experimental_reported,-1.0969151890679,-1.02301276898107,2.04885115403995,,1
Table S1,686,Fei et al. (2016),static_experiment,,52.23,0.1,NaCl-B2,52.23,0.1,,0,5.5548647,0.00323876,18.448139694429862,0.010756175018399934,300.0,0.0,experimental_reported,-2.57461062900924,-2.50069075915464,0.605431667608507,,1
Table S1,687,Fei et al. (2016),static_experiment,,52.34,0.1,Ne,52.34,0.1,,0,5.6101584,0.00497553,18.63177439246704,0.01652412388979098,300.0,0.0,experimental_reported,1.54189180064891,1.61579078027476,4.66227184702359,,1
Table S1,688,Fei et al. (2016),static_experiment,,52.4,0.1,Ne,52.4,0.1,,0,5.6069678,0.00204078,18.62117816057159,0.006777589835014085,300.0,0.0,experimental_reported,1.3761598655456,1.45005895142592,4.50032334725729,,1
Table S1,689,Fei et al. (2016),static_experiment,,55.9,0.1,Ne,55.9,0.1,,0,5.5216945,0.00322973,18.33797886849792,0.010726185682846777,300.0,0.0,experimental_reported,-1.4071563804392,-1.33320335831442,1.80246782256611,,1
Table S1,690,Fei et al. (2016),static_experiment,,56.65,0.1,Ne,56.65,0.1,,0,5.5110993,0.00322371,18.302791381448877,0.010706192792478001,300.0,0.0,experimental_reported,-1.47270388680883,-1.39873678382219,1.7453520799393,,1
Table S1,691,Fei et al. (2016),static_experiment,,56.86,0.1,NaCl-B2,56.86,0.1,,0,5.4865678,0.00321468,18.22132035319613,0.010676203456924844,300.0,0.0,experimental_reported,-3.18175615565822,-3.10774964847596,0.0538848135406411,,1
Table S1,692,Fei et al. (2016),static_experiment,,57.66,0.1,Ne,57.66,0.1,,0,5.5123334,0.00393407,18.306889923974477,0.01306535385599323,300.0,0.0,experimental_reported,-0.367302058303807,-0.293336684994671,2.84979753448745,,1
Table S1,693,Fei et al. (2016),static_experiment,,57.9,0.1,NaCl-B2,57.9,0.1,,0,5.5007148,0.0032207,18.268303645562746,0.010696196347293616,300.0,0.0,experimental_reported,-1.02977820879133,-0.955795602002588,2.19605449412159,,1
Table S1,694,Fei et al. (2016),static_experiment,,58.05,0.1,Ne,58.05,0.1,,0,5.5073368,0.00732935,18.290295824968396,0.024341344023981266,300.0,0.0,experimental_reported,-0.364232066146009,-0.290259542528517,2.8566975797428,,1
Table S1,695,Fei et al. (2016),static_experiment,,58.63,0.1,Ne,58.63,0.1,,0,5.481812,0.00321167,18.205525969804796,0.010666207011740456,300.0,0.0,experimental_reported,-1.78883648962124,-1.71482121329375,1.449895963675,,1
Table S1,696,Fei et al. (2016),static_experiment,,61.75,0.1,Ne,61.75,0.1,,0,5.4514411,0.00319963,18.104661837894337,0.010626221231002911,300.0,0.0,experimental_reported,-1.11631991066069,-1.04223961786855,2.13967041800959,,1
Table S1,697,Fei et al. (2016),static_experiment,,67.44,0.1,Ne,67.44,0.1,,0,5.386696,0.00317555,17.88963830197818,0.010546249669527817,300.0,0.0,experimental_reported,-0.879389823322825,-0.805115210691653,2.39854205287649,,1
Table S1,698,Fei et al. (2016),static_experiment,,68.37,0.1,Ne,68.37,0.1,,0,5.3806459,0.00727216,17.869545447157567,0.024151411565477923,300.0,0.0,experimental_reported,-0.475907327954744,-0.401610411543857,2.80300600264799,,1
Table S1,699,Fei et al. (2016),static_experiment,,68.82,0.1,Ne,68.82,0.1,,0,5.3685156,0.00316953,17.82925977306449,0.010526256779159044,300.0,0.0,experimental_reported,-1.09054397133311,-1.01620008228547,2.18977140098887,,1
Table S1,700,Fei et al. (2016),static_experiment,,69.26,0.1,Ne,69.26,0.1,,0,5.3845589,0.00324779,17.88254082589727,0.010786164353953095,300.0,0.0,experimental_reported,0.754965093309067,0.829247499817797,4.03326499150199,,1
Table S1,701,Fei et al. (2016),static_experiment,,69.42,0.1,Ne,69.42,0.1,,0,5.3579204,0.00316351,17.79407228601545,0.010506263888790272,300.0,0.0,experimental_reported,-1.43035482076851,-1.35596739533007,1.85056158510646,,1
Table S1,702,Fei et al. (2016),static_experiment,,69.46,0.1,NaCl-B2,69.46,0.1,,0,5.3468135,0.0031605,17.75718540328506,0.010496267443605885,300.0,0.0,experimental_reported,-2.38558676571603,-2.311151133979,0.895328492788167,,1
Table S1,703,Fei et al. (2016),static_experiment,,72.15,0.1,Ne,72.15,0.1,,0,5.311446,0.00314545,17.63972717236852,0.010446285217683952,300.0,0.0,experimental_reported,-2.93446989432488,-2.85986258592048,0.3420570786231,,1
Table S1,704,Fei et al. (2016),static_experiment,,73.07,0.1,Ne,73.07,0.1,,0,5.3410343,0.00332906,17.737992228531038,0.011056068373931532,300.0,0.0,experimental_reported,0.702468355050357,0.776930127982979,3.98312517371086,,1
Table S1,705,Fei et al. (2016),static_experiment,,73.46,0.1,Ne,73.46,0.1,,0,5.3407935,0.002408,17.737192512916288,0.007997156147509246,300.0,0.0,experimental_reported,1.07065937655047,1.14512225459566,4.35130157549985,,1
Table S1,706,Fei et al. (2016),static_experiment,,75.52,0.1,NaCl-B2,75.52,0.1,,0,5.2930248,0.00313943,17.578548927840075,0.010426292327315179,300.0,0.0,experimental_reported,-1.29447524478043,-1.21976709011751,1.97706750944096,,1
Table S1,707,Fei et al. (2016),static_experiment,,77.38,0.1,Ne,77.38,0.1,,0,5.2778243,0.00313341,17.52806687965892,0.010406299436946407,300.0,0.0,experimental_reported,-0.884746737832558,-0.809949206132103,2.38126079330469,,1
Table S1,708,Fei et al. (2016),static_experiment,,77.71,0.1,Ne,77.71,0.1,,0,5.2615402,0.00312739,17.47398611121139,0.010386306546577632,300.0,0.0,experimental_reported,-2.13161324460202,-2.05671358093024,1.12701522799628,,1
Table S1,709,Fei et al. (2016),static_experiment,,80.37,0.1,Ne,80.37,0.1,,0,5.2521791,0.00319361,17.44289716668795,0.010606228340634138,300.0,0.0,experimental_reported,-0.389117456334148,-0.314156012777161,2.86458191971339,,1
Table S1,710,Fei et al. (2016),static_experiment,,80.65,0.1,Ne,80.65,0.1,,0,5.2566941,0.00220934,17.457891834464526,0.0073373907653397335,300.0,0.0,experimental_reported,0.334420972535554,0.409352335294614,3.59056075972991,,1
Table S1,711,Fei et al. (2016),static_experiment,,84.96,0.1,Ne,84.96,0.1,,0,5.2212664,0.00246519,17.3402336746443,0.00818708860601259,300.0,0.0,experimental_reported,1.11272878158856,1.18791073469401,4.34652580497932,,1
Table S1,712,Fei et al. (2016),static_experiment,,85.42,0.1,Ne,85.42,0.1,,0,5.2078117,0.00272405,17.29554956467009,0.009046782891869835,300.0,0.0,experimental_reported,0.200112978486203,0.275399092755336,3.42348111502545,,1
Table S1,713,Fei et al. (2016),static_experiment,,85.68,0.1,Ne,85.68,0.1,,0,5.2058853,0.00327488,17.289151839752083,0.010876132360612575,300.0,0.0,experimental_reported,0.262148282722805,0.33744972873005,3.48393436117747,,1
Table S1,714,Fei et al. (2016),static_experiment,,86.16,0.1,NaCl-B2,86.16,0.1,,0,5.1845745,0.00271502,17.218377007846627,0.009016793556316674,300.0,0.0,experimental_reported,-1.47218534516325,-1.39670713726088,1.73059771195462,,1
Table S1,715,Fei et al. (2016),static_experiment,,87.41,0.1,Ne,87.41,0.1,,0,5.1825277,0.00271502,17.21157942512124,0.009016793556316674,300.0,0.0,experimental_reported,-0.437233424627436,-0.361737537794298,2.76357845918513,,1
Table S1,716,Fei et al. (2016),static_experiment,,87.47,0.1,Ne,87.47,0.1,,0,5.1834608,0.00271502,17.2146783231284,0.009016793556316674,300.0,0.0,experimental_reported,-0.279144829167237,-0.203657017317099,2.92256887238581,,1
Table S1,717,Fei et al. (2016),static_experiment,,90.62,0.1,Ne,90.62,0.1,,0,5.160344,0.00263074,17.137905624112314,0.008736893091153851,300.0,0.0,experimental_reported,0.414919959822527,0.49061557449788,3.59270443951173,,1
Table S1,718,Fei et al. (2016),static_experiment,,92.8,0.1,Ne,92.8,0.1,,0,5.1398459,0.00244111,17.06982983240664,0.008107117044537497,300.0,0.0,experimental_reported,0.371402338032468,0.447296096273163,3.5251672716368,,1
Table S1,719,Fei et al. (2016),static_experiment,,93.7,0.1,Ne,93.7,0.1,,0,5.1227792,0.0026187,17.01314998821117,0.008696907310416304,300.0,0.0,experimental_reported,-0.613456411074083,-0.537387340885971,2.51826696551021,,1
Table S1,720,Fei et al. (2016),static_experiment,,94.13,0.1,Ne,94.13,0.1,,0,5.1130268,0.00131537,16.980761505813756,0.0043684465455769254,300.0,0.0,experimental_reported,-1.27444431735555,-1.19827072569599,1.84383956481834,,1
Table S1,721,Fei et al. (2016),static_experiment,,97.55,0.1,NaCl-B2,97.55,0.1,,0,5.0660106,0.00260064,16.82461703203364,0.008636928639309985,300.0,0.0,experimental_reported,-3.26003591461404,-3.18331202141607,-0.215332363903983,,1
Table S1,722,Fei et al. (2016),static_experiment,,151.3,0.1,MgO,145.874906393505,0.0964143465918738,Ye et al. (2018),1,4.6952087,0.00289562,15.59315494976906,0.009616580267379868,300.0,0.0,experimental_reported,-7.5343642734982,-7.44975348815268,-5.63508479239562,,1
Table S1,723,Fei et al. (2016),static_experiment,,155.99,0.1,MgO,150.311563359696,0.0963597431628284,Ye et al. (2018),1,4.6597509,0.00288358,15.475396825496984,0.009576594486642323,300.0,0.0,experimental_reported,-9.22562689191989,-9.13982938377168,-7.49323203818267,,1
Table S1,724,Fei et al. (2016),static_experiment,,156.58,0.1,MgO,150.869736894418,0.0963531337938549,Ye et al. (2018),1,4.6727541,0.00288659,15.518581468693535,0.009586590931826709,300.0,0.0,experimental_reported,-6.39447051989978,-6.30911915103471,-4.59964405584898,,1
Table S1,725,Fei et al. (2016),static_experiment,,159.72,0.1,MgO,153.838352762853,0.0963175261475413,Ye et al. (2018),1,4.6570419,0.00288057,15.466400024831039,0.009566598041457935,300.0,0.0,experimental_reported,-6.17618280822521,-6.09029072313544,-4.45697467671093,,1
Table S1,726,Fei et al. (2016),static_experiment,,161.6,0.1,MgO,155.615192960357,0.0962965302972506,Ye et al. (2018),1,4.6232095,0.00380765,15.354039980958532,0.012645503158248994,300.0,0.0,experimental_reported,-10.4736021091292,-10.3864800674043,-8.9243358299467,,1
Table S1,727,Fei et al. (2016),static_experiment,,164.56,0.1,MgO,158.411599324538,0.0962637331821451,Ye et al. (2018),1,4.6219453,0.00286552,15.34984147398109,0.009516615815536002,300.0,0.0,experimental_reported,-7.90827658361846,-7.82110679178422,-6.36554957116223,,1
Table S1,728,Fei et al. (2016),static_experiment,,165.8,0.1,MgO,159.583050496056,0.0962503320241592,Ye et al. (2018),1,4.6128852,0.00380163,15.319752173976086,0.012625510267880221,300.0,0.0,experimental_reported,-8.40171356379079,-8.31419768768242,-6.90625123814371,,1
Table S1,729,Fei et al. (2016),static_experiment,,167.14,0.1,MgO,160.848704339133,0.0962359126116627,Ye et al. (2018),1,4.6034338,0.00292572,15.288363336097113,0.009716544719223733,300.0,0.0,experimental_reported,-8.88945850952405,-8.80157426829723,-7.44405116138185,,1
Table S1,730,Fei et al. (2016),static_experiment,,170.39,0.1,MgO,163.916956263198,0.0962010424691578,Ye et al. (2018),1,4.594163,0.00285649,15.257574284929202,0.009486626479982843,300.0,0.0,experimental_reported,-7.55775552029536,-7.46950255676217,-6.16219082876154,,1
Table S1,731,Fei et al. (2016),static_experiment,,170.6,0.1,MgO,164.114821547678,0.0961986058309953,Ye et al. (2018),1,4.5856447,0.00378658,15.229284345057387,0.012575528041958288,300.0,0.0,experimental_reported,-8.97018275086984,-8.88158443191736,-7.6210655645053,,1
Table S1,732,Fei et al. (2016),static_experiment,,175.5,0.1,MgO,168.737879883031,0.0961469401042912,Ye et al. (2018),1,4.5672837,0.00377755,15.16830602943263,0.012545538706405129,300.0,0.0,experimental_reported,-7.86663067391535,-7.77726611532509,-6.61975173313189,,1
Table S1,733,Fei et al. (2016),static_experiment,,176.6,0.1,MgO,169.774988460898,0.0961353275543024,Ye et al. (2018),1,4.5434445,0.00376551,15.089134183572288,0.012505552925667584,300.0,0.0,experimental_reported,-11.5001058459181,-11.4097005673505,-10.3902999843973,,1
Table S1,734,Fei et al. (2016),static_experiment,,181.3,0.1,MgO,174.206125699255,0.0960872177050497,Ye et al. (2018),1,4.5261671,0.00276619,15.03175458821391,0.009186733124451245,300.0,0.0,experimental_reported,-10.5269870405754,-10.4357939574171,-9.51958520750267,,1
Table S1,735,Fei et al. (2016),static_experiment,,182.9,0.1,MgO,175.713961660447,0.0960710561292767,Ye et al. (2018),1,4.5151204,0.00374745,14.99506763438721,0.012445574254561264,300.0,0.0,experimental_reported,-11.2629536634325,-11.1712416427747,-10.322374071503,,1
Table S1,736,Fei et al. (2016),static_experiment,,187.54,0.1,MgO,180.0843593815,0.0960245064420924,Ye et al. (2018),1,4.5029901,0.00275415,14.954781960294133,0.0091467473437137,300.0,0.0,experimental_reported,-9.38644872562611,-9.29415284171222,-8.52045642989421,,1
Table S1,737,Fei et al. (2016),static_experiment,,189.6,0.1,MgO,182.024396528545,0.0960044285488107,Ye et al. (2018),1,4.474967,0.00372638,14.861715055627496,0.012375599138270557,300.0,0.0,experimental_reported,-13.3302645892227,-13.2365620321114,-12.6414172703853,,1
Table S1,738,Fei et al. (2016),static_experiment,,198.7,0.1,MgO,190.586251799592,0.0959165836938057,Ye et al. (2018),1,4.4409841,0.00370832,14.74885518949577,0.012315620467164239,300.0,0.0,experimental_reported,-12.1400434060691,-12.0445218169483,-11.6750317465846,,1
Table S1,739,Fei et al. (2016),static_experiment,,204.6,0.1,MgO,196.13262979447,0.095861500388304,Ye et al. (2018),1,4.4204258,0.00361501,14.68057946888641,0.012005730666448255,300.0,0.0,experimental_reported,-11.1833045629355,-11.0866192888953,-10.8584688957008,,1
Table S1,740,Fei et al. (2016),static_experiment,,53.96,6.7,Pt,53.96,6.7,,0,5.6481747,0.00216118,18.758029495145845,0.007177447642389548,1208.0,18.0,experimental_reported,-0.841047285285789,-0.788060544170428,0.679657057662091,,1
Table S1,741,Fei et al. (2016),static_experiment,,63.6,9.4,Pt,63.6,9.4,,0,5.5560988,0.00642033,18.45223823695546,0.021322417578296525,1249.0,17.0,experimental_reported,2.00644328492255,2.05842070272312,3.64934518693646,,1
Table S1,742,Fei et al. (2016),static_experiment,,71.86,7.0,Pt,71.86,7.0,,0,5.4131238,0.00287756,17.977407090697096,0.009556601596273548,1252.0,18.0,experimental_reported,-0.84855465858071,-0.797013303402423,1.00993300782875,,1
Table S1,743,Fei et al. (2016),static_experiment,,77.12,6.8,Pt,77.12,6.8,,0,5.3729102,0.0033411,17.843854583033693,0.011096054154669079,1278.0,19.0,experimental_reported,0.769838274291402,0.820954710085289,2.63607867760844,,1
Table S1,744,Fei et al. (2016),static_experiment,,54.37,8.0,Pt,54.37,8.0,,0,5.6618401,0.00328391,18.80341335628296,0.010906121696165734,1303.0,9.0,experimental_reported,-0.445482393306527,-0.393676956954053,0.889080263076686,,1
Table S1,745,Fei et al. (2016),static_experiment,,97.3,7.9,Pt,97.3,7.9,,0,5.1550163,0.00254044,17.120211916135947,0.008436999735622255,1311.0,38.0,experimental_reported,-0.188478473155328,-0.137335124765215,1.72333413340053,,1
Table S1,746,Fei et al. (2016),static_experiment,,90.66,8.4,Pt,90.66,8.4,,0,5.2411023,0.00290465,17.406110248409405,0.009646569602933027,1351.0,2.0,experimental_reported,1.54139473668191,1.59154971740828,3.40006384980722,,1
Table S1,747,Fei et al. (2016),static_experiment,,54.64,8.9,Pt,54.64,8.9,,0,5.6694253,0.00328692,18.828604398147615,0.01091611814135012,1366.0,12.0,experimental_reported,-0.296506859174855,-0.245427094297078,0.917549914510779,,1
Table S1,748,Fei et al. (2016),static_experiment,,64.27,10.3,Pt,64.27,10.3,,0,5.5606439,0.00642334,18.46733286918388,0.021332414023480913,1386.0,9.0,experimental_reported,1.67507999765921,1.72527300794209,3.09827732487899,,1
Table S1,749,Fei et al. (2016),static_experiment,,97.87,8.9,Pt,97.87,8.9,,0,5.1585079,0.00254345,17.13180779254984,0.00844699618080664,1422.0,1.0,experimental_reported,-0.301579996635809,-0.252175963697695,1.47882508427249,,1
Table S1,750,Fei et al. (2016),static_experiment,,72.55,8.7,Pt,72.55,8.7,,0,5.4258862,0.00614341,18.019792018278896,0.020402744621332965,1434.0,19.0,experimental_reported,-0.86482251730267,-0.815774770764065,0.71902526370377,,1
Table S1,751,Fei et al. (2016),static_experiment,,55.02,10.4,Pt,55.02,10.4,,0,5.6883281,0.00260967,18.891382073905557,0.008666917974863145,1454.0,21.0,experimental_reported,0.433010624056408,0.483213710675947,1.45698939875348,,1
Table S1,752,Fei et al. (2016),static_experiment,,77.96,8.1,Pt,77.96,8.1,,0,5.3795021,0.00324177,17.865746797987498,0.010766171463584322,1470.0,18.0,experimental_reported,0.317723704088607,0.366201508864322,1.91269526818026,,1
Table S1,753,Fei et al. (2016),static_experiment,,91.3,9.3,Pt,91.3,9.3,,0,5.2442929,0.0023779,17.416706480304853,0.00789719169566538,1495.0,18.0,experimental_reported,1.10115432207785,1.14926386342059,2.77832995355814,,1
Table S1,754,Fei et al. (2016),static_experiment,,98.59,10.4,Pt,98.59,10.4,,0,5.1656416,0.00357588,17.155499367636832,0.01187577687905123,1562.0,8.0,experimental_reported,-0.191568459346314,-0.144150118524351,1.42538592632769,,1
Table S1,755,Fei et al. (2016),static_experiment,,98.79,10.6,Pt,98.79,10.6,,0,5.1650697,0.00366919,17.1536000430518,0.012185666679767214,1600.0,41.0,experimental_reported,-0.425551275526303,-0.3786261480532,1.14744577160559,,1
Table S1,756,Fei et al. (2016),static_experiment,,73.18,10.5,Pt,73.18,10.5,,0,5.4404546,0.00950558,18.068174812971325,0.03156877389229275,1602.0,11.0,experimental_reported,-0.719512740163367,-0.67241973589968,0.607038429063437,,1
Table S1,757,Fei et al. (2016),static_experiment,,65.34,12.2,Pt,65.34,12.2,,0,5.5732257,0.00599291,18.509118010054618,0.019902922362113634,1603.0,42.0,experimental_reported,1.48550403002494,1.53330123684571,2.55268247659595,,1
Table S1,758,Fei et al. (2016),static_experiment,,55.72,11.1,Pt,55.72,11.1,,0,5.6924819,0.00864472,18.90517716826001,0.02870979056955819,1617.0,6.0,experimental_reported,-0.240595460383581,-0.192053290347758,0.508773152878156,,1
Table S1,759,Fei et al. (2016),static_experiment,,91.86,10.4,Pt,91.86,10.4,,0,5.2488982,0.00458122,17.432001041436965,0.01521458957063634,1619.0,7.0,experimental_reported,0.883804467105321,0.930330461662749,2.40574018967206,,1
Table S1,760,Fei et al. (2016),static_experiment,,78.62,9.5,Pt,78.62,9.5,,0,5.3852813,0.00242004,17.88493997274152,0.008037141928246791,1621.0,15.0,experimental_reported,-0.0295777742435632,0.0171035062582092,1.35387480391009,,1
Table S1,761,Fei et al. (2016),static_experiment,,99.69,12.2,Pt,99.69,12.2,,0,5.1701566,0.00357889,17.170494035413416,0.011885773324235616,1795.0,33.0,experimental_reported,-0.942721134091414,-0.89815363338225,0.406556220823021,,1
Table S1,762,Merkel et al.  (2020),static_experiment,,18.2,0.0,ruby,18.2,0.0,,0,6.18191042114942,0.0,20.530607528175477,0.0,300.0,0.0,experimental_reported,-1.00162534639258,-0.926345969000209,0.911368580491555,,1
Table S1,763,Merkel et al.  (2020),static_experiment,,18.4,0.0,ruby,18.4,0.0,,0,6.18727780134298,0.0,20.548433017175043,0.0,300.0,0.0,experimental_reported,-0.57428184812149,-0.498981521952938,1.32351585106428,,1
Table S1,764,Merkel et al.  (2020),static_experiment,,18.53,0.0,ruby,18.53,0.0,,0,6.18587848132684,0.0,20.543785766066485,0.0,300.0,0.0,experimental_reported,-0.503449461754311,-0.428154604244348,1.39831515109076,,1
Table S1,765,Merkel et al.  (2020),static_experiment,,18.55,0.0,ruby,18.55,0.0,,0,6.17211355764948,0.0,20.49807137902064,0.0,300.0,0.0,experimental_reported,-1.06934582337015,-0.994104488345915,0.871246828876735,,1
Table S1,766,Merkel et al.  (2020),static_experiment,,19.2,0.0,ruby,19.2,0.0,,0,6.15649854607396,0.0,20.446212705509595,0.0,300.0,0.0,experimental_reported,-1.09258282533868,-1.01740158410244,0.891623240982611,,1
Table S1,767,Merkel et al.  (2020),static_experiment,,19.62,0.0,ruby,19.62,0.0,,0,6.16235768257605,0.0,20.465671355632843,0.0,300.0,0.0,experimental_reported,-0.418889303500301,-0.343685593525525,1.54900660538773,,1
Table S1,768,Merkel et al.  (2020),static_experiment,,20.27,0.0,ruby,20.27,0.0,,0,6.15163444275482,0.0,20.43005863833319,0.0,300.0,0.0,experimental_reported,-0.234182944537697,-0.159020281415977,1.76351296705069,,1
Table S1,769,Merkel et al.  (2020),static_experiment,,20.59,0.0,ruby,20.59,0.0,,0,6.14728012096721,0.0,20.415597595454443,0.0,300.0,0.0,experimental_reported,-0.104372051703734,-0.0292259609207193,1.90536079093858,,1
Table S1,770,Miozzi et al. (2020),static_experiment,,41.5691,0.0,MgO,41.5691,0.0,,0,5.734953,0.000602,19.04622700981171,0.0019992890368773115,300.0,1.0,experimental_reported,-0.89362318563132,-0.819635579395118,2.04819960358878,,1
Table S1,771,Miozzi et al. (2020),static_experiment,,47.5541,0.1753,MgO,47.5541,0.1753,,0,5.799969,0.001806,19.262150225794457,0.005997867110631935,1759.0,47.1,experimental_reported,-3.32965830040112,-3.28143358926647,-3.13253689620793,,1
Table S1,772,Miozzi et al. (2020),static_experiment,,41.7757,0.0,MgO,41.7757,0.0,,0,5.738866,0.001204,19.059222388551408,0.003998578073754623,300.0,1.0,experimental_reported,-0.440566293516724,-0.366573256823393,2.49474223230185,,1
Table S1,773,Miozzi et al. (2020),static_experiment,,52.4359,0.0,MgO,52.4359,0.0,,0,5.771675,0.001204,19.168183641061223,0.003998578073754623,2038.0,51.97,experimental_reported,-2.98624442059661,-2.94055434993989,-3.16093297785586,,1
Table S1,774,Miozzi et al. (2020),static_experiment,,52.917,0.0,MgO,52.917,0.0,,0,5.795755,0.000903,19.248155202536314,0.0029989335553159673,2117.0,80.27,experimental_reported,-1.91686724943831,-1.87150107593523,-2.30435855365157,,1
Table S1,775,Miozzi et al. (2020),static_experiment,,46.2589,0.0,MgO,46.2589,0.0,,0,5.683181,0.000301,18.874288152640258,0.0009996445184386558,300.0,1.0,experimental_reported,0.452112092455742,0.526042186431027,3.47503517563724,,1
Table S1,776,Miozzi et al. (2020),static_experiment,,52.2887,0.1939,MgO,52.2887,0.1939,,0,5.747294,0.001806,19.08721243506769,0.005997867110631935,1818.0,45.4,experimental_reported,-2.31812826902403,-2.27092494780335,-2.05374824609057,,1
Table S1,777,Miozzi et al. (2020),static_experiment,,51.6519,0.1978,MgO,51.6519,0.1978,,0,5.757829,0.001204,19.122199993213044,0.003998578073754623,1485.0,65.4,experimental_reported,1.0679240636214,1.11834393137112,1.85319266065453,,1
Table S1,778,Miozzi et al. (2020),static_experiment,,53.3907,0.0298,MgO,53.3907,0.0298,,0,5.715689,0.000602,18.982249760631635,0.0019992890368773115,1519.0,56.8,experimental_reported,-0.116514473289577,-0.0667947132314097,0.729103901328045,,1
Table S1,779,Miozzi et al. (2020),static_experiment,,55.0794,0.0805,MgO,55.0794,0.0805,,0,5.711776,0.000903,18.969254381891933,0.0029989335553159673,1632.0,167.6,experimental_reported,0.185898581402135,0.234457262613766,0.857844236721377,,1
Table S1,780,Miozzi et al. (2020),static_experiment,,54.8298,0.2095,MgO,54.8298,0.2095,,0,5.719903,0.000903,18.996244783889775,0.0029989335553159673,1752.0,134.4,experimental_reported,-0.780381913510233,-0.732862349815662,-0.326281243308138,,1
Table S1,781,Miozzi et al. (2020),static_experiment,,55.4639,0.21,MgO,55.4639,0.21,,0,5.698833,0.000602,18.92626966759907,0.0019992890368773115,1922.0,99.9,experimental_reported,-3.21729842318739,-3.17143023696363,-2.97326500209025,,1
Table S1,782,Miozzi et al. (2020),static_experiment,,55.6605,0.2459,MgO,55.6605,0.2459,,0,5.703348,0.000903,18.94126433537565,0.0029989335553159673,2205.0,94.9,experimental_reported,-5.67885700767138,-5.63512572031892,-5.89622348057226,,1
Table S1,783,Miozzi et al. (2020),static_experiment,,48.3045,0.0,MgO,48.3045,0.0,,0,5.647061,0.000903,18.754330810427618,0.0029989335553159673,300.0,1.0,experimental_reported,0.0701457868447264,0.144052689867706,3.14383768714279,,1
Table S1,784,Miozzi et al. (2020),static_experiment,,59.3007,1.7925,MgO,59.3007,1.7925,,0,5.734953,0.000602,19.04622700981171,0.0019992890368773115,2503.0,117.3,experimental_reported,-3.20465076457695,-3.16261596954073,-4.00241783240424,,1
Table S1,785,Miozzi et al. (2020),static_experiment,,57.3881,0.0,MgO,57.3881,0.0,,0,5.737662,0.000903,19.055223810477656,0.0029989335553159673,2338.0,141.4,experimental_reported,-3.21558626975516,-3.17242104377127,-3.75996938272731,,1
Table S1,786,Miozzi et al. (2020),static_experiment,,57.2591,0.0,MgO,57.2591,0.0,,0,5.694017,0.001806,18.910275355304048,0.005997867110631935,2012.0,106.2,experimental_reported,-2.65993225964944,-2.6148355999021,-2.54370008017477,,1
Table S1,787,Miozzi et al. (2020),static_experiment,,60.028,0.6153,MgO,60.028,0.6153,,0,5.715388,0.001204,18.981250116113195,0.003998578073754623,2575.0,137.4,experimental_reported,-4.44596368854876,-4.40461821544087,-5.28643680996969,,1
Table S1,788,Miozzi et al. (2020),static_experiment,,63.3999,0.2999,MgO,63.3999,0.2999,,0,5.716291,0.000903,18.98424904966851,0.0029989335553159673,3188.0,198.4,experimental_reported,-7.52348086297212,-7.48578428697635,-9.32548760249536,,1
Table S1,789,Miozzi et al. (2020),static_experiment,,65.4429,2.6163,MgO,65.4429,2.6163,,0,5.711174,0.001204,18.96725509285505,0.003998578073754623,3399.0,220.6,experimental_reported,-8.05149234747142,-8.01502483040227,-10.1593011866989,,1
Table S1,790,Miozzi et al. (2020),static_experiment,,60.2883,0.2243,MgO,60.2883,0.2243,,0,5.67987,0.000903,18.863292062937433,0.0029989335553159673,2486.0,117.2,experimental_reported,-5.49739730483625,-5.45586795466013,-6.07399908364058,,1
Table S1,791,Miozzi et al. (2020),static_experiment,,59.3395,0.3683,MgO,59.3395,0.3683,,0,5.67084,0.000602,18.833302727384275,0.0019992890368773115,2375.0,116.1,experimental_reported,-5.8618308648992,-5.81964549337064,-6.23712519753431,,1
Table S1,792,Miozzi et al. (2020),static_experiment,,55.1595,0.2386,MgO,55.1595,0.2386,,0,5.685288,0.000903,18.881285664269328,0.0029989335553159673,1892.0,115.1,experimental_reported,-4.07486238360745,-4.02887254729824,-3.74321241045155,,1
Table S1,793,Miozzi et al. (2020),static_experiment,,53.8825,0.0623,MgO,53.8825,0.0623,,0,5.69191,0.000903,18.903277843674978,0.0029989335553159673,1578.0,102.1,experimental_reported,-1.72006262313977,-1.67113764571403,-0.906310545623789,,1
Table S1,794,Miozzi et al. (2020),static_experiment,,53.9376,0.0723,MgO,53.9376,0.0723,,0,5.681375,0.001204,18.86829028552963,0.003998578073754623,1450.0,132.2,experimental_reported,-1.05634643121826,-1.00615015668706,-0.0081648573069657,,1
Table S1,795,Miozzi et al. (2020),static_experiment,,53.0883,0.054,MgO,53.0883,0.054,,0,5.675054,0.001806,18.847297750642415,0.005997867110631935,1324.0,323.0,experimental_reported,-1.06943526381564,-1.01780873906621,0.199533571362956,,1
Table S1,796,Miozzi et al. (2020),static_experiment,,75.4026,0.0,MgO,75.4026,0.0,,0,5.314757,0.0,17.650723262071345,0.0,300.0,1.0,experimental_reported,0.625919025617847,0.700509055232047,3.90314389174631,,1
Table S1,797,Miozzi et al. (2020),static_experiment,,80.9436,0.052,MgO,80.9436,0.052,,0,5.373753,0.001204,17.84665358768532,0.003998578073754623,1441.0,63.3,experimental_reported,3.09360247927445,3.14244300139251,4.73481521966076,,1
Table S1,798,Miozzi et al. (2020),static_experiment,,85.6413,0.207,MgO,85.6413,0.207,,0,5.339439,0.002107,17.732694112583314,0.0069975116290705896,2104.0,58.2,experimental_reported,-1.91140013352472,-1.86968273911846,-1.08765464892289,,1
Table S1,799,Miozzi et al. (2020),static_experiment,,86.6887,0.3521,MgO,86.6887,0.3521,,0,5.343352,0.002709,17.745689491323017,0.008996800665947902,2347.0,89.0,experimental_reported,-3.05397727879223,-3.01426695712558,-2.54062921147418,,1
Table S1,800,Miozzi et al. (2020),static_experiment,,87.6737,0.1574,MgO,87.6737,0.1574,,0,5.340643,0.001505,17.73669269065707,0.004998222592193279,2496.0,103.8,experimental_reported,-3.87431610211803,-3.83576881378775,-3.54073343099198,,1
Table S1,801,Miozzi et al. (2020),static_experiment,,84.2323,0.0971,MgO,84.2323,0.0971,,0,5.335225,0.001505,17.718699089325174,0.004998222592193279,1797.0,68.8,experimental_reported,-0.538808531476008,-0.494180114117711,0.679739149952198,,1
Table S1,802,Miozzi et al. (2020),static_experiment,,83.6214,0.0602,MgO,83.6214,0.0602,,0,5.331613,0.001806,17.706703355103908,0.005997867110631935,1696.0,96.2,experimental_reported,-0.449194930082456,-0.403493285246057,0.903261889939358,,1
Table S1,803,Miozzi et al. (2020),static_experiment,,81.9017,0.0884,MgO,81.9017,0.0884,,0,5.34275,0.001505,17.74369020228614,0.004998222592193279,1448.0,134.5,experimental_reported,1.28289601846741,1.33160459343165,2.9479941950473,,1
Table S1,804,Miozzi et al. (2020),static_experiment,,84.317,0.2998,MgO,84.317,0.2998,,0,5.34576,0.001505,17.753686647470527,0.004998222592193279,1934.0,69.9,experimental_reported,-0.923260706104287,-0.879961330977608,0.106173680632196,,1
Table S1,805,Miozzi et al. (2020),static_experiment,,84.8394,0.0974,MgO,84.8394,0.0974,,0,5.344255,0.002107,17.748688424878335,0.0069975116290705896,2013.0,70.3,experimental_reported,-1.3467643688506,-1.30421002998888,-0.415549331919223,,1
Table S1,806,Miozzi et al. (2020),static_experiment,,85.1048,0.1054,MgO,85.1048,0.1054,,0,5.347265,0.001806,17.75868487006272,0.005997867110631935,2084.0,66.4,experimental_reported,-1.55122634767933,-1.50929907564527,-0.714532107370474,,1
Table S1,807,Miozzi et al. (2020),static_experiment,,85.3075,0.1582,MgO,85.3075,0.1582,,0,5.351178,0.001806,17.771680248802422,0.005997867110631935,2153.0,65.0,experimental_reported,-1.72222646439485,-1.68088186383281,-0.979100965887284,,1
Table S1,808,Miozzi et al. (2020),static_experiment,,86.5451,0.2869,MgO,86.5451,0.2869,,0,5.356897,0.001505,17.790673494652754,0.004998222592193279,2409.0,76.8,experimental_reported,-2.66359202043732,-2.62429215717684,-2.25293975089643,,1
Table S1,809,Miozzi et al. (2020),static_experiment,,86.5346,0.2565,MgO,86.5346,0.2565,,0,5.359305,0.002408,17.798670650800265,0.007997156147509246,2468.0,78.5,experimental_reported,-3.08577847001339,-3.04691364179611,-2.75383799776584,,1
Table S1,810,Miozzi et al. (2020),static_experiment,,86.7337,0.3335,MgO,86.7337,0.3335,,0,5.391512,0.002709,17.9056326142732,0.008996800665947902,2596.0,95.6,experimental_reported,-1.48649472383931,-1.44836036479019,-1.38536646924604,,1
Table S1,811,Miozzi et al. (2020),static_experiment,,86.4824,0.3254,MgO,86.4824,0.3254,,0,5.370743,0.002709,17.836657142500933,0.008996800665947902,2558.0,111.2,experimental_reported,-3.10060550851675,-3.06233599537747,-2.90541716027805,,1
Table S1,812,Miozzi et al. (2020),static_experiment,,87.1354,0.0,MgO,87.1354,0.0,,0,5.202785,0.001505,17.278855501212167,0.004998222592193279,300.0,1.0,experimental_reported,1.39818752370823,1.47351386680883,4.61738047437939,,1
Table S1,813,Miozzi et al. (2020),static_experiment,,97.5676,0.0965,MgO,97.5676,0.0965,,0,5.233487,0.001806,17.380819242092908,0.005997867110631935,2064.0,104.8,experimental_reported,0.574193692995053,0.615977658298803,1.57742936090914,,1
Table S1,814,Miozzi et al. (2020),static_experiment,,96.4298,0.1449,MgO,96.4298,0.1449,,0,5.228671,0.001204,17.36482492979789,0.003998578073754623,1857.0,11.0,experimental_reported,1.08702563983213,1.13086509677132,2.33635928358524,,1
Table S1,815,Miozzi et al. (2020),static_experiment,,95.7742,0.0539,MgO,95.7742,0.0539,,0,5.216631,0.001505,17.32483914906034,0.004998222592193279,1766.0,87.0,experimental_reported,0.162764014532812,0.207595171195294,1.52666472588,,1
Table S1,816,Miozzi et al. (2020),static_experiment,,94.7609,0.0223,MgO,94.7609,0.0223,,0,5.215728,0.001204,17.321840215505027,0.003998578073754623,1568.0,119.2,experimental_reported,1.03572122415073,1.08292435446786,2.6355844636803,,1
Table S1,817,Miozzi et al. (2020),static_experiment,,100.1116,0.1365,MgO,100.1116,0.1365,,0,5.218136,0.001204,17.329837371652538,0.003998578073754623,2345.0,66.3,experimental_reported,-1.31711089634439,-1.27783853339409,-0.620815726889575,,1
Table S1,818,Miozzi et al. (2020),static_experiment,,102.0109,0.2791,MgO,102.0109,0.2791,,0,5.221748,0.001505,17.3418331058738,0.004998222592193279,2657.0,81.6,experimental_reported,-2.34623435944174,-2.3094105641765,-2.00507871284005,,1
Table S1,819,Miozzi et al. (2020),static_experiment,,99.3626,0.1986,MgO,99.3626,0.1986,,0,5.224156,0.001204,17.349830262021307,0.003998578073754623,2206.0,110.7,experimental_reported,-0.0195197609108249,0.0209567783674913,0.828687482442291,,1
Table S1,820,Miozzi et al. (2020),static_experiment,,98.7498,0.4772,MgO,98.7498,0.4772,,0,5.223554,0.001204,17.347830972984433,0.003998578073754623,2371.0,69.5,experimental_reported,-2.41529034351126,-2.37622249421214,-1.75439618166831,,1
Table S1,821,Miozzi et al. (2020),static_experiment,,99.632,0.1753,MgO,99.632,0.1753,,0,5.225661,0.001204,17.3548284846135,0.003998578073754623,2555.0,62.2,experimental_reported,-3.26100539311909,-3.22339740302205,-2.8106246961035,,1
Table S1,822,Miozzi et al. (2020),static_experiment,,99.3403,0.1618,MgO,99.3403,0.1618,,0,5.227467,0.000903,17.360826351724132,0.0029989335553159673,2426.0,56.3,experimental_reported,-2.01661889169533,-1.97799019260869,-1.42267318525101,,1
Table S1,823,Miozzi et al. (2020),static_experiment,,102.4882,0.4042,MgO,102.4882,0.4042,,0,5.238303,0.001505,17.396813554387926,0.004998222592193279,2746.0,106.7,experimental_reported,-1.18912003826227,-1.15289212855293,-0.972481596221996,,1
Table S1,824,Miozzi et al. (2020),static_experiment,,103.5536,0.2569,MgO,103.5536,0.2569,,0,5.224156,0.001204,17.349830262021307,0.003998578073754623,2889.0,141.6,experimental_reported,-3.02937370265047,-2.99421121404005,-2.95058303225495,,1
Table S1,825,Miozzi et al. (2020),static_experiment,,104.4787,0.2836,MgO,104.4787,0.2836,,0,5.225661,0.001505,17.3548284846135,0.004998222592193279,3028.0,130.2,experimental_reported,-3.43836686578263,-3.40414784289805,-3.51653364678157,,1
Table S1,826,Miozzi et al. (2020),static_experiment,,104.8809,0.3529,MgO,104.8809,0.3529,,0,5.215728,0.001204,17.321840215505027,0.003998578073754623,3054.0,114.2,experimental_reported,-4.29659595368636,-4.26259094428909,-4.38621168042002,,1
Table S1,827,Miozzi et al. (2020),static_experiment,,105.5185,0.3877,MgO,105.5185,0.3877,,0,5.236196,0.001806,17.389816042758852,0.005997867110631935,3227.0,98.9,experimental_reported,-3.49548844828806,-3.46252437358011,-3.81475042719076,,1
Table S1,828,Miozzi et al. (2020),static_experiment,,120.6177,0.1829,MgO,120.6177,0.1829,,0,5.021282,0.001204,16.676069856593656,0.003998578073754623,1640.0,68.8,experimental_reported,4.85972163696205,4.9069759776615,6.33151379061979,,1
Table S1,829,Miozzi et al. (2020),static_experiment,,120.2584,0.1627,MgO,120.2584,0.1627,,0,5.013757,0.001204,16.651078743632688,0.003998578073754623,1564.0,131.6,experimental_reported,4.33373046302722,4.38210668793718,5.87634820918956,,1
Table S1,830,Miozzi et al. (2020),static_experiment,,122.8694,0.3927,MgO,122.8694,0.3927,,0,5.017971,0.001204,16.66507376689083,0.003998578073754623,2044.0,69.8,experimental_reported,2.64860305031244,2.69109132734587,3.71650562530597,,1
Table S1,831,Miozzi et al. (2020),static_experiment,,121.8227,0.3256,MgO,121.8227,0.3256,,0,5.00864,0.000903,16.63408478681923,0.0029989335553159673,1865.0,66.1,experimental_reported,2.29205258031178,2.33659261906867,3.52810708485832,,1
Table S1,832,Miozzi et al. (2020),static_experiment,,120.7461,0.0764,MgO,120.7461,0.0764,,0,5.010145,0.000903,16.639083009411422,0.0029989335553159673,1702.0,76.3,experimental_reported,3.02858345333742,3.07511706998974,4.42751352778065,,1
Table S1,833,Miozzi et al. (2020),static_experiment,,114.5921,0.0,MgO,114.5921,0.0,,0,4.982453,0.000602,16.547115713715066,0.0019992890368773115,300.0,1.0,experimental_reported,3.54719460689517,3.62510350347668,6.42387626244809,,1
Table S1,834,Miozzi et al. (2020),static_experiment,,125.0864,0.4716,MgO,125.0864,0.4716,,0,5.004426,0.000903,16.62008976356109,0.0029989335553159673,2272.0,94.1,experimental_reported,0.868308958263853,0.908606832119204,1.71224299729712,,1
Table S1,835,Miozzi et al. (2020),static_experiment,,126.2971,0.5891,MgO,126.2971,0.5891,,0,5.004125,0.000903,16.619090119042653,0.0029989335553159673,2590.0,85.5,experimental_reported,-1.28886067891001,-1.25138255120501,-0.739628453706246,,1
Table S1,836,Miozzi et al. (2020),static_experiment,,127.9736,1.4755,MgO,127.9736,1.4755,,0,5.021583,0.001204,16.677069501112094,0.003998578073754623,2976.0,112.0,experimental_reported,-1.59645341823651,-1.56204975521419,-1.4026532850678,,1
Table S1,837,Miozzi et al. (2020),static_experiment,,125.2601,0.5834,MgO,125.2601,0.5834,,0,5.019777,0.001204,16.671071634001464,0.003998578073754623,2539.0,116.2,experimental_reported,0.107774542379758,0.145609648403976,0.705973334796568,,1
Table S1,838,Miozzi et al. (2020),static_experiment,,114.8058,0.0,MgO,114.8058,0.0,,0,4.98757,0.000602,16.564109670528524,0.0019992890368773115,300.0,1.0,experimental_reported,4.41185039766235,4.48967850742082,7.30023527009646,,1
Table S1,839,Miozzi et al. (2020),static_experiment,,126.0385,0.1394,MgO,126.0385,0.1394,,0,4.990881,0.000903,16.57510576023135,0.0029989335553159673,1999.0,93.7,experimental_reported,2.96780302594119,3.01096906451038,4.06063330725817,,1
Table S1,840,Miozzi et al. (2020),static_experiment,,127.5697,0.2478,MgO,127.5697,0.2478,,0,4.999008,0.000903,16.602096162229195,0.0029989335553159673,2240.0,83.8,experimental_reported,3.02057165001882,3.0612088943529,3.89186974060622,,1
Table S1,841,Miozzi et al. (2020),static_experiment,,117.8332,0.0,MgO,117.8332,0.0,,0,4.971316,0.000903,16.51012886653284,0.0029989335553159673,300.0,1.0,experimental_reported,5.36021971192665,5.43830836280189,8.21077764764129,,1
Table S1,842,Miozzi et al. (2020),static_experiment,,117.7603,0.0,MgO,117.7603,0.0,,0,4.970112,0.000602,16.506130288459083,0.0019992890368773115,300.0,1.0,experimental_reported,5.13200065128332,5.21010906058882,7.97968066707628,,1
Table S1,843,Miozzi et al. (2020),static_experiment,,79.154,0.0,MgO,79.154,0.0,,0,5.275627,0.001204,17.520769474674317,0.003998578073754623,300.0,1.0,experimental_reported,0.677888065756676,0.752698988974188,3.9429878657679,,1
Table S1,844,Miozzi et al. (2020),static_experiment,,80.4887,0.0,MgO,80.4887,0.0,,0,5.273219,0.000903,17.51277231852681,0.0029989335553159673,300.0,1.0,experimental_reported,1.78045196507941,1.85527770250396,5.04452558916284,,1
Table S1,845,Miozzi et al. (2020),static_experiment,,84.8381,0.0,MgO,84.8381,0.0,,0,5.33673,0.000903,17.723697311917366,0.0029989335553159673,1495.0,0.0,experimental_reported,3.224996573867,3.27309047312355,4.83378094471935,,1
Table S1,846,Miozzi et al. (2020),static_experiment,,95.4857,0.0713,MgO,95.4857,0.0713,,0,5.247032,0.000903,17.425803245422646,0.0029989335553159673,1988.0,89.5,experimental_reported,0.591693775340033,0.634222050179645,1.6716506883359,,1
Table S1,847,Miozzi et al. (2020),static_experiment,,95.9014,0.1809,MgO,95.9014,0.1809,,0,5.246129,0.001204,17.42280431186733,0.003998578073754623,2034.0,69.8,experimental_reported,0.446528106736963,0.488613315202741,1.47307171796913,,1
Table S1,848,Miozzi et al. (2020),static_experiment,,93.6848,0.1092,MgO,93.6848,0.1092,,0,5.236497,0.000903,17.390815687277293,0.0029989335553159673,1577.0,124.0,experimental_reported,1.92061140846199,1.96766806172023,3.5007021283326,,1
Table S1,849,Miozzi et al. (2020),static_experiment,,93.3665,0.0676,MgO,93.3665,0.0676,,0,5.227166,0.000903,17.359826707205695,0.0029989335553159673,1424.0,104.7,experimental_reported,2.18116192824522,2.23028484768862,3.95293233941626,,1
Table S1,850,Miozzi et al. (2020),static_experiment,,94.9057,0.1259,MgO,94.9057,0.1259,,0,5.234992,0.001204,17.3858174646851,0.003998578073754623,1677.0,111.9,experimental_reported,1.99970761997545,2.04554837097822,3.459389302787,,1
Table S1,851,Miozzi et al. (2020),static_experiment,,94.7875,0.1264,MgO,94.7875,0.1264,,0,5.243721,0.000903,17.41480715571982,0.0029989335553159673,1848.0,95.1,experimental_reported,1.00533961596029,1.04927946011989,2.25427553960695,,1
Table S1,852,Miozzi et al. (2020),static_experiment,,96.0576,0.2538,MgO,96.0576,0.2538,,0,5.250644,0.000903,17.43779897964391,0.0029989335553159673,2117.0,83.3,experimental_reported,0.179991993970347,0.221314037678198,1.10436559818288,,1
Table S1,853,Miozzi et al. (2020),static_experiment,,96.6381,0.2025,MgO,96.6381,0.2025,,0,5.250343,0.000903,17.43679933512547,0.0029989335553159673,2247.0,101.4,experimental_reported,-0.62018674843911,-0.58001326422918,0.152384587650815,,1
Table S1,854,Miozzi et al. (2020),static_experiment,,96.1836,0.1946,MgO,96.1836,0.1946,,0,5.256664,0.000903,17.45779187001268,0.0029989335553159673,2254.0,80.6,experimental_reported,-0.541501445474594,-0.501371399403354,0.215311204966028,,1
Table S1,855,Miozzi et al. (2020),static_experiment,,95.0985,0.1615,MgO,95.0985,0.1615,,0,5.260878,0.000903,17.471786893270824,0.0029989335553159673,2315.0,73.2,experimental_reported,-1.8619419747053,-1.82231304830691,-1.18189376198558,,1
Table S1,856,Miozzi et al. (2020),static_experiment,,94.8731,0.2915,MgO,94.8731,0.2915,,0,5.264189,0.001204,17.48278298297365,0.003998578073754623,2421.0,65.9,experimental_reported,-2.88411943600529,-2.84534075852062,-2.33259728797786,,1
Table S1,857,Miozzi et al. (2020),static_experiment,,94.8386,0.2306,MgO,94.8386,0.2306,,0,5.272617,0.001204,17.510773029489933,0.003998578073754623,2522.0,72.3,experimental_reported,-3.1851471595777,-3.14712416615252,-2.76436702957292,,1
Table S1,858,Miozzi et al. (2020),static_experiment,,98.4495,0.2989,MgO,98.4495,0.2989,,0,5.267199,0.001204,17.492779428158034,0.003998578073754623,2812.0,141.4,experimental_reported,-3.15647637265462,-3.12059506602334,-3.06392200020431,,1
Table S1,859,Miozzi et al. (2020),static_experiment,,85.9993,0.0,MgO,85.9993,0.0,,0,5.229273,0.000903,17.366824218834765,0.0029989335553159673,300.0,1.0,experimental_reported,2.96057188455192,3.03569424375864,6.20006298864132,,1
Table S1,860,Miozzi et al. (2020),static_experiment,,87.9374,0.0,MgO,87.9374,0.0,,0,5.191648,0.001806,17.241868654029933,0.005997867110631935,300.0,1.0,experimental_reported,1.04517857901293,1.12059664609256,4.25457592498408,,1
Table S1,861,Miozzi et al. (2020),static_experiment,,90.7903,0.0,MgO,90.7903,0.0,,0,5.167568,0.001204,17.16189709255484,0.003998578073754623,300.0,1.0,experimental_reported,1.35852234212233,1.43415126664752,4.54414160861609,,1
Table S1,862,Miozzi et al. (2020),static_experiment,,97.0205,0.1191,MgO,97.0205,0.1191,,0,5.185026,0.001204,17.219876474624282,0.003998578073754623,1570.0,112.4,experimental_reported,0.169380499494494,0.216631126404522,1.77498405425479,,1
Table S1,863,Miozzi et al. (2020),static_experiment,,98.0102,0.0842,MgO,98.0102,0.0842,,0,5.187133,0.001505,17.226873986253356,0.004998222592193279,1774.0,73.6,experimental_reported,-0.658795121444996,-0.614021011052088,0.709080017041458,,1
Table S1,864,Miozzi et al. (2020),static_experiment,,86.6227,0.0,MgO,86.6227,0.0,,0,5.233186,0.001204,17.379819597574468,0.003998578073754623,1942.0,81.2,experimental_reported,-9.14513707582724,-9.10216916336991,-7.99910088015868,,1
Table S1,865,Miozzi et al. (2020),static_experiment,,95.3286,0.2152,MgO,95.3286,0.2152,,0,5.244022,0.001204,17.41580680023826,0.003998578073754623,2032.0,86.6,experimental_reported,-0.309453207037009,-0.267352125471675,0.721446668605608,,1
Table S1,866,Miozzi et al. (2020),static_experiment,,99.258,0.2124,MgO,99.258,0.2124,,0,5.20429,0.001505,17.28385372380436,0.004998222592193279,1937.0,87.5,experimental_reported,0.673986246177691,0.716996538317275,1.84623710597154,,1
Table S1,867,Miozzi et al. (2020),static_experiment,,96.5763,0.3347,MgO,96.5763,0.3347,,0,5.248236,0.001204,17.4298018234964,0.003998578073754623,2187.0,104.5,experimental_reported,-0.259927448176683,-0.219237216860947,0.585062692541243,,1
Table S1,868,Miozzi et al. (2020),static_experiment,,88.4561,0.0,MgO,88.4561,0.0,,0,5.185026,0.001204,17.219876474624282,0.003998578073754623,300.0,1.0,experimental_reported,0.871295351213746,0.946769676127815,4.07450975996346,,1
Table S1,869,Miozzi et al. (2020),static_experiment,,99.9082,0.0,MgO,99.9082,0.0,,0,5.201581,0.002408,17.274856923138408,0.007997156147509246,2486.0,125.0,experimental_reported,-4.65611481715038,-4.61802444512131,-4.09959309879632,,1
Table S1,870,Miozzi et al. (2020),static_experiment,,100.1352,0.0,MgO,100.1352,0.0,,0,5.222049,0.001505,17.342832750392237,0.004998222592193279,2262.0,107.0,experimental_reported,-0.0384835336091385,0.00150055369783786,0.747893992965942,,1
Table S1,871,Miozzi et al. (2020),static_experiment,,99.7464,0.2331,MgO,99.7464,0.2331,,0,5.217233,0.001806,17.32683843809722,0.005997867110631935,2238.0,137.0,experimental_reported,-0.654125718561772,-0.613941154220754,0.164341165287226,,1
Table S1,872,Miozzi et al. (2020),static_experiment,,93.7755,0.0,MgO,93.7755,0.0,,0,5.14409,0.000602,17.08392482011663,0.0019992890368773115,300.0,1.0,experimental_reported,1.81086172893852,1.88671336424729,4.9698183968938,,1
Table S1,873,Miozzi et al. (2020),static_experiment,,104.714,0.0,MgO,104.714,0.0,,0,5.070646,0.000602,16.840011557617593,0.0019992890368773115,300.0,1.0,experimental_reported,4.44785653545054,4.52452264650648,7.50047031032335,,1
Table S1,874,Miozzi et al. (2020),static_experiment,,106.7789,0.0,MgO,106.7789,0.0,,0,5.06282,0.000602,16.81402080013819,0.0019992890368773115,300.0,1.0,experimental_reported,5.59307972313033,5.66984385074751,8.63225412602834,,1
Table S1,875,Miozzi et al. (2020),static_experiment,,113.1566,0.228,MgO,113.1566,0.228,,0,5.072753,0.000602,16.847009069246663,0.0019992890368773115,1735.0,69.4,experimental_reported,2.49752094548208,2.54317661240766,3.90475632271276,,1
Table S1,876,Miozzi et al. (2020),static_experiment,,114.3473,0.1589,MgO,114.3473,0.1589,,0,5.082987,0.000903,16.88099698287358,0.0029989335553159673,1975.0,102.4,experimental_reported,2.42671055929391,2.46958135776427,3.58648632537333,,1
Table S1,877,Miozzi et al. (2020),static_experiment,,113.1931,0.2061,MgO,113.1931,0.2061,,0,5.082084,0.001204,16.877998049318265,0.003998578073754623,1860.0,85.2,experimental_reported,2.33970722054308,2.38383976514645,3.61895906779117,,1
Table S1,878,Miozzi et al. (2020),static_experiment,,119.7219,0.3383,MgO,119.7219,0.3383,,0,5.025496,0.000903,16.690064879851796,0.0029989335553159673,1810.0,81.0,experimental_reported,2.78018290460223,2.8252449434255,4.08330936070672,,1
Table S1,879,Miozzi et al. (2020),static_experiment,,111.7739,0.0,MgO,111.7739,0.0,,0,5.008941,0.000903,16.63508443133767,0.0029989335553159673,300.0,1.0,experimental_reported,4.06383171857004,4.14133441871559,6.99907360840078,,1
Table S1,880,Miozzi et al. (2020),static_experiment,,122.8021,1.0257,MgO,122.8021,1.0257,,0,5.041449,0.000903,16.743046039329045,0.0029989335553159673,2326.0,1.0,experimental_reported,2.46074874380079,2.5003566358435,3.26366947561614,,1
Table S1,881,Miozzi et al. (2020),static_experiment,,120.9421,0.386,MgO,120.9421,0.386,,0,5.048974,0.000602,16.768037152290013,0.0019992890368773115,2273.0,64.8,experimental_reported,2.03566634801376,2.07572981359215,2.89106378767597,,1
Table S1,882,Miozzi et al. (2020),static_experiment,,121.4083,0.6039,MgO,121.4083,0.6039,,0,5.05379,0.001204,16.78403146458503,0.003998578073754623,2445.0,83.8,experimental_reported,1.26585616002699,1.30436473955555,1.95365927393844,,1
Table S1,883,Miozzi et al. (2020),static_experiment,,121.2404,0.8037,MgO,121.2404,0.8037,,0,5.05078,0.000903,16.774035019400642,0.0029989335553159673,2430.0,92.8,experimental_reported,0.904719117358638,0.943367452408069,1.60726377676718,,1
Table S1,884,Miozzi et al. (2020),static_experiment,,112.3329,0.0,MgO,112.3329,0.0,,0,5.002319,0.000602,16.61309225193202,0.0019992890368773115,300.0,1.0,experimental_reported,3.79716982609196,3.87477131288317,6.71823972552372,,1
Table S1,885,Miozzi et al. (2020),static_experiment,,125.8461,0.1027,MgO,125.8461,0.1027,,0,5.017068,0.000903,16.662074833335513,0.0029989335553159673,2386.0,97.8,experimental_reported,1.97320957205014,2.012387416781,2.71442432055633,,1
Table S1,886,Miozzi et al. (2020),static_experiment,,10.7,0.2,ruby,10.7212147810221,0.20039653796303,Ye et al. (2018),1,6.415213,0.000301,21.30542362148307,0.0009996445184386558,298.0,1.0,experimental_reported,0.492350763410524,0.568651659394932,1.70623940591841,,1
Table S1,887,Miozzi et al. (2020),static_experiment,,11.4,0.2,ruby,11.4302802964613,0.20053123327125,Ye et al. (2018),1,6.389929,0.000602,21.221453481934223,0.0019992890368773115,298.0,1.0,experimental_reported,0.315137894417603,0.391331217705073,1.60905295775004,,1
Table S1,888,Miozzi et al. (2020),static_experiment,,12.0,0.2,ruby,12.0387559242137,0.200645932070228,Ye et al. (2018),1,6.373976,0.000301,21.168472322456974,0.0009996445184386558,298.0,1.0,experimental_reported,0.354356988825227,0.430482685270469,1.69834219251612,,1
Table S1,889,Miozzi et al. (2020),static_experiment,,14.3,0.2,ruby,14.3771659583597,0.201079244172863,Ye et al. (2018),1,6.30896,0.000301,20.952549106474223,0.0009996445184386558,298.0,1.0,experimental_reported,0.289664395203397,0.365517139997273,1.83409242574556,,1
Table S1,890,Miozzi et al. (2020),static_experiment,,16.0,0.2,ruby,16.1114507834334,0.201393134792917,Ye et al. (2018),1,6.257489,0.000301,20.781609893821212,0.0009996445184386558,298.0,1.0,experimental_reported,0.022935604514803,0.0985763414574947,1.72158402186479,,1
Table S1,891,Miozzi et al. (2020),static_experiment,,17.4,0.2,ruby,17.5433444534616,0.20164763739611,Ye et al. (2018),1,6.218359,0.000301,20.65165610642419,0.0009996445184386558,298.0,1.0,experimental_reported,-0.127514806518203,-0.0520320450874117,1.68548911186494,,1
Table S1,892,Miozzi et al. (2020),static_experiment,,18.9,0.2,ruby,19.0810978692767,0.201916379569065,Ye et al. (2018),1,6.184346,0.000602,20.538696275840618,0.0019992890368773115,298.0,1.0,experimental_reported,-0.00973361033321396,0.0656145615232511,1.90049908186369,,1
Table S1,893,Miozzi et al. (2020),static_experiment,,20.5,0.2,ruby,20.7253583362764,0.202198617914891,Ye et al. (2018),1,6.1404,0.000301,20.392748176148576,0.0009996445184386558,298.0,1.0,experimental_reported,-0.263735722057827,-0.188557016415796,1.76893225339215,,1
Table S1,894,Miozzi et al. (2020),static_experiment,,21.7,0.2,ruby,21.9611972537471,0.202407347960803,Ye et al. (2018),1,6.107591,0.000301,20.283786923638765,0.0009996445184386558,298.0,1.0,experimental_reported,-0.493480922589189,-0.418424982022547,1.62811035745965,,1
Table S1,895,Miozzi et al. (2020),static_experiment,,22.8,0.2,ruby,23.0960003169723,0.202596494008529,Ye et al. (2018),1,6.0802,0.000301,20.192819272460845,0.0009996445184386558,298.0,1.0,experimental_reported,-0.614965930835009,-0.540009697468196,1.57914841644977,,1
Table S1,896,Miozzi et al. (2020),static_experiment,,24.3,0.2,ruby,24.6464074072787,0.202851089771841,Ye et al. (2018),1,6.043177,0.000602,20.06986299669289,0.0019992890368773115,298.0,1.0,experimental_reported,-0.811412051486023,-0.736586090968274,1.47812256777304,,1
Table S1,897,Miozzi et al. (2020),static_experiment,,25.7,0.2,ruby,26.0964602262168,0.203085293589236,Ye et al. (2018),1,6.004348,0.000301,19.940908853814307,0.0009996445184386558,298.0,1.0,experimental_reported,-1.25567317669459,-1.1809776387602,1.13055119523824,,1
Table S1,898,Miozzi et al. (2020),static_experiment,,28.1,0.2,ruby,28.5888342053202,0.203479247012955,Ye et al. (2018),1,5.948362,0.002408,19.754974973384716,0.007997156147509246,298.0,1.0,experimental_reported,-1.61160249483396,-1.53708221653728,0.907535714190921,,1
Table S1,899,Miozzi et al. (2020),static_experiment,,29.4,0.2,ruby,29.9422436636172,0.203688732405559,Ye et al. (2018),1,5.926389,0.000602,19.682000923538695,0.0019992890368773115,298.0,1.0,experimental_reported,-1.41524353435253,-1.3407874219071,1.15384509612034,,1
Table S1,900,Miozzi et al. (2020),static_experiment,,30.8,0.2,ruby,31.4023427109394,0.203911316304801,Ye et al. (2018),1,5.894483,0.000602,19.576038604584195,0.0019992890368773115,298.0,1.0,experimental_reported,-1.67595040501513,-1.60158233578422,0.963332366011436,,1
Table S1,901,Hirao et al. (2022),static_experiment,,15.87,0.03,ruby,15.88299455,0.030024564,Ye et al. (2018),1,6.233108,0.004214,20.70063868782768,0.013995023258141179,298.0,0.0,experimental_reported,-1.18509964182992,-1.10955770185184,0.585106684936756,,1
Table S1,902,Hirao et al. (2022),static_experiment,,16.8,0.2,ruby,16.81305981,0.200155474,Ye et al. (2018),1,6.2307,0.01204,20.692641531680174,0.03998578073754623,298.0,0.0,experimental_reported,-0.352916490876012,-0.277384244207131,1.42430283269414,,1
Table S1,903,Hirao et al. (2022),static_experiment,,16.8,0.2,ruby,16.81305981,0.200155474,Ye et al. (2018),1,6.201804,0.005418,20.596675657910062,0.017993601331895804,298.0,0.0,experimental_reported,-1.54367171514302,-1.46825480501871,0.31691608850106,,1
Table S1,904,Hirao et al. (2022),static_experiment,,17.0,0.2,ruby,17.01306463,0.200153701,Ye et al. (2018),1,6.2307,0.01806,20.692641531680174,0.05997867110631934,298.0,0.0,experimental_reported,-0.152911670876012,-0.0773794242071304,1.62430765269414,,1
Table S1,905,Hirao et al. (2022),static_experiment,,17.13,0.19,Pt,17.65476842,0.195820549,Fei et al. (2007),1,6.231904,0.001204,20.69664010975393,0.003998578073754623,298.0,0.0,experimental_reported,0.537758847567233,0.613295939385065,2.31147291386697,,1
Table S1,906,Hirao et al. (2022),static_experiment,,17.8,0.3,ruby,17.81305157,0.30021997,Ye et al. (2018),1,6.207222,0.003612,20.614669259241957,0.01199573422126387,298.0,0.0,experimental_reported,-0.318121272477224,-0.242682880348944,1.52694726341664,,1
Table S1,907,Hirao et al. (2022),static_experiment,,18.3,0.4,ruby,18.31301735,0.400284532,Ye et al. (2018),1,6.168092,0.003612,20.484715471844932,0.01199573422126387,298.0,0.0,experimental_reported,-1.47142404605767,-1.39613917469289,0.484522999340097,,1
Table S1,908,Hirao et al. (2022),static_experiment,,18.76,0.06,ruby,18.7729683,0.060041476,Ye et al. (2018),1,6.156654,0.003612,20.44672898014426,0.01199573422126387,298.0,0.0,experimental_reported,-1.50551129188223,-1.43027053737746,0.482305068985681,,1
Table S1,909,Hirao et al. (2022),static_experiment,,19.27,0.7,ruby,19.28289438,0.7004684,Ye et al. (2018),1,6.189162,0.003612,20.55469058813564,0.01199573422126387,298.0,0.0,experimental_reported,0.395692298182475,0.471059357055548,2.29228551995909,,1
Table S1,910,Hirao et al. (2022),static_experiment,,20.0,0.2,Pt,20.57518132,0.205751813,Fei et al. (2007),1,6.19458,0.005418,20.572684189467534,0.017993601331895804,298.0,0.0,experimental_reported,1.91604088937369,1.99142926536448,3.79723880940881,,1
Table S1,911,Hirao et al. (2022),static_experiment,,20.1,0.2,ruby,20.11273054,0.200126672,Ye et al. (2018),1,6.166286,0.003612,20.478717604734303,0.01199573422126387,298.0,0.0,experimental_reported,0.250611292245662,0.325889173732687,2.21160697086841,,1
Table S1,912,Hirao et al. (2022),static_experiment,,20.2,0.4,ruby,20.21270718,0.400251627,Ye et al. (2018),1,6.124748,0.003612,20.340766661189768,0.01199573422126387,298.0,0.0,experimental_reported,-1.47030858327555,-1.39518887463664,0.605054630553425,,1
Table S1,913,Hirao et al. (2022),static_experiment,,20.4,0.2,ruby,20.41265815,0.2001241,Ye et al. (2018),1,6.159062,0.003612,20.45472613629177,0.01199573422126387,298.0,0.0,experimental_reported,0.238597743003847,0.313847754915276,2.21972564860991,,1
Table S1,914,Hirao et al. (2022),static_experiment,,20.64,0.13,ruby,20.65259524,0.13007933,Ye et al. (2018),1,6.117524,0.00301,20.31677519274724,0.009996445184386558,298.0,0.0,experimental_reported,-1.35391654041598,-1.27882379958836,0.740984956479625,,1
Table S1,915,Hirao et al. (2022),static_experiment,,22.4,0.5,ruby,22.41199948,0.500267846,Ye et al. (2018),1,6.072976,0.00301,20.168827804018317,0.009996445184386558,298.0,0.0,experimental_reported,-1.63536392541878,-1.56043353251251,0.577608238939487,,1
Table S1,916,Hirao et al. (2022),static_experiment,,22.89,0.09,ruby,22.901792,0.090046364,Ye et al. (2018),1,6.065752,0.00301,20.14483633557579,0.009996445184386558,298.0,0.0,experimental_reported,-1.48411193915604,-1.40920718740408,0.7476033435414,,1
Table S1,917,Hirao et al. (2022),static_experiment,,22.9,0.4,Pt,23.51221828,0.410693769,Fei et al. (2007),1,6.15244,0.00301,20.432733956886125,0.009996445184386558,298.0,0.0,experimental_reported,3.05047491376847,3.12569950755157,5.04996906161739,,1
Table S1,918,Hirao et al. (2022),static_experiment,,24.2,0.3,ruby,24.21114979,0.30013822,Ye et al. (2018),1,6.031438,0.003612,20.030876860473782,0.01199573422126387,298.0,0.0,experimental_reported,-1.81254461504171,-1.73775878894837,0.506595971462186,,1
Table S1,919,Hirao et al. (2022),static_experiment,,24.9,0.2,ruby,24.91075498,0.200086385,Ye et al. (2018),1,6.018194,0.00301,19.98689250166248,0.009996445184386558,298.0,0.0,experimental_reported,-1.75843208209476,-1.68369081345437,0.593723384069012,,1
Table S1,920,Hirao et al. (2022),static_experiment,,25.4,0.2,Pt,26.03162354,0.204973414,Fei et al. (2007),1,6.088628,0.00301,20.22080931897713,0.009996445184386558,298.0,0.0,experimental_reported,2.71043099987184,2.78541762607374,4.88240123118167,,1
Table S1,921,Hirao et al. (2022),static_experiment,,26.2,0.5,ruby,26.20992775,0.500189461,Ye et al. (2018),1,5.994716,0.003612,19.908920229224268,0.01199573422126387,298.0,0.0,experimental_reported,-1.62224720481397,-1.54758294652802,0.787403240634575,,1
Table S1,922,Hirao et al. (2022),static_experiment,,27.0,0.2,ruby,27.00935871,0.200069324,Ye et al. (2018),1,5.979666,0.003612,19.858938003302335,0.01199573422126387,298.0,0.0,experimental_reported,-1.58110935191893,-1.50649305853357,0.864685924196955,,1
Table S1,923,Hirao et al. (2022),static_experiment,,28.5,0.3,ruby,28.50817054,0.300086006,Ye et al. (2018),1,5.937526,0.003612,19.718987770720922,0.01199573422126387,298.0,0.0,experimental_reported,-2.2600480071869,-2.18555971842241,0.283884141289434,,1
Table S1,924,Hirao et al. (2022),static_experiment,,28.9,0.2,ruby,28.90782731,0.200054168,Ye et al. (2018),1,5.930302,0.004816,19.694996302278394,0.015994312295018492,298.0,0.0,experimental_reported,-2.24195557467976,-2.16748823946158,0.318332279768708,,1
Table S1,925,Hirao et al. (2022),static_experiment,,29.6,0.9,Pt,30.24657874,0.919659489,Fei et al. (2007),1,5.984482,0.00301,19.874932315597352,0.009996445184386558,298.0,0.0,experimental_reported,1.89986309668226,1.97449461579398,4.33415341979331,,1
Table S1,926,Hirao et al. (2022),static_experiment,,30.4,0.3,ruby,30.4064427,0.300063579,Ye et al. (2018),1,5.902008,0.004214,19.601029717545163,0.013995023258141179,298.0,0.0,experimental_reported,-2.26159096343724,-2.1872026999265,0.361391199061892,,1
Table S1,927,Hirao et al. (2022),static_experiment,,31.5,0.3,ruby,31.50533075,0.300050769,Ye et al. (2018),1,5.892978,0.004214,19.571040381992002,0.013995023258141179,298.0,0.0,experimental_reported,-1.65534435811278,-1.58098028419957,0.987179391707301,,1
Table S1,928,Hirao et al. (2022),static_experiment,,32.5,0.2,ruby,32.50425007,0.200026154,Ye et al. (2018),1,5.8695,0.00301,19.49306810955379,0.009996445184386558,298.0,0.0,experimental_reported,-1.95598097400117,-1.8816772933201,0.73626383863073,,1
Table S1,929,Hirao et al. (2022),static_experiment,,33.5,0.3,ruby,33.50310376,0.300027795,Ye et al. (2018),1,5.852644,0.003612,19.43708801652122,0.01199573422126387,298.0,0.0,experimental_reported,-1.90705550015357,-1.83279285414272,0.819896857369017,,1
Table S1,930,Hirao et al. (2022),static_experiment,,34.5,0.3,ruby,34.50189266,0.300016458,Ye et al. (2018),1,5.835186,0.003612,19.37910863445178,0.01199573422126387,298.0,0.0,experimental_reported,-1.9073039925304,-1.83308169462008,0.854701243543822,,1
Table S1,931,Hirao et al. (2022),static_experiment,,35.5,0.3,ruby,35.50061756,0.300005219,Ye et al. (2018),1,5.820136,0.003612,19.329126408529845,0.01199573422126387,298.0,0.0,experimental_reported,-1.78241755718013,-1.70822820980061,1.00905965356058,,1
Table S1,932,Hirao et al. (2022),static_experiment,,36.6,0.3,ruby,36.59914199,0.299992967,Ye et al. (2018),1,5.799066,0.003612,19.25915129223914,0.01199573422126387,298.0,0.0,experimental_reported,-1.92720902319182,-1.8530628263449,0.904341595400211,,1
Table S1,933,Hirao et al. (2022),static_experiment,,37.5,0.3,ruby,37.49787854,0.299983028,Ye et al. (2018),1,5.784618,0.00301,19.211168355354086,0.009996445184386558,298.0,0.0,experimental_reported,-1.89470107614304,-1.82058237361326,0.963510520591207,,1
Table S1,934,Hirao et al. (2022),static_experiment,,38.8,0.3,ruby,38.79596551,0.299968806,Ye et al. (2018),1,5.772578,0.00301,19.17118257461654,0.009996445184386558,298.0,0.0,experimental_reported,-1.32709853995807,-1.25300139654553,1.55281198924309,,1
Table S1,935,Hirao et al. (2022),static_experiment,,39.9,0.3,ruby,39.89426661,0.299956892,Ye et al. (2018),1,5.748498,0.00301,19.091211013141447,0.009996445184386558,298.0,0.0,experimental_reported,-1.71368667367459,-1.63962880636087,1.2081774532767,,1
Table S1,936,Hirao et al. (2022),static_experiment,,40.0,0.3,ruby,39.99410855,0.299955814,Ye et al. (2018),1,5.733448,0.001806,19.041228787219513,0.005997867110631935,298.0,0.0,experimental_reported,-2.55836975777262,-2.4843337290612,0.388716662364757,,1
Table S1,937,Hirao et al. (2022),static_experiment,,42.0,0.3,ruby,41.99082274,0.299934448,Ye et al. (2018),1,5.717796,0.00301,18.9892472722607,0.009996445184386558,298.0,0.0,experimental_reported,-1.55764365453763,-1.48362803086153,1.41484061501843,,1
Table S1,938,Hirao et al. (2022),static_experiment,,42.9,0.3,ruby,42.88926754,0.299924948,Ye et al. (2018),1,5.69793,0.00301,18.923270734043754,0.009996445184386558,298.0,0.0,experimental_reported,-1.94376384493435,-1.86977059726768,1.05970730864845,,1
Table S1,939,Hirao et al. (2022),static_experiment,,44.4,0.4,ruby,44.38657169,0.399879024,Ye et al. (2018),1,5.679268,0.00301,18.86129277390056,0.009996445184386558,298.0,0.0,experimental_reported,-1.67436136832386,-1.60038539906184,1.35691822487642,,1
Table S1,940,Hirao et al. (2022),static_experiment,,45.1,0.3,ruby,45.08526974,0.299902016,Ye et al. (2018),1,5.659402,0.003612,18.795316235683604,0.01199573422126387,298.0,0.0,experimental_reported,-2.30577955003732,-2.23181781132968,0.753685864294582,,1
Table S1,941,Hirao et al. (2022),static_experiment,,46.5,0.3,ruby,46.4825832,0.299887634,Ye et al. (2018),1,5.64676,0.00301,18.75333116590918,0.009996445184386558,298.0,0.0,experimental_reported,-1.76746121396984,-1.69350620893383,1.30916455728778,,1
Table S1,942,Hirao et al. (2022),static_experiment,,47.4,0.4,ruby,47.38079861,0.399837963,Ye et al. (2018),1,5.635322,0.002408,18.715344674208513,0.007997156147509246,298.0,0.0,experimental_reported,-1.65497130584927,-1.5810207854321,1.43665143320376,,1
Table S1,943,Hirao et al. (2022),static_experiment,,48.5,0.3,ruby,48.47855708,0.299867363,Ye et al. (2018),1,5.619068,0.00301,18.661363870212828,0.009996445184386558,298.0,0.0,experimental_reported,-1.68791374472419,-1.61396689061586,1.4241423181666,,1
Table S1,944,Hirao et al. (2022),static_experiment,,49.9,0.3,ruby,49.87560942,0.299853363,Ye et al. (2018),1,5.602814,0.003612,18.60738306621714,0.01199573422126387,298.0,0.0,experimental_reported,-1.43841055689059,-1.36446408812699,1.6930304771891,,1
Table S1,945,Hirao et al. (2022),static_experiment,,50.7,0.3,ruby,50.67387794,0.299845432,Ye et al. (2018),1,5.590172,0.000602,18.565397996442712,0.0019992890368773115,298.0,0.0,experimental_reported,-1.54450520133319,-1.47055668855002,1.60127573080833,,1
Table S1,946,Hirao et al. (2022),static_experiment,,52.1,0.4,Pt,52.49222145,0.403011297,Fei et al. (2007),1,5.599804,0.001204,18.59738662103275,0.003998578073754623,298.0,0.0,experimental_reported,0.963821443860525,1.03776821069324,4.09873568136297,,1
Table S1,947,Hirao et al. (2022),static_experiment,,52.2,0.3,ruby,52.17054035,0.299830692,Ye et al. (2018),1,5.564286,0.003612,18.47942856785699,0.01199573422126387,298.0,0.0,experimental_reported,-1.93251559646664,-1.8585562422054,1.24057315132652,,1
Table S1,948,Hirao et al. (2022),static_experiment,,53.4,0.3,ruby,53.36778583,0.299819021,Ye et al. (2018),1,5.55345,0.004214,18.4434413651932,0.013995023258141179,298.0,0.0,experimental_reported,-1.53754103608635,-1.46357439277006,1.64614385094225,,1
Table S1,949,Hirao et al. (2022),static_experiment,,54.3,0.3,ruby,54.26567131,0.299810339,Ye et al. (2018),1,5.545022,0.00301,18.415451318676915,0.009996445184386558,298.0,0.0,experimental_reported,-1.26916927402411,-1.19519580273887,1.92241062989751,,1
Table S1,950,Hirao et al. (2022),static_experiment,,67.3,0.6,Pt,67.28993994,0.599910311,Fei et al. (2007),1,5.398736,0.001204,17.92962408271573,0.003998578073754623,298.0,0.0,experimental_reported,0.0134104375330111,0.0876840970103672,3.29073893171918,,1
Table S1,951,Hirao et al. (2022),static_experiment,,70.3,0.8,Pt,70.19316375,0.798784225,Fei et al. (2007),1,5.359606,0.000602,17.799670295318705,0.0019992890368773115,298.0,0.0,experimental_reported,-0.503359821385828,-0.428939380280127,2.77931310651239,,1
Table S1,952,Hirao et al. (2022),static_experiment,,77.8,0.9,Pt,77.43251387,0.895748875,Fei et al. (2007),1,5.31867,0.001806,17.663718640811048,0.005997867110631935,298.0,0.0,experimental_reported,3.02189430829054,3.09650313632166,6.3015885757862,,1
Table S1,953,Hirao et al. (2022),static_experiment,,85.4,0.5,Pt,84.74477343,0.496163779,Fei et al. (2007),1,5.205494,0.004214,17.28785230187811,0.013995023258141179,298.0,0.0,experimental_reported,-0.710192687508226,-0.634852574746276,2.51275465079207,,1
Table S1,954,Hirao et al. (2022),static_experiment,,93.6,0.5,Pt,92.60466222,0.494683025,Fei et al. (2007),1,5.1471,0.001806,17.093921265301013,0.005997867110631935,298.0,0.0,experimental_reported,0.970881512754332,1.04673744336556,4.13482341424941,,1
Table S1,955,Hirao et al. (2022),static_experiment,,95.76,0.3,Pt,94.67365488,0.296596663,Fei et al. (2007),1,5.131448,0.00301,17.041939750342202,0.009996445184386558,298.0,0.0,experimental_reported,1.32433511264107,1.40034730127195,4.46883144680059,,1
Table S1,956,Hirao et al. (2022),static_experiment,,96.71,0.5,Pt,95.58239838,0.494170191,Fei et al. (2007),1,5.11098,0.001204,16.973963923088373,0.003998578073754623,298.0,0.0,experimental_reported,-0.0494852729458302,0.0267434268509277,3.06720537208692,,1
Table S1,957,Hirao et al. (2022),static_experiment,,105.3,0.5,Pt,103.7848524,0.492805567,Fei et al. (2007),1,5.051984,0.001806,16.778033597474398,0.005997867110631935,298.0,0.0,experimental_reported,1.31675180255829,1.39368647824978,4.33783381680993,,1
Table S1,958,Hirao et al. (2022),static_experiment,,109.3,0.5,Pt,107.5969788,0.492209418,Fei et al. (2007),1,5.017068,0.004214,16.662074833335513,0.013995023258141179,298.0,0.0,experimental_reported,0.895531591319056,0.972945576963866,3.84888741156351,,1
Table S1,959,Hirao et al. (2022),static_experiment,,113.1,0.7,Pt,111.2138344,0.688326119,Fei et al. (2007),1,4.997804,0.00301,16.59809758415544,0.009996445184386558,298.0,0.0,experimental_reported,2.11458728933385,2.19228669060668,5.02692898636693,,1
Table S1,960,Hirao et al. (2022),static_experiment,,117.8,0.4,Pt,115.6821442,0.392808639,Fei et al. (2007),1,4.961684,0.00301,16.4781402419428,0.009996445184386558,298.0,0.0,experimental_reported,1.96386849004,2.0421455110471,4.79216410485418,,1
Table S1,961,Hirao et al. (2022),static_experiment,,123.6,0.5,Pt,121.1914957,0.49025686,Fei et al. (2007),1,4.941818,0.005418,16.41216370372585,0.017993601331895804,298.0,0.0,experimental_reported,4.86235784107633,4.94097726729538,7.64038628939977,,1
Table S1,962,Hirao et al. (2022),static_experiment,,129.0,0.1,Pt,126.3143279,0.097918084,Fei et al. (2007),1,4.89426,0.00301,16.25421986981254,0.009996445184386558,298.0,0.0,experimental_reported,3.52404380523001,3.60355879768961,6.16981342290556,,1
Table S1,963,Hirao et al. (2022),static_experiment,,131.5,0.3,Pt,128.6828339,0.293573005,Fei et al. (2007),1,4.878006,0.00301,16.200239065816856,0.009996445184386558,298.0,0.0,experimental_reported,3.61393281278227,3.69377969548886,6.21057508617578,,1
Table S1,964,Hirao et al. (2022),static_experiment,,132.5,0.7,Pt,129.6267392,0.684820509,Fei et al. (2007),1,4.868976,0.00301,16.170249730263695,0.009996445184386558,298.0,0.0,experimental_reported,3.27602175718515,3.35605895806134,5.84449427386851,,1
Table S1,965,Hirao et al. (2022),static_experiment,,135.2,0.9,Pt,132.1883923,0.879952316,Fei et al. (2007),1,4.859946,0.00301,16.140260394710534,0.009996445184386558,298.0,0.0,experimental_reported,4.54434122623266,4.62457307252922,7.08401351096173,,1
Table S1,966,Hirao et al. (2022),static_experiment,,135.4,0.5,Pt,132.3758982,0.488832711,Fei et al. (2007),1,4.84911,0.007826,16.10427319204674,0.025990757479405047,298.0,0.0,experimental_reported,3.16447785457322,3.24494908727169,5.66875304062469,,1
Table S1,967,Hirao et al. (2022),static_experiment,,137.1,0.6,Pt,133.9873118,0.586377732,Fei et al. (2007),1,4.826836,0.001806,16.030299497682282,0.005997867110631935,298.0,0.0,experimental_reported,1.50058015929011,1.58156388549034,3.92920525710923,,1
Table S1,968,Hirao et al. (2022),static_experiment,,141.8,0.5,Pt,138.4312266,0.488121391,Fei et al. (2007),1,4.799144,0.003612,15.938332201985927,0.01199573422126387,298.0,0.0,experimental_reported,1.76978011035129,1.85144072822612,4.09887364523297,,1
Table S1,969,Hirao et al. (2022),static_experiment,,143.8,0.9,Pt,140.3223048,0.878234175,Fei et al. (2007),1,4.808174,0.003612,15.968321537539087,0.01199573422126387,298.0,0.0,experimental_reported,5.03488206552285,5.11631699880871,7.3971037090601,,1
Table S1,970,Hirao et al. (2022),static_experiment,,145.1,0.5,Pt,141.5497559,0.487766216,Fei et al. (2007),1,4.78891,0.002408,15.904344288359011,0.007997156147509246,298.0,0.0,experimental_reported,3.31600500529825,3.3979273333178,5.60676201293879,,1
Table S1,971,Hirao et al. (2022),static_experiment,,150.6,0.3,Pt,146.7495858,0.292329852,Fei et al. (2007),1,4.748576,0.001806,15.770391922888232,0.005997867110631935,298.0,0.0,experimental_reported,2.15952448443417,2.24254188383128,4.29092625368966,,1
Table S1,972,Hirao et al. (2022),static_experiment,,151.5,0.6,Pt,147.5990996,0.58455089,Fei et al. (2007),1,4.735332,0.001806,15.726407564076931,0.005997867110631935,298.0,0.0,experimental_reported,0.865000441919648,0.948400410464103,2.94117397449986,,1
Table S1,973,Hirao et al. (2022),static_experiment,,154.0,0.5,Pt,149.9575194,0.486875063,Fei et al. (2007),1,4.73473,0.00301,15.724408275040053,0.009996445184386558,298.0,0.0,experimental_reported,3.12528171203945,3.20869934898482,5.19891051225471,,1
Table S1,974,Hirao et al. (2022),static_experiment,,156.7,0.8,Pt,152.5091433,0.778604433,Fei et al. (2007),1,4.730516,0.004214,15.710413251781912,0.013995023258141179,298.0,0.0,experimental_reported,4.98826316738362,5.07180516950274,7.04399498424644,,1
Table S1,975,Hirao et al. (2022),static_experiment,,160.1,0.7,Pt,155.7157556,0.680830912,Fei et al. (2007),1,4.69861,0.002408,15.604450932827417,0.007997156147509246,298.0,0.0,experimental_reported,2.88452238695928,2.96904585083905,4.7999642451185,,1
Table S1,976,Hirao et al. (2022),static_experiment,,162.0,0.1,Pt,157.5032227,0.097224212,Fei et al. (2007),1,4.700416,0.003612,15.610448799938046,0.01199573422126387,298.0,0.0,experimental_reported,4.97718071769899,5.06164670925114,6.90079014046469,,1
Table S1,977,Hirao et al. (2022),static_experiment,,163.8,0.7,Pt,159.2022153,0.680351347,Fei et al. (2007),1,4.681754,0.004214,15.54847083979485,0.013995023258141179,298.0,0.0,experimental_reported,3.49537465233209,3.58044594803891,5.33326711132571,,1
Table S1,978,Hirao et al. (2022),static_experiment,,166.4,0.5,Pt,161.6546296,0.485741075,Fei et al. (2007),1,4.667306,0.001204,15.500487902909795,0.003998578073754623,298.0,0.0,experimental_reported,3.44343232173705,3.52898993841831,5.21295102091281,,1
Table S1,979,Hirao et al. (2022),static_experiment,,167.0,1.0,Pt,162.21732,0.971361198,Fei et al. (2007),1,4.663694,0.004214,15.48849216868853,0.013995023258141179,298.0,0.0,experimental_reported,3.37425131438488,3.45993297773245,5.12640115520111,,1
Table S1,980,Hirao et al. (2022),static_experiment,,171.7,0.5,Pt,166.6465484,0.485284066,Fei et al. (2007),1,4.634798,0.002408,15.39252629491842,0.007997156147509246,298.0,0.0,experimental_reported,2.66370278548302,2.75041334289722,4.27291869951733,,1
Table S1,981,Hirao et al. (2022),static_experiment,,173.5,0.3,Pt,168.3462538,0.291088623,Fei et al. (2007),1,4.624564,0.003612,15.358538381291508,0.01199573422126387,298.0,0.0,experimental_reported,2.50630703795562,2.59339796410813,4.06319652290759,,1
Table S1,982,Hirao et al. (2022),static_experiment,,174.2,0.9,Pt,169.0021471,0.873145421,Fei et al. (2007),1,4.62336,0.003612,15.354539803217751,0.01199573422126387,298.0,0.0,experimental_reported,2.94243349715279,3.02956973493681,4.49310815548725,,1
Table S1,983,Hirao et al. (2022),static_experiment,,176.8,0.7,Pt,171.4529179,0.678829426,Fei et al. (2007),1,4.60831,0.004816,15.304557577295821,0.015994312295018492,298.0,0.0,experimental_reported,2.62306582480579,2.71077860535524,4.09500928923106,,1
Table S1,984,Hirao et al. (2022),static_experiment,,180.15,0.0,Pt,174.6078365,0.0,Fei et al. (2007),1,4.59326,0.004214,15.254575351373886,0.013995023258141179,298.0,0.0,experimental_reported,2.96462516596091,3.05293363270553,4.3558971328311,,1
Table S1,985,Hirao et al. (2022),static_experiment,,183.0,0.1,Pt,177.2884976,0.09687896,Fei et al. (2007),1,4.564364,0.002408,15.158609477603775,0.007997156147509246,298.0,0.0,experimental_reported,0.119620769418702,0.209128525978286,1.35054933455047,,1
Table S1,986,Hirao et al. (2022),static_experiment,,186.3,0.9,Pt,180.393836,0.871467807,Fei et al. (2007),1,4.55714,0.002408,15.13461800916125,0.007997156147509246,298.0,0.0,experimental_reported,1.81753879651316,1.90735814482628,3.00725884447482,,1
Table S1,987,Hirao et al. (2022),static_experiment,,190.0,0.1,Pt,183.8704678,0.09677393,Fei et al. (2007),1,4.546906,0.002408,15.100630095534333,0.007997156147509246,298.0,0.0,experimental_reported,3.28218927222178,3.37245832412043,4.41276110200997,,1
Table S1,988,Hirao et al. (2022),static_experiment,,191.7,0.7,Pt,185.4704004,0.677252375,Fei et al. (2007),1,4.546906,0.003612,15.100630095534333,0.01199573422126387,298.0,0.0,experimental_reported,4.88212187222177,4.97239092412042,6.01269370200995,,1
Table S1,989,Hirao et al. (2022),static_experiment,,194.0,0.1,Pt,187.630359,0.09671668,Fei et al. (2007),1,4.534264,0.003612,15.05864502575991,0.01199573422126387,298.0,0.0,experimental_reported,4.52698176350358,4.61781997803456,5.58324227111893,,1
Table S1,990,Hirao et al. (2022),static_experiment,,197.0,0.1,Pt,190.456873,0.096678616,Fei et al. (2007),1,4.51801,0.00301,15.004664221764223,0.009996445184386558,298.0,0.0,experimental_reported,4.07078638695802,4.16237906353962,5.02948049183581,,1
Table S1,991,Hirao et al. (2022),static_experiment,,198.0,0.1,Pt,191.390784,0.096662012,Fei et al. (2007),1,4.513796,0.002408,14.990669198506081,0.007997156147509246,298.0,0.0,experimental_reported,4.14450418244752,4.236296707766,5.07753187550753,,1
Table S1,992,Hirao et al. (2022),static_experiment,,202.0,0.1,Pt,195.14964,0.096608733,Fei et al. (2007),1,4.495134,0.001204,14.928691238362886,0.003998578073754623,298.0,0.0,experimental_reported,4.04807671009172,4.14077579484717,4.86560221519068,,1
Table S1,993,Hirao et al. (2022),static_experiment,,204.0,0.1,Pt,197.0278106,0.09658226,Fei et al. (2007),1,4.489114,0.001204,14.908698347994111,0.003998578073754623,298.0,0.0,experimental_reported,4.66646076548551,4.75945990598996,5.44608890925514,,1
Table S1,994,Hirao et al. (2022),static_experiment,,206.0,0.1,Pt,198.9132709,0.09655984,Fei et al. (2007),1,4.477074,0.004214,14.868712567256566,0.013995023258141179,298.0,0.0,experimental_reported,4.00836677837847,4.10197742177172,4.7112672526398,,1
Table S1,995,Hirao et al. (2022),static_experiment,,207.0,0.1,Pt,199.8491239,0.09654547,Fei et al. (2007),1,4.469248,0.001204,14.842721809777162,0.003998578073754623,298.0,0.0,experimental_reported,3.27358279783169,3.36759918850038,3.92594423235528,,1
Table S1,996,Hirao et al. (2022),static_experiment,,210.0,0.2,Pt,202.67128,0.193020267,Fei et al. (2007),1,4.456004,0.001806,14.79873745096586,0.005997867110631935,298.0,0.0,experimental_reported,3.23698859524325,3.33170677274739,3.80262967810893,,1
Table S1,997,Hirao et al. (2022),static_experiment,,210.5,0.7,Pt,203.1378226,0.6755177,Fei et al. (2007),1,4.446372,0.002408,14.766748826375823,0.007997156147509246,298.0,0.0,experimental_reported,1.59924107303743,1.69448181263945,2.1008733676631,,1
Table S1,998,Hirao et al. (2022),static_experiment,,211.4,0.9,Pt,203.9869271,0.868440087,Fei et al. (2007),1,4.449984,0.002408,14.778744560597085,0.007997156147509246,298.0,0.0,experimental_reported,3.23996059524435,3.3350041591917,3.76568873273092,,1
Table S1,999,Hirao et al. (2022),static_experiment,,214.5,0.7,Pt,206.8955876,0.675183736,Fei et al. (2007),1,4.431924,0.002408,14.718765889490768,0.007997156147509246,298.0,0.0,experimental_reported,2.16017512440959,2.25621935423666,2.5643161997933,,1
Table S1,1000,Hirao et al. (2022),static_experiment,,215.0,0.2,Pt,207.3618914,0.192894783,Fei et al. (2007),1,4.42169,0.003612,14.684777975863852,0.01199573422126387,298.0,0.0,experimental_reported,0.332315340379125,0.428943265960015,0.666331102358839,,1
Table S1,1001,Hirao et al. (2022),static_experiment,,219.0,0.2,Pt,211.1170135,0.192800926,Fei et al. (2007),1,4.405436,0.004214,14.630797171868165,0.013995023258141179,298.0,0.0,experimental_reported,0.392218452054379,0.489798843035118,0.613046149050234,,1
Table S1,1002,Hirao et al. (2022),static_experiment,,220.0,0.2,Pt,212.0584336,0.192780394,Fei et al. (2007),1,4.399416,0.001204,14.610804281499393,0.003998578073754623,298.0,0.0,experimental_reported,-0.0512302579458321,0.0467109682693376,0.127114069271812,,1
Table S1,1003,Hirao et al. (2022),static_experiment,,221.0,0.1,Pt,212.994566,0.096377632,Fei et al. (2007),1,4.434934,0.006622,14.728762334675153,0.021992179405650427,298.0,0.0,experimental_reported,8.92919184285336,9.02506671032745,9.3537895243681,,1
Table S1,1004,Hirao et al. (2022),static_experiment,,223.1,0.9,Pt,214.9687944,0.867198185,Fei et al. (2007),1,4.419282,0.009632,14.676780819716344,0.031988624590036985,298.0,0.0,experimental_reported,7.39579100628637,7.49255805464884,7.71317828868678,,1
Table S1,1005,Hirao et al. (2022),static_experiment,,223.5,0.8,Pt,215.3419116,0.770798789,Fei et al. (2007),1,4.3946,0.004816,14.594809969204372,0.015994312295018492,298.0,0.0,experimental_reported,2.11795028623462,2.21618337212689,2.26209018621139,,1
Table S1,1006,Hirao et al. (2022),static_experiment,,226.0,0.2,Pt,217.6939223,0.192649489,Fei et al. (2007),1,4.37955,0.00301,14.544827743282442,0.009996445184386558,298.0,0.0,experimental_reported,0.950708505771701,1.04987222017243,0.986717800275642,,1
Table S1,1007,Hirao et al. (2022),static_experiment,,226.0,0.3,Pt,217.6939223,0.288974233,Fei et al. (2007),1,4.374132,0.002408,14.526834141950546,0.007997156147509246,298.0,0.0,experimental_reported,-0.330116865288318,-0.230611134177309,-0.333492986618523,,1
Table S1,1008,Hirao et al. (2022),static_experiment,,230.0,0.3,Pt,221.4470876,0.288844027,Fei et al. (2007),1,4.359082,0.004214,14.476851916028611,0.013995023258141179,298.0,0.0,experimental_reported,-0.173964877692157,-0.0734892699162515,-0.288009007427746,,1
Table S1,1009,Hirao et al. (2022),static_experiment,,232.0,0.3,Pt,223.3218353,0.288778235,Fei et al. (2007),1,4.356072,0.003612,14.466855470844227,0.01199573422126387,298.0,0.0,experimental_reported,0.974401344742716,1.07507447624621,0.838001703020495,,1
Table S1,1010,Hirao et al. (2022),static_experiment,,233.0,0.3,Pt,224.2645519,0.288752642,Fei et al. (2007),1,4.347042,0.003612,14.436866135291066,0.01199573422126387,298.0,0.0,experimental_reported,-0.276141337188648,-0.174868423111519,-0.480048488610123,,1
Table S1,1011,Hirao et al. (2022),static_experiment,,233.4,0.8,Pt,224.6426407,0.769983344,Fei et al. (2007),1,4.37353,0.011438,14.524834852913667,0.037986491700668916,298.0,0.0,experimental_reported,6.47582958426273,6.57537354853545,6.46806238803094,,1
Table S1,1012,Hirao et al. (2022),static_experiment,,235.0,0.3,Pt,226.1417143,0.28869155,Fei et al. (2007),1,4.339216,0.004214,14.410875377811662,0.013995023258141179,298.0,0.0,experimental_reported,-0.317071330582309,-0.215269751535004,-0.580017343111734,,1
Table S1,1013,Hirao et al. (2022),static_experiment,,237.0,0.2,Pt,228.0138659,0.192416764,Fei et al. (2007),1,4.332594,0.004214,14.388883198406011,0.013995023258141179,298.0,0.0,experimental_reported,-0.0805673979477604,0.0216880240052717,-0.393853053151162,,1
Table S1,1014,Hirao et al. (2022),static_experiment,,238.0,0.2,Pt,228.9551835,0.192399314,Fei et al. (2007),1,4.326574,0.003612,14.368890308037237,0.01199573422126387,298.0,0.0,experimental_reported,-0.636347800285478,-0.533674551514821,-0.995700206984935,,1
Table S1,1015,Hirao et al. (2022),static_experiment,,242.0,0.2,Pt,232.7069119,0.192319762,Fei et al. (2007),1,4.31333,0.003612,14.324905949225935,0.01199573422126387,298.0,0.0,experimental_reported,-0.212615669496785,-0.109005355497459,-0.674324278188408,,1
Table S1,1016,Hirao et al. (2022),static_experiment,,244.0,0.8,Pt,234.5888596,0.769143802,Fei et al. (2007),1,4.33741,0.004214,14.404877510701029,0.013995023258141179,298.0,0.0,experimental_reported,7.68514251910918,7.78706727820503,7.40850230032919,,1
Table S1,1017,Hirao et al. (2022),static_experiment,,244.5,0.8,Pt,235.0516477,0.769085146,Fei et al. (2007),1,4.303698,0.004816,14.292917324635898,0.015994312295018492,298.0,0.0,experimental_reported,-0.318293379947846,-0.213985884985618,-0.855306516411929,,1
Table S1,1018,Hirao et al. (2022),static_experiment,,245.5,0.8,Pt,235.9896081,0.769008906,Fei et al. (2007),1,4.306708,0.005418,14.302913769820288,0.017993601331895804,298.0,0.0,experimental_reported,1.38816242815557,1.49225061898005,0.874759561650762,,1
Table S1,1019,Hirao et al. (2022),static_experiment,,246.0,0.2,Pt,236.4648198,0.192247821,Fei et al. (2007),1,4.300086,0.001204,14.280921590414636,0.003998578073754623,298.0,0.0,experimental_reported,0.169376540954119,0.273948936554405,-0.396061611178908,,1
Table S1,1020,Hirao et al. (2022),static_experiment,,246.3,0.8,Pt,236.742429,0.768956326,Fei et al. (2007),1,4.299484,0.004214,14.278922301377756,0.013995023258141179,298.0,0.0,experimental_reported,0.292383500161094,0.39700023074397,-0.277801959872164,,1
Table S1,1021,Hirao et al. (2022),static_experiment,,247.2,0.9,Pt,237.5869918,0.865001184,Fei et al. (2007),1,4.291056,0.001806,14.250932254861477,0.005997867110631935,298.0,0.0,experimental_reported,-1.03809747814631,-0.932854469748037,-1.67503802912529,,1
Table S1,1022,Hirao et al. (2022),static_experiment,,248.6,0.1,Pt,238.903997,0.096099757,Fei et al. (2007),1,4.28624,0.001806,14.234937942566459,0.005997867110631935,298.0,0.0,experimental_reported,-0.972920450850381,-0.867314847449308,-1.6482508479572,,1
Table S1,1023,Hirao et al. (2022),static_experiment,,250.5,0.9,Pt,240.6804445,0.86472016,Fei et al. (2007),1,4.282026,0.001806,14.220942919308316,0.005997867110631935,298.0,0.0,experimental_reported,-0.297198940639049,-0.19127322022149,-1.00626506676011,,1
Table S1,1024,Hirao et al. (2022),static_experiment,,251.0,0.1,Pt,241.1541812,0.096077363,Fei et al. (2007),1,4.277812,0.001806,14.206947896050174,0.005997867110631935,298.0,0.0,experimental_reported,-0.92923414344196,-0.822985628421691,-1.67217023947734,,1
Table S1,1025,Hirao et al. (2022),static_experiment,,252.0,0.1,Pt,242.0940902,0.096069083,Fei et al. (2007),1,4.274802,0.002408,14.19695145086579,0.007997156147509246,298.0,0.0,experimental_reported,-0.782266443518921,-0.675785710424122,-1.54947716758849,,1
Table S1,1026,Hirao et al. (2022),static_experiment,,252.0,0.1,Pt,242.0940902,0.096069083,Fei et al. (2007),1,4.301892,0.008428,14.286919457525267,0.027990046516282358,298.0,0.0,experimental_reported,6.26184998859861,6.36628969652082,5.71063696217189,,1
Table S1,1027,Hirao et al. (2022),static_experiment,,253.0,0.1,Pt,243.0271919,0.096058179,Fei et al. (2007),1,4.272996,0.002408,14.190953583755157,0.007997156147509246,298.0,0.0,experimental_reported,-0.326175939939162,-0.219555212253169,-1.10798403042352,,1
Table S1,1028,Hirao et al. (2022),static_experiment,,253.4,0.8,Pt,243.4033893,0.768440061,Fei et al. (2007),1,4.2742,0.002408,14.194952161828912,0.007997156147509246,298.0,0.0,experimental_reported,0.36813295034969,0.474660292877331,-0.403940851017211,,1
Table S1,1029,Hirao et al. (2022),static_experiment,,254.9,0.9,Pt,244.8112184,0.864378566,Fei et al. (2007),1,4.26818,0.001204,14.17495927146014,0.003998578073754623,298.0,0.0,experimental_reported,0.181231932426584,0.288228426720878,-0.639621455928335,,1
Table S1,1030,Hirao et al. (2022),static_experiment,,256.9,0.9,Pt,246.6896504,0.864229994,Fei et al. (2007),1,4.260956,0.001204,14.150967803017611,0.003998578073754623,298.0,0.0,experimental_reported,0.132147877981708,0.239714752870242,-0.747595931204728,,1
Table S1,1031,Hirao et al. (2022),static_experiment,,259.2,0.5,Pt,248.8511661,0.480036972,Fei et al. (2007),1,4.269986,0.00602,14.18095713857077,0.019992890368773115,298.0,0.0,experimental_reported,4.70069538242365,4.80755054582497,3.89450421897729,,1
Table S1,1032,Hirao et al. (2022),static_experiment,,259.7,0.8,Pt,249.3188392,0.768021068,Fei et al. (2007),1,4.251324,0.001204,14.118979178427574,0.003998578073754623,298.0,0.0,experimental_reported,0.167601481322322,0.275941590467738,-0.791258695943924,,1
Table S1,1033,Hirao et al. (2022),static_experiment,,262.7,0.9,Pt,252.1314252,0.863792473,Fei et al. (2007),1,4.243498,0.001806,14.092988420948167,0.005997867110631935,298.0,0.0,experimental_reported,0.852612795414473,0.961592025418099,-0.171024687997715,,1
Table S1,1034,Hirao et al. (2022),static_experiment,,266.5,0.9,Pt,255.6963502,0.863514879,Fei et al. (2007),1,4.230856,0.001806,14.051003351173746,0.005997867110631935,298.0,0.0,experimental_reported,0.942006175135475,1.05203878575253,-0.187194684220742,,1
Table S1,1035,Hirao et al. (2022),static_experiment,,269.1,0.8,Pt,258.1346322,0.767401359,Fei et al. (2007),1,4.223632,0.001806,14.027011882731218,0.005997867110631935,298.0,0.0,experimental_reported,1.3725636991835,1.48321005637541,0.182536883272007,,1
Table S1,1036,Hirao et al. (2022),static_experiment,,270.4,0.8,Pt,259.3510559,0.767310816,Fei et al. (2007),1,4.219418,0.001806,14.013016859473076,0.005997867110631935,298.0,0.0,experimental_reported,1.41044958274807,1.52145798404445,0.184774093873102,,1
Table S1,1037,Hirao et al. (2022),static_experiment,,271.2,0.7,Pt,260.1072607,0.671368298,Fei et al. (2007),1,4.21701,0.001204,14.005019703325567,0.003998578073754623,298.0,0.0,experimental_reported,1.49075319966454,1.60196982598183,0.244652312149583,,1
Table S1,1038,Hirao et al. (2022),static_experiment,,271.2,0.7,Pt,260.1072607,0.671368298,Fei et al. (2007),1,4.250722,0.00602,14.116979889390695,0.019992890368773115,298.0,0.0,experimental_reported,10.7930080213581,10.9013969456099,9.82918065583067,,1
Table S1,1039,Hirao et al. (2022),static_experiment,,273.9,0.5,Pt,262.6391359,0.479443476,Fei et al. (2007),1,4.23206,0.001204,14.055001929247497,0.003998578073754623,298.0,0.0,experimental_reported,8.2178703675828,8.32780152817747,7.09877176723978,,1
Table S1,1040,Hirao et al. (2022),static_experiment,,274.6,0.8,Pt,263.2948246,0.76706431,Fei et al. (2007),1,4.206776,0.001806,13.971031789698651,0.005997867110631935,298.0,0.0,experimental_reported,1.78570708424723,1.89781967082024,0.452359039364353,,1
Table S1,1041,Hirao et al. (2022),static_experiment,,277.9,0.8,Pt,266.385991,0.766854238,Fei et al. (2007),1,4.195338,0.001806,13.933045297997982,0.005997867110631935,298.0,0.0,experimental_reported,1.60518283150066,1.7183181734012,0.173495429869661,,1
Table S1,1042,Hirao et al. (2022),static_experiment,,278.6,0.5,Pt,267.0503992,0.479272073,Fei et al. (2007),1,4.183298,0.001204,13.893059517260436,0.003998578073754623,298.0,0.0,experimental_reported,-1.21915144095209,-1.10491462984265,-2.75527515069018,,1
Table S1,1043,Hirao et al. (2022),static_experiment,,281.0,0.1,Pt,269.2986422,0.095835816,Fei et al. (2007),1,4.187512,0.001806,13.907054540518578,0.005997867110631935,298.0,0.0,experimental_reported,2.25542808846649,2.36927644870298,0.755962984733571,,1
Table S1,1044,Hirao et al. (2022),static_experiment,,281.1,0.1,Pt,269.388045,0.095833527,Fei et al. (2007),1,4.174268,0.000602,13.863070181707275,0.0019992890368773115,298.0,0.0,experimental_reported,-1.52867855599612,-1.41359856613167,-3.14373396258156,,1
Table S1,1045,Hirao et al. (2022),static_experiment,,282.6,0.8,Pt,270.7998079,0.766595352,Fei et al. (2007),1,4.18089,0.001204,13.885062361112928,0.003998578073754623,298.0,0.0,experimental_reported,1.82692632605836,1.94138654128614,0.269804226353983,,1
Table S1,1046,Hirao et al. (2022),static_experiment,,286.3,0.8,Pt,274.2686654,0.766381182,Fei et al. (2007),1,4.197746,0.007224,13.941042454145494,0.02399146844252774,298.0,0.0,experimental_reported,10.1800634732309,10.2929816004743,8.76915072469524,,1
Table S1,1047,Hirao et al. (2022),static_experiment,,290.7,0.9,Pt,278.40107,0.861922817,Fei et al. (2007),1,4.148984,0.001806,13.77910004215843,0.005997867110631935,298.0,0.0,experimental_reported,-0.0701608806805893,0.0473600676711499,-1.90887321060791,,1
Table S1,1048,Hirao et al. (2022),static_experiment,,291.1,0.9,Pt,278.7701907,0.861879669,Fei et al. (2007),1,4.148382,0.001806,13.777100753121552,0.005997867110631935,298.0,0.0,experimental_reported,0.116493704230152,0.234074238853168,-1.72758981298693,,1
Table S1,1049,Hirao et al. (2022),static_experiment,,295.0,0.1,Pt,282.4284339,0.095738452,Fei et al. (2007),1,4.180288,0.003612,13.88306307207605,0.01199573422126387,298.0,0.0,experimental_reported,13.2794269597846,13.3939431894931,11.7170495448867,,1
Table S1,1050,Hirao et al. (2022),static_experiment,,295.3,0.9,Pt,282.7207029,0.861661472,Fei et al. (2007),1,4.138148,0.0,13.74311283949464,0.0,298.0,0.0,experimental_reported,0.946311573689457,1.06491575048756,-0.989397698822529,,1
Table S1,1051,Hirao et al. (2022),static_experiment,,296.0,0.1,Pt,283.376423,0.095735278,Fei et al. (2007),1,4.135138,0.002408,13.733116394310253,0.007997156147509246,298.0,0.0,experimental_reported,0.677392301440079,0.796301418988492,-1.28537744725037,,1
Table S1,1052,Hirao et al. (2022),static_experiment,,299.0,0.1,Pt,286.1911426,0.095716101,Fei et al. (2007),1,4.152596,0.007224,13.791095776379693,0.02399146844252774,298.0,0.0,experimental_reported,8.81214814472241,8.92931302811132,7.00561895390564,,1
Table S1,1053,Hirao et al. (2022),static_experiment,,307.0,0.1,Pt,293.6897366,0.095664409,Fei et al. (2007),1,4.136342,0.00903,13.737114972384006,0.02998933555315967,298.0,0.0,experimental_reported,11.3609338441683,11.4797207728298,9.40899429751067,,1
Table S1,1054,Hirao et al. (2022),static_experiment,,314.0,0.1,Pt,300.2708232,0.095627651,Fei et al. (2007),1,4.119486,0.00602,13.681134879351443,0.019992890368773115,298.0,0.0,experimental_reported,12.7133020134911,12.8338256705477,10.6090262399877,,1
Table S1,1055,Hirao et al. (2022),static_experiment,,319.0,0.1,Pt,304.9623934,0.095599496,Fei et al. (2007),1,4.103834,0.006622,13.629153364392632,0.021992179405650427,298.0,0.0,experimental_reported,12.4606259342016,12.5828135261012,10.2135729491994,,1
Table S1,1056,Hirao et al. (2022),static_experiment,,325.0,0.1,Pt,310.5929183,0.095567052,Fei et al. (2007),1,4.083366,0.005418,13.561177537138803,0.017993601331895804,298.0,0.0,experimental_reported,11.4932478149614,11.6176882021737,9.05770449895601,,1
Table S1,1057,Hirao et al. (2022),static_experiment,,327.6,0.7,Pt,313.0327739,0.668873449,Fei et al. (2007),1,4.06952,0.001806,13.515193889290625,0.005997867110631935,298.0,0.0,experimental_reported,9.3828820592492,9.50889730557594,6.81877606681945,,1
Table S1,1058,Hirao et al. (2022),static_experiment,,334.0,0.2,Pt,319.0427601,0.191043569,Fei et al. (2007),1,4.05748,0.001204,13.47520810855308,0.003998578073754623,298.0,0.0,experimental_reported,11.3779550289387,11.505374055036,8.70142225354624,,1
Table S1,1059,Hirao et al. (2022),static_experiment,,339.0,0.1,Pt,323.7363861,0.095497459,Fei et al. (2007),1,4.03942,0.007224,13.41522943744676,0.02399146844252774,298.0,0.0,experimental_reported,9.9457157383336,10.0753019283147,7.09954170860175,,1
Table S1,1060,Hirao et al. (2022),static_experiment,,345.0,0.1,Pt,329.3758256,0.095471254,Fei et al. (2007),1,4.02738,0.001204,13.375243656709213,0.003998578073754623,298.0,0.0,experimental_reported,11.4309510219771,11.5620240367807,8.47108513699186,,1
Table S1,1061,Hirao et al. (2022),static_experiment,,354.0,0.1,Pt,337.8339591,0.095433322,Fei et al. (2007),1,4.002698,0.007224,13.293272806197242,0.02399146844252774,298.0,0.0,experimental_reported,11.1928325307518,11.327062233269,7.99864516617612,,1
Table S1,1062,Wang et al. (2024),static_experiment,,13.8,0.2,NaCl-B1,13.8,0.2,,0,6.299027,0.00903,20.919560837365747,0.02998933555315967,300.0,10.0,experimental_reported,-0.674823240839904,-0.599072349753325,0.895205878283839,,1
Table S1,1063,Wang et al. (2024),static_experiment,,12.7,0.2,NaCl-B1,12.7,0.2,,0,6.329127,0.004214,21.019525289209614,0.013995023258141179,300.0,10.0,experimental_reported,-0.635806883789606,-0.559930895616569,0.842517706000198,,1
Table S1,1064,Wang et al. (2024),static_experiment,,12.4,0.2,NaCl-B1,12.4,0.2,,0,6.332137,0.008729,21.029521734394002,0.02898969103472102,300.0,10.0,experimental_reported,-0.823533225836375,-0.747644661473879,0.64554763899622,,1
Table S1,1065,Wang et al. (2024),static_experiment,,11.1,0.2,NaCl-B1,11.1,0.2,,0,6.370966,0.008127,21.158475877272586,0.026990401997843708,300.0,10.0,experimental_reported,-0.701167408364162,-0.625115681793032,0.647525725037621,,1
Table S1,1066,Wang et al. (2024),static_experiment,,13.9,0.2,NaCl-B1,13.9,0.2,,0,6.335749,0.006622,21.041517468615265,0.021992179405650427,473.0,10.0,experimental_reported,-0.177802749797014,-0.107045077284859,0.85539830973716,,1
Table S1,1067,Wang et al. (2024),static_experiment,,13.0,0.2,NaCl-B1,13.0,0.2,,0,6.366752,0.008729,21.144480854014446,0.02898969103472102,473.0,10.0,experimental_reported,0.0449578650119058,0.115865525216606,0.975624936765403,,1
Table S1,1068,Wang et al. (2024),static_experiment,,12.8,0.2,NaCl-B1,12.8,0.2,,0,6.367956,0.006622,21.1484794320882,0.021992179405650427,473.0,10.0,experimental_reported,-0.112050266981901,-0.0411367251634083,0.814609451890883,,1
Table S1,1069,Wang et al. (2024),static_experiment,,11.5,0.2,NaCl-B1,11.5,0.2,,0,6.412203,0.004816,21.29542717629868,0.015994312295018492,473.0,10.0,experimental_reported,0.136969029454846,0.208101429965826,0.915105271767189,,1
Table S1,1070,Wang et al. (2024),static_experiment,,11.3,0.2,NaCl-B1,11.3,0.2,,0,6.410397,0.004816,21.28942930918805,0.015994312295018492,473.0,10.0,experimental_reported,-0.125092900287918,-0.0539695309738928,0.6591518664241,,1
Table S1,1071,Wang et al. (2024),static_experiment,,10.9,0.2,NaCl-B1,10.9,0.2,,0,6.433875,0.005418,21.367401581626265,0.017993601331895804,473.0,10.0,experimental_reported,0.274142952469303,0.345384329368969,0.978683316249754,,1
Table S1,1072,Wang et al. (2024),static_experiment,,14.8,0.2,NaCl-B1,14.8,0.2,,0,6.361033,0.011739,21.12548760816411,0.03898613621910757,673.0,10.0,experimental_reported,0.0583297754802423,0.124650124639496,0.515059679794311,,1
Table S1,1073,Wang et al. (2024),static_experiment,,14.4,0.2,NaCl-B1,14.4,0.2,,0,6.380297,0.005117,21.189464857344184,0.016993956813457146,673.0,10.0,experimental_reported,0.337783362470505,0.404233397343477,0.72702450533645,,1
Table S1,1074,Wang et al. (2024),static_experiment,,13.0,0.2,NaCl-B1,13.0,0.2,,0,6.423039,0.009933,21.331414378962474,0.03298826910847564,673.0,10.0,experimental_reported,0.405050536608922,0.471791856452903,0.642981436028901,,1
Table S1,1075,Wang et al. (2024),static_experiment,,12.8,0.2,NaCl-B1,12.8,0.2,,0,6.426952,0.00903,21.344409757702177,0.02998933555315967,673.0,10.0,experimental_reported,0.336659254828302,0.40342746452113,0.560634783209901,,1
Table S1,1076,Wang et al. (2024),static_experiment,,11.7,0.2,NaCl-B1,11.7,0.2,,0,6.46548,0.004816,21.472364256062324,0.015994312295018492,673.0,10.0,experimental_reported,0.50877400759641,0.575808737622218,0.594477425648122,,1
Table S1,1077,Wang et al. (2024),static_experiment,,11.1,0.2,NaCl-B1,11.1,0.2,,0,6.491667,0.00903,21.559333329166485,0.02998933555315967,673.0,10.0,experimental_reported,0.749332872740768,0.81655038462114,0.740204149996252,,1
Table S1,1078,Wang et al. (2024),static_experiment,,14.8,0.2,NaCl-B1,14.8,0.2,,0,6.397755,0.012943,21.24744423941363,0.04298471429286219,773.0,10.0,experimental_reported,0.456718191346933,0.52154753762024,0.543780910742493,,1
Table S1,1079,Wang et al. (2024),static_experiment,,14.7,0.2,NaCl-B1,14.7,0.2,,0,6.43538,0.008127,21.37239980421846,0.026990401997843708,873.0,10.0,experimental_reported,0.700532599898231,0.764183465837652,0.412203000009257,,1
Table S1,1080,Wang et al. (2024),static_experiment,,13.2,0.2,NaCl-B1,13.2,0.2,,0,6.48956,0.008127,21.55233581753742,0.026990401997843708,873.0,10.0,experimental_reported,0.954259523632498,1.0183706343164,0.46227968503883,,1
Table S3,3,Walsh et al. (1957),dynamic_experiment,Hugoniot,35.82,0.0,,35.82,0.0,,0,5.922,0.0,19.66742471160704,0.0,403.567412684,0.0,theory_assigned_zhuang_2021_hugoniot,3.80037444781556,3.87166886463414,6.18283905925228,,1
Table S3,4,Walsh et al. (1957),dynamic_experiment,Hugoniot,35.84,0.0,,35.84,0.0,,0,5.923,0.0,19.67074578974139,0.0,404.024216896,0.0,theory_assigned_zhuang_2021_hugoniot,3.87117212673423,3.94245473083396,6.25034339373655,,1
Table S3,5,Walsh et al. (1957),dynamic_experiment,Hugoniot,36.36,0.0,,36.36,0.0,,0,5.916,0.0,19.647498242800957,0.0,415.905313136,0.0,theory_assigned_zhuang_2021_hugoniot,3.95837122308085,4.02927101304545,6.33035259782308,,1
Table S3,6,Walsh et al. (1957),dynamic_experiment,Hugoniot,36.67,0.0,,36.67,0.0,,0,5.904,0.0,19.607645305188782,0.0,422.992110699,0.0,theory_assigned_zhuang_2021_hugoniot,3.58789865558673,3.65855340459647,5.97401520624209,,1
Table S3,7,Walsh et al. (1957),dynamic_experiment,Hugoniot,42.53,0.0,,42.53,0.0,,0,5.826,0.0,19.34860121070966,0.0,557.494534219,0.0,theory_assigned_zhuang_2021_hugoniot,4.29169880261379,4.35820963394889,6.58815264034602,,1
Table S3,8,Walsh et al. (1957),dynamic_experiment,Hugoniot,42.74,0.0,,42.74,0.0,,0,5.81,0.0,19.2954639605601,0.0,562.333592716,0.0,theory_assigned_zhuang_2021_hugoniot,3.54271579499624,3.60905899683924,5.86549879351011,,1
Table S3,9,Walsh et al. (1957),dynamic_experiment,Hugoniot,43.71,0.0,,43.71,0.0,,0,5.797,0.0,19.252289944813576,0.0,584.702500331,0.0,theory_assigned_zhuang_2021_hugoniot,3.59705547872467,3.66275479845743,5.90469343888352,,1
Table S3,10,Walsh et al. (1957),dynamic_experiment,Hugoniot,47.92,0.0,,47.92,0.0,,0,5.76,0.0,19.12941005384271,0.0,682.113325824,0.0,theory_assigned_zhuang_2021_hugoniot,4.87763506834306,4.94073074507087,7.07843939022376,,1
Table S3,11,Al'tshuler et al. (1960),dynamic_experiment,Hugoniot,104.5,0.0,,104.5,0.0,,0,5.185,0.0,17.219790126592788,0.0,2042.5422075,0.0,theory_assigned_zhuang_2021_hugoniot,2.87377066340358,2.91573475174624,3.93788527131889,,1
Table S3,12,Al'tshuler et al. (1960),dynamic_experiment,Hugoniot,185.5,0.0,,185.5,0.0,,0,4.755,0.0,15.79172652882328,0.0,4156.2906675,0.0,theory_assigned_zhuang_2021_hugoniot,6.56180589927985,6.59031655223654,5.821694987211,,1
Table S3,13,Al'tshuler et al. (1960),dynamic_experiment,Hugoniot,168.0,0.0,,168.0,0.0,,0,4.91864013864194,0.0,16.335188215168653,0.0,3683.04788,0.0,theory_assigned_zhuang_2021_hugoniot,17.8276617555882,17.8576452679566,17.4484098372278,,1
Table S3,14,Al'tshuler et al. (1960),dynamic_experiment,Hugoniot,122.0,0.0,,122.0,0.0,,0,5.19277617753256,0.0,17.24561541976498,0.0,2482.64752,0.0,theory_assigned_zhuang_2021_hugoniot,16.5799657043412,16.6180669115337,17.1496219890962,,1
Table S3,15,McQueen et al. (1960),dynamic_experiment,Hugoniot,47.7,0.0,,47.7,0.0,,0,5.72,0.0,18.996566928468805,0.0,677.0098859,0.0,theory_assigned_zhuang_2021_hugoniot,2.22142402823048,2.28456293900419,4.51570360805259,,1
Table S3,16,McQueen et al. (1960),dynamic_experiment,Hugoniot,84.3,0.0,,84.3,0.0,,0,5.328,0.0,17.69470429980451,0.0,1545.8894939,0.0,theory_assigned_zhuang_2021_hugoniot,1.405898789959,1.45334569518001,2.9566529148843,,1
Table S3,17,McQueen et al. (1960),dynamic_experiment,Hugoniot,85.7,0.0,,85.7,0.0,,0,5.321,0.0,17.671456752864074,0.0,1579.9185379,0.0,theory_assigned_zhuang_2021_hugoniot,1.83939489197522,1.88641896561451,3.3529092091498,,1
Table S3,18,McQueen et al. (1960),dynamic_experiment,Hugoniot,91.1,0.0,,91.1,0.0,,0,5.25,0.0,17.43566020532539,0.0,1711.7209171,0.0,theory_assigned_zhuang_2021_hugoniot,-0.697005552150301,-0.651571522051881,0.711201258931538,,1
Table S3,19,McQueen et al. (1960),dynamic_experiment,Hugoniot,94.3,0.0,,94.3,0.0,,0,5.215,0.0,17.31942247062322,0.0,1790.2363539,0.0,theory_assigned_zhuang_2021_hugoniot,-1.71861430688648,-1.67405171834413,-0.382306486843589,,1
Table S3,20,McQueen et al. (1960),dynamic_experiment,Hugoniot,96.8,0.0,,96.8,0.0,,0,5.122,0.0,17.010562204128885,0.0,1851.7890064,0.0,theory_assigned_zhuang_2021_hugoniot,-9.53490310391832,-9.4908422210197,-8.24183424899441,,1
Table S3,21,McQueen et al. (1960),dynamic_experiment,Hugoniot,102.4,0.0,,102.4,0.0,,0,5.165,0.0,17.153368563905836,0.0,1990.3432656,0.0,theory_assigned_zhuang_2021_hugoniot,-0.759043635256717,-0.716548121988396,0.373265966526233,,1
Table S3,22,McQueen et al. (1960),dynamic_experiment,Hugoniot,103.3,0.0,,103.3,0.0,,0,5.179,0.0,17.199863657786704,0.0,2012.6981379,0.0,theory_assigned_zhuang_2021_hugoniot,1.36423862582824,1.40649824719243,2.4651084971815,,1
Table S3,23,McQueen et al. (1960),dynamic_experiment,Hugoniot,126.7,0.0,,126.7,0.0,,0,5.03,0.0,16.705023015768898,0.0,2602.4029419,0.0,theory_assigned_zhuang_2021_hugoniot,2.10218695596457,2.13945419856984,2.64106595113908,,1
Table S3,24,McQueen et al. (1960),dynamic_experiment,Hugoniot,127.6,0.0,,127.6,0.0,,0,5.015,0.0,16.65520684375368,0.0,2625.4099776,0.0,theory_assigned_zhuang_2021_hugoniot,0.960858505421953,0.997995583236246,1.47844345328343,,1
Table S3,25,McQueen et al. (1960),dynamic_experiment,Hugoniot,139.3,0.0,,139.3,0.0,,0,4.923,0.0,16.349667655393695,0.0,2926.6994739,0.0,theory_assigned_zhuang_2021_hugoniot,-2.16616194880629,-2.13089516977553,-1.93341768759885,,1
Table S3,26,McQueen et al. (1960),dynamic_experiment,Hugoniot,139.7,0.0,,139.7,0.0,,0,4.958,0.0,16.465905390095866,0.0,2937.0721339,0.0,theory_assigned_zhuang_2021_hugoniot,2.67261754012193,2.70757834578558,2.9071310598668,,1
Table S3,27,McQueen et al. (1960),dynamic_experiment,Hugoniot,161.8,0.0,,161.8,0.0,,0,4.83,0.0,16.04080738889936,0.0,3517.5755964,0.0,theory_assigned_zhuang_2021_hugoniot,1.10481506525642,1.13661146445102,0.835623827791267,,1
Table S3,28,McQueen et al. (1960),dynamic_experiment,Hugoniot,172.8,0.0,,172.8,0.0,,0,4.802,0.0,15.947817201137623,0.0,3811.9427024,0.0,theory_assigned_zhuang_2021_hugoniot,4.79604282007216,4.82617146642855,4.30630393036049,,1
Table S3,29,McQueen et al. (1960),dynamic_experiment,Hugoniot,173.0,0.0,,173.0,0.0,,0,4.788,0.0,15.901322107256757,0.0,3817.32823,0.0,theory_assigned_zhuang_2021_hugoniot,2.83229539980726,2.86255518152586,2.33052636952021,,1
Table S3,30,Al'tshuler et al. (1962),dynamic_experiment,Hugoniot,37.396,0.0,,37.396,0.0,,0,5.778,0.0,19.18918946026097,0.0,439.60014772656,0.0,theory_assigned_zhuang_2021_hugoniot,-2.96148428619576,-2.8915450006534,-0.333556716237062,,1
Table S3,31,Al'tshuler et al. (1962),dynamic_experiment,Hugoniot,38.394,0.0,,38.394,0.0,,0,5.83,0.0,19.361885523247054,0.0,462.45613304876,0.0,theory_assigned_zhuang_2021_hugoniot,0.976461594990162,1.04576732983999,3.45209287057624,,1
Table S3,32,Al'tshuler et al. (1962),dynamic_experiment,Hugoniot,40.0,0.0,,40.0,0.0,,0,5.812,0.0,19.302106116828796,0.0,499.29876,0.0,theory_assigned_zhuang_2021_hugoniot,1.32437899314671,1.39254669174369,3.76681612373617,,1
Table S3,33,Al'tshuler et al. (1962),dynamic_experiment,Hugoniot,42.2,0.0,,42.2,0.0,,0,5.793,0.0,19.23900563227619,0.0,549.8929564,0.0,theory_assigned_zhuang_2021_hugoniot,2.08673960440134,2.15340313941616,4.47110984274352,,1
Table S3,34,Al'tshuler et al. (1962),dynamic_experiment,Hugoniot,50.0,0.0,,50.0,0.0,,0,5.651,0.0,18.767412537198815,0.0,730.43536,0.0,theory_assigned_zhuang_2021_hugoniot,-0.374785299307874,-0.313061312042151,1.95474204026145,,1
Table S3,35,Al'tshuler et al. (1962),dynamic_experiment,Hugoniot,100.23,0.0,,100.23,0.0,,0,5.173,0.0,17.179937188980617,0.0,1936.542513539,0.0,theory_assigned_zhuang_2021_hugoniot,-1.54547605549278,-1.50244023217175,-0.356560586611025,,1
Table S3,36,Al'tshuler et al. (1962),dynamic_experiment,Hugoniot,129.0,0.0,,129.0,0.0,,0,4.903,0.0,16.28324609270674,0.0,2661.24671,0.0,theory_assigned_zhuang_2021_hugoniot,-12.3210074526937,-12.2834295366646,-11.8836030517605,,1
Table S3,37,Al'tshuler et al. (1962),dynamic_experiment,Hugoniot,141.0,0.0,,141.0,0.0,,0,4.869,0.0,16.170329436138918,0.0,2970.81623,0.0,theory_assigned_zhuang_2021_hugoniot,-8.27364667437297,-8.2382571303109,-8.11020078357964,,1
Table S3,38,Al'tshuler et al. (1962),dynamic_experiment,Hugoniot,178.623,0.0,,178.623,0.0,,0,4.747,0.0,15.7651579037485,0.0,3969.23053256339,0.0,theory_assigned_zhuang_2021_hugoniot,0.464304166993713,0.494121050935803,-0.165657468821934,,1
Table S3,39,Brown et al. (1986),dynamic_experiment,Hugoniot,77.0,1.0,,77.0,1.0,,0,5.406,0.021,17.95374839428363,0.06974264082130156,1369.39927,0.0,theory_assigned_zhuang_2021_hugoniot,2.57410329103745,2.62395500737657,4.27520576518867,,1
Table S3,40,Brown et al. (1986),dynamic_experiment,Hugoniot,102.0,1.0,,102.0,1.0,,0,5.19,0.019,17.23639551726453,0.06310048455260617,1980.41552,0.0,theory_assigned_zhuang_2021_hugoniot,1.52357808604263,1.56615373882435,2.65477576868591,,1
Table S3,41,Brown et al. (1986),dynamic_experiment,Hugoniot,119.0,2.0,,119.0,2.0,,0,5.068,0.032,16.831223984874107,0.10627450029912619,2406.55231,0.0,theory_assigned_zhuang_2021_hugoniot,0.901827195490966,0.940625221089533,1.62573503710027,,1
Table S3,42,Brown et al. (1986),dynamic_experiment,Hugoniot,120.0,2.0,,120.0,2.0,,0,5.058,0.032,16.798013203530633,0.10627450029912619,2431.88756,0.0,theory_assigned_zhuang_2021_hugoniot,0.483697793318271,0.522306088921809,1.18391160674364,,1
Table S3,43,Brown et al. (1986),dynamic_experiment,Hugoniot,142.0,2.0,,142.0,2.0,,0,4.933,0.03,16.382878436737172,0.0996323440304308,2996.80752,0.0,theory_assigned_zhuang_2021_hugoniot,1.10199056496546,1.13665309890922,1.28044110370197,,1
Table S3,44,Brown et al. (1986),dynamic_experiment,Hugoniot,151.0,1.0,,151.0,1.0,,0,4.882,0.017,16.213503451885437,0.05645832828391079,3232.07103,0.0,theory_assigned_zhuang_2021_hugoniot,0.732743716422419,0.766057073996365,0.703331878573124,,1
Table S3,45,Brown et al. (1986),dynamic_experiment,Hugoniot,177.0,2.0,,177.0,2.0,,0,4.769,0.028,15.83822162270415,0.09299018776173541,3925.28927,0.0,theory_assigned_zhuang_2021_hugoniot,2.75418291223454,2.78397970932943,2.16906306659752,,1
Table S3,46,Hixson et al. (1991),dynamic_experiment,Hugoniot,162.0,0.0,,162.0,0.0,,0,4.823,0.0,16.017559841958928,0.0,3522.89552,0.0,theory_assigned_zhuang_2021_hugoniot,0.227777926234609,0.259612914372525,-0.0496223485513951,,1
Table S3,47,Brown et al. (2000),dynamic_experiment,Hugoniot,39.6,0.2,,39.6,0.2,,0,5.848,0.006,19.42166492966531,0.019926468806086162,490.1153216,0.0,theory_assigned_zhuang_2021_hugoniot,3.04728559860721,3.11578887908406,5.42816862425219,,1
Table S3,48,Brown et al. (2000),dynamic_experiment,Hugoniot,40.1,0.2,,40.1,0.2,,0,5.842,0.006,19.401738460859224,0.019926468806086162,501.5953651,0.0,theory_assigned_zhuang_2021_hugoniot,3.1373558267552,3.20550723492261,5.50890351916686,,1
Table S3,49,Brown et al. (2000),dynamic_experiment,Hugoniot,42.7,0.4,,42.7,0.4,,0,5.811,0.012,19.298785038694447,0.039852937612172325,561.4117659,0.0,theory_assigned_zhuang_2021_hugoniot,3.56723117611303,3.63360210455479,5.88960787760592,,1
Table S3,50,Brown et al. (2000),dynamic_experiment,Hugoniot,46.3,0.5,,46.3,0.5,,0,5.745,0.012,19.0795938818275,0.039852937612172325,644.5672659,0.0,theory_assigned_zhuang_2021_hugoniot,2.62246053212048,2.68646956815217,4.92631861052764,,1
Table S3,51,Brown et al. (2000),dynamic_experiment,Hugoniot,69.6,0.2,,69.6,0.2,,0,5.48,0.005,18.19950817622536,0.016605390671738468,1192.1132816,0.0,theory_assigned_zhuang_2021_hugoniot,2.82864917395899,2.88121843451744,4.68546960168636,,1
Table S3,52,Brown et al. (2000),dynamic_experiment,Hugoniot,70.5,0.4,,70.5,0.4,,0,5.464,0.011,18.146370926075797,0.03653185947782463,1213.5878675,0.0,theory_assigned_zhuang_2021_hugoniot,2.27132870066526,2.32353517718246,4.11923827244632,,1
Table S3,53,Brown et al. (2000),dynamic_experiment,Hugoniot,84.6,0.4,,84.6,0.4,,0,5.329,0.01,17.69802537793886,0.033210781343476936,1553.1765116,0.0,theory_assigned_zhuang_2021_hugoniot,1.72324858772014,1.77060727758065,3.26349751388366,,1
Table S3,54,Brown et al. (2000),dynamic_experiment,Hugoniot,89.1,0.4,,89.1,0.4,,0,5.293,0.01,17.578466565102342,0.033210781343476936,1662.8038331,0.0,theory_assigned_zhuang_2021_hugoniot,1.85498539889375,1.90100193640563,3.2892816738314,,1
Table S3,55,Brown et al. (2000),dynamic_experiment,Hugoniot,107.8,0.7,,107.8,0.7,,0,5.142,0.014,17.07698376681584,0.046495093880867706,2124.8348124,0.0,theory_assigned_zhuang_2021_hugoniot,0.826089710959323,0.867296053411565,1.82080390144932,,1
Table S3,56,Brown et al. (2000),dynamic_experiment,Hugoniot,110.2,0.6,,110.2,0.6,,0,5.123,0.009,17.013883282263233,0.02988970320912924,2184.8879484,0.0,theory_assigned_zhuang_2021_hugoniot,0.556429503906045,0.597098534494734,1.49387493042067,,1
Table S3,57,Brown et al. (2000),dynamic_experiment,Hugoniot,135.1,0.9,,135.1,0.9,,0,4.964,0.013,16.48583185890195,0.04317401574652001,2818.0746051,0.0,theory_assigned_zhuang_2021_hugoniot,0.103262907482929,0.139107656136446,0.441536555135599,,1
Table S3,58,Brown et al. (2000),dynamic_experiment,Hugoniot,161.5,2.2,,161.5,2.2,,0,4.823,0.033,16.017559841958928,0.10959557843347388,3509.5979475,0.0,theory_assigned_zhuang_2021_hugoniot,-0.12862942449209,-0.0967026524233745,-0.396652402799646,,1
Table S3,59,Brown et al. (2000),dynamic_experiment,Hugoniot,165.2,1.3,,165.2,1.3,,0,4.814,0.017,15.987670138749797,0.05645832828391079,3608.1765184,0.0,theory_assigned_zhuang_2021_hugoniot,1.18454223757311,1.2158936239378,0.841601165781952,,1
Table S3,60,Brown et al. (2000),dynamic_experiment,Hugoniot,168.7,0.9,,168.7,0.9,,0,4.802,0.012,15.947817201137623,0.039852937612172325,3701.8022499,0.0,theory_assigned_zhuang_2021_hugoniot,1.89021364338453,1.92107170678204,1.47515503467142,,1
Table S3,61,Brown et al. (2000),dynamic_experiment,Hugoniot,175.4,0.6,,175.4,0.6,,0,4.769,0.008,15.83822162270415,0.026568625074781548,3882.0475996,0.0,theory_assigned_zhuang_2021_hugoniot,1.62414443280394,1.65422304943078,1.06675903681281,,1
Table S3,62,Brown et al. (2000),dynamic_experiment,Hugoniot,175.7,0.6,,175.7,0.6,,0,4.761,0.008,15.811652997629368,0.026568625074781548,3890.1495979,0.0,theory_assigned_zhuang_2021_hugoniot,0.595941036095041,0.626075141371814,0.02712028315716,,1
Table S3,63,Brown et al. (2000),dynamic_experiment,Hugoniot,177.5,0.8,,177.5,0.8,,0,4.761,0.012,15.811652997629368,0.039852937612172325,3938.8179475,0.0,theory_assigned_zhuang_2021_hugoniot,1.86688198743644,1.89669867787899,1.26725276864684,,1
Table S3,64,Brown et al. (2000),dynamic_experiment,Hugoniot,179.4,0.8,,179.4,0.8,,0,4.777,0.012,15.864790247778933,0.039852937612172325,3990.2949116,0.0,theory_assigned_zhuang_2021_hugoniot,5.67741664928118,5.70669098132294,5.05555573479336,,1
Table S3,65,Smith et al. (2018),dynamic_experiment,Ramp,57.8,0.0,,57.8,0.0,,0,5.48575638506876,0.0,18.218625580810105,0.0,1065.39213043294,0.0,theory_assigned_zhuang_2021_isentrope,-7.35206660228718,-7.29741110870773,-5.31106263162005,,1
Table S3,66,Smith et al. (2018),dynamic_experiment,Ramp,66.2,0.2,,66.2,0.2,,0,5.39044401544402,0.00519811380467061,17.902085754116513,0.017263342096542462,1085.57022359682,0.0,theory_assigned_zhuang_2021_isentrope,-6.86758905870897,-6.81332345809676,-4.74501173055496,,1
Table S3,67,Smith et al. (2018),dynamic_experiment,Ramp,75.3,0.3,,75.3,0.3,,0,5.29838709677419,0.00502216786424103,17.59635753440672,0.016679011880954542,1107.19638068189,0.0,theory_assigned_zhuang_2021_isentrope,-6.11831494141779,-6.06427682998972,-3.96137443895004,,1
Table S3,68,Smith et al. (2018),dynamic_experiment,Ramp,84.7,0.4,,84.7,0.4,,0,5.20942164179104,0.00485500618992596,17.300896307149884,0.01612385489948581,1129.28254286851,0.0,theory_assigned_zhuang_2021_isentrope,-5.50502020612942,-5.4510164679921,-3.35892745887476,,1
Table S3,69,Smith et al. (2018),dynamic_experiment,Ramp,94.6,0.5,,94.6,0.5,,0,5.12339449541284,0.00469605361632652,17.015193432352916,0.015595960982906417,1152.26787120619,0.0,theory_assigned_zhuang_2021_isentrope,-4.84132399066679,-4.78715640205331,-2.75107607363172,,1
Table S3,70,Smith et al. (2018),dynamic_experiment,Ramp,104.7,0.6,,104.7,0.6,,0,5.04471544715447,0.00455299228082584,16.753894165550758,0.015120843109704529,1175.42865890731,0.0,theory_assigned_zhuang_2021_isentrope,-3.89156202451934,-3.83705801792441,-1.89509693693574,,1
Table S3,71,Smith et al. (2018),dynamic_experiment,Ramp,115.2,0.7,,115.2,0.7,,0,4.964,0.00440852575488382,16.48583185890195,0.014641058489253315,1199.20014764698,0.0,theory_assigned_zhuang_2021_isentrope,-3.52113087176542,-3.46602099087237,-1.66353935315226,,1
Table S3,72,Smith et al. (2018),dynamic_experiment,Ramp,126.1,0.8,,126.1,0.8,,0,4.89010507880911,0.00854913475316277,16.240421051895538,0.02839234449632084,1223.54972266918,0.0,theory_assigned_zhuang_2021_isentrope,-2.63610481862727,-2.58022582837711,-0.948590345062243,,1
Table S3,73,Smith et al. (2018),dynamic_experiment,Ramp,137.3,0.9,,137.3,0.9,,0,4.81422413793103,0.00828610006528585,15.988414518331618,0.027518785745837833,1248.22535955337,0.0,theory_assigned_zhuang_2021_isentrope,-2.49643586405688,-2.439458556342,-1.02532892973244,,1
Table S3,74,Smith et al. (2018),dynamic_experiment,Ramp,149.1,1.0,,149.1,1.0,,0,4.7446898895497,0.00804866817565664,15.75748584644408,0.02673025588879341,1273.84947951136,0.0,theory_assigned_zhuang_2021_isentrope,-1.6112142746978,-1.5529868183329,-0.380316298385736,,1
Table S3,75,Smith et al. (2018),dynamic_experiment,Ramp,161.3,1.2,,161.3,1.2,,0,4.67713567839196,0.0078212971210565,15.533133032885004,0.025975138850977304,1299.94369223353,0.0,theory_assigned_zhuang_2021_isentrope,-0.774066577035114,-0.714333933832052,0.185475094956644,,1
Table S3,76,Smith et al. (2018),dynamic_experiment,Ramp,173.9,1.3,,173.9,1.3,,0,4.61147811725846,0.00760342640932965,15.315079142249939,0.025251573194146497,1326.47297188882,0.0,theory_assigned_zhuang_2021_isentrope,0.0072409869301282,0.0687470610681657,0.66630342597108,,1
Table S3,77,Smith et al. (2018),dynamic_experiment,Ramp,187.0,1.5,,187.0,1.5,,0,4.54763843648209,0.0110827906656752,15.1030625743198,0.036806813747326625,1353.607353666,0.0,theory_assigned_zhuang_2021_isentrope,0.823168419623101,0.886725241406793,1.15466898098359,,1
Table S3,78,Smith et al. (2018),dynamic_experiment,Ramp,201.0,1.6,,201.0,1.6,,0,4.4855421686747,0.0107825532900829,14.896836017080078,0.035809701964133106,1382.107823622,0.0,theory_assigned_zhuang_2021_isentrope,2.0590697185192,2.12495113003055,2.0377833220559,,1
Table S3,79,Smith et al. (2018),dynamic_experiment,Ramp,215.0,1.8,,215.0,1.8,,0,4.42511885895404,0.0104943530251873,14.696165484361876,0.03485256636607511,1410.10044425,0.0,theory_assigned_zhuang_2021_isentrope,2.82315595747912,2.89168866396074,2.427604209094,,1
Table S3,80,Smith et al. (2018),dynamic_experiment,Ramp,229.0,1.9,,229.0,1.9,,0,4.36630179827991,0.0136127881474035,14.500829430230421,0.04520913306384921,1437.592163358,0.0,theory_assigned_zhuang_2021_isentrope,3.10728869165297,3.17881290061933,2.31847637528813,,1
Table S3,81,Smith et al. (2018),dynamic_experiment,Ramp,244.0,2.1,,244.0,2.1,,0,4.31235521235521,0.013278999884081,14.321668603293192,0.04410059616102697,1466.499622848,0.0,theory_assigned_zhuang_2021_isentrope,4.72242694516649,4.79701377473043,3.54676715141613,,1
Table S3,82,Smith et al. (2018),dynamic_experiment,Ramp,259.0,2.3,,259.0,2.3,,0,4.25647865853659,0.0129376251019346,14.136098202183472,0.04296686383642285,1494.848589138,0.0,theory_assigned_zhuang_2021_isentrope,5.03611988093198,5.11435741008714,3.4373697650793,,1
Table S3,83,Smith et al. (2018),dynamic_experiment,Ramp,275.0,2.5,,275.0,2.5,,0,4.2020316027088,0.0126092471199062,13.95527527559419,0.04187629490050711,1524.48153125,0.0,theory_assigned_zhuang_2021_isentrope,5.83080425189348,5.91303370360191,3.79764335206869,,1
Table S3,84,Smith et al. (2018),dynamic_experiment,Ramp,291.0,2.7,,291.0,2.7,,0,4.15204460966543,0.0153779429987608,13.789264565996064,0.05107135024442969,1553.499126162,0.0,theory_assigned_zhuang_2021_isentrope,7.03902295448239,7.12533430054594,4.58965961666473,,1
Table S3,85,Smith et al. (2018),dynamic_experiment,Ramp,307.0,2.8,,307.0,2.8,,0,4.10022026431718,0.0149971480040865,13.617151865833106,0.04980670031394783,1581.911744946,0.0,theory_assigned_zhuang_2021_isentrope,6.83535416163568,6.92644099383079,3.94038455199512,,1
Table S3,86,Smith et al. (2018),dynamic_experiment,Ramp,324.0,3.0,,324.0,3.0,,0,4.05261248185777,0.0146515274109102,13.459042700482376,0.048658867319169734,1611.448878528,0.0,theory_assigned_zhuang_2021_isentrope,8.07534683218273,8.17124084844238,4.75911759074364,,1
Table S3,87,Smith et al. (2018),dynamic_experiment,Ramp,342.0,3.3,,342.0,3.3,,0,4.00322580645161,0.0171444360019337,13.295025692662852,0.056938011531745394,1642.005672336,0.0,theory_assigned_zhuang_2021_isentrope,8.81409904628953,8.91553069622768,5.05291718756746,,1
Table S3,88,Smith et al. (2018),dynamic_experiment,Ramp,360.0,3.5,,360.0,3.5,,0,3.9578313253012,0.016758636522094,13.144267073894168,0.05565674131500706,1671.838632,0.0,theory_assigned_zhuang_2021_isentrope,10.0593578709174,10.1663773396721,5.88464669457744,,1
Table S3,89,Smith et al. (2018),dynamic_experiment,Ramp,378.0,3.7,,378.0,3.7,,0,3.91071428571429,0.0163628212791398,12.987787703966887,0.054342207966390346,1700.962524144,0.0,theory_assigned_zhuang_2021_isentrope,9.74116275045935,9.85461601985492,5.1369476045424,,1
Table S3,90,Smith et al. (2018),dynamic_experiment,Ramp,397.0,3.9,,397.0,3.9,,0,3.86738227146814,0.0186572542386472,12.843878698936756,0.06196219909893704,1730.951476206,0.0,theory_assigned_zhuang_2021_isentrope,10.9644836329846,11.084359948872,5.96790933987387,,1
Table S3,91,Smith et al. (2018),dynamic_experiment,Ramp,416.0,4.2,,416.0,4.2,,0,3.8223819301848,0.0182266168333065,12.694429049462471,0.06053201862822782,1760.184206912,0.0,theory_assigned_zhuang_2021_isentrope,10.5458836443663,10.6731104686611,5.1495868250517,,1
Table S3,92,Smith et al. (2018),dynamic_experiment,Ramp,435.0,4.4,,435.0,4.4,,0,3.78097494922139,0.0178347874963274,12.556913230375539,0.05923072278479057,1788.67808325,0.0,theory_assigned_zhuang_2021_isentrope,10.7331026318828,10.8676774061625,4.97997360356834,,1
Table S3,93,Smith et al. (2018),dynamic_experiment,Ramp,456.0,4.7,,456.0,4.7,,0,3.73795180722892,0.0199091973753869,12.41403001423341,0.06612000007580991,1819.332620352,0.0,theory_assigned_zhuang_2021_isentrope,11.1726379089377,11.3155056132348,5.06512142011945,,1
Table S3,94,Smith et al. (2018),dynamic_experiment,Ramp,476.0,4.9,,476.0,4.9,,0,3.69834437086093,0.0194906159202159,12.28249062335411,0.06472985835759806,1847.729454272,0.0,theory_assigned_zhuang_2021_isentrope,11.2833440242682,11.4345056716817,4.86941184870608,,1
Table S3,95,Smith et al. (2018),dynamic_experiment,Ramp,497.0,5.2,,497.0,5.2,,0,3.65717092337917,0.0190601741935068,12.145750387206725,0.06330032775091361,1876.730795606,0.0,theory_assigned_zhuang_2021_isentrope,10.5773743951601,10.7378979726959,3.87084589032543,,1
Table S3,96,Smith et al. (2018),dynamic_experiment,Ramp,519.0,5.5,,519.0,5.5,,0,3.61924821775761,0.0209879084792641,12.019806118771658,0.06970248393617455,1906.242477498,0.0,theory_assigned_zhuang_2021_isentrope,11.5727778285141,11.7425667873776,4.62612330529794,,1
Table S3,97,Smith et al. (2018),dynamic_experiment,Ramp,541.0,5.8,,541.0,5.8,,0,3.57980769230769,0.0205342697455508,11.888821052092744,0.06819591425674613,1934.889787662,0.0,theory_assigned_zhuang_2021_isentrope,10.6800005587494,10.8602477541865,3.5196777188055,,1
Table S3,98,Smith et al. (2018),dynamic_experiment,Ramp,563.0,6.1,,563.0,6.1,,0,3.54346446700508,0.0223421467024281,11.768122361208576,0.07420001488782238,1962.699686834,0.0,theory_assigned_zhuang_2021_isentrope,10.5560316536928,10.7466345509973,3.23813039414654,,1
Table S3,99,Smith et al. (2018),dynamic_experiment,Ramp,586.0,6.4,,586.0,6.4,,0,3.50785175879397,0.0218967026141947,11.649849774663753,0.07272066026631599,1990.907563632,0.0,theory_assigned_zhuang_2021_isentrope,10.8686036414935,11.0700821025209,3.43945863312115,,1
Table S3,100,Smith et al. (2018),dynamic_experiment,Ramp,610.0,6.7,,610.0,6.7,,0,3.47294776119403,0.0214644484622624,11.533930871433268,0.07128511045385262,2019.430782,0.0,theory_assigned_zhuang_2021_isentrope,11.6117693801552,11.8246579506706,4.12186205286014,,1
Table S3,101,Smith et al. (2018),dynamic_experiment,Ramp,634.0,7.0,,634.0,7.0,,0,3.43661538461538,0.023106827158172,11.413268210009027,0.07673957842915648,2047.058043888,0.0,theory_assigned_zhuang_2021_isentrope,10.2961026344809,10.521785323283,2.80091587561628,,1
Table S3,102,Smith et al. (2018),dynamic_experiment,Ramp,658.0,7.4,,658.0,7.4,,0,3.40310786106033,0.0226599191717094,11.30198710619421,0.07525536208725019,2073.824351664,0.0,theory_assigned_zhuang_2021_isentrope,9.86459884531075,10.102891413168,2.42544650443665,,1
Table S3,103,Smith et al. (2018),dynamic_experiment,Ramp,684.0,7.7,,684.0,7.7,,0,3.37024743512372,0.0242318569331847,11.192855064130784,0.08047589021544126,2101.890218688,0.0,theory_assigned_zhuang_2021_isentrope,10.834831127029,11.0862846404311,3.51554589975547,,1
Table S3,104,Smith et al. (2018),dynamic_experiment,Ramp,709.0,8.1,,709.0,8.1,,0,3.33602150537634,0.0237439253051699,11.079188077219039,0.07885543115458464,2128.003919838,0.0,theory_assigned_zhuang_2021_isentrope,8.62194600424459,8.88812236372769,1.50330183147241,,1
Table S3,105,Smith et al. (2018),dynamic_experiment,Ramp,735.0,8.5,,735.0,8.5,,0,3.30443786982249,0.02522471656353,10.974296355777941,0.08377325462425758,2154.29763825,0.0,theory_assigned_zhuang_2021_isentrope,8.37561557961351,8.65623570750631,1.52111376729317,,1
Table S3,106,Smith et al. (2018),dynamic_experiment,Ramp,762.0,8.9,,762.0,8.9,,0,3.27344665885111,0.024755559374674,10.871372122663935,0.08221514694277587,2180.716767216,0.0,theory_assigned_zhuang_2021_isentrope,8.5207696265461,8.81645234023756,2.00762342662279,,1
Table S3,107,Smith et al. (2018),dynamic_experiment,Ramp,789.0,9.4,,789.0,9.4,,0,3.24303135888502,0.0261534787006856,10.770360534996927,0.08685774624997507,2206.282517118,0.0,theory_assigned_zhuang_2021_isentrope,8.05918727979201,8.37058788205638,1.96884180206143,,1
Table S3,108,Smith et al. (2018),dynamic_experiment,Ramp,817.0,9.9,,817.0,9.9,,0,3.21317606444189,0.0256760644418872,10.671208769427336,0.08527221619405388,2231.947062486,0.0,theory_assigned_zhuang_2021_isentrope,7.97601925157903,8.30378366488469,2.39496046812849,,1
Table S3,109,Smith et al. (2018),dynamic_experiment,Ramp,846.0,10.4,,846.0,10.4,,0,3.18386545039909,0.0269971632311958,10.573865930025487,0.0896596884965399,2257.676480592,0.0,theory_assigned_zhuang_2021_isentrope,8.26490983374686,8.60969803536796,3.28436618429316,,1
Table S3,110,Smith et al. (2018),dynamic_experiment,Ramp,875.0,11.0,,875.0,11.0,,0,3.15508474576271,0.026513317191283,10.478282961166487,0.08805279799299477,2282.60028125,0.0,theory_assigned_zhuang_2021_isentrope,7.92670459845806,8.28921078324993,3.64229969953431,,1
Table S3,111,Smith et al. (2018),dynamic_experiment,Ramp,904.0,11.6,,904.0,11.6,,0,3.12506994963626,0.0277321792535661,10.37860147804403,0.09210073413682912,2306.780217408,0.0,theory_assigned_zhuang_2021_isentrope,5.07251586667496,5.45465738232895,1.63720225015766,,1
Table S3,112,Smith et al. (2018),dynamic_experiment,Ramp,935.0,12.2,,935.0,12.2,,0,3.0973377703827,0.0272443124387705,10.28650074390722,0.09048049032573759,2331.87500825,0.0,theory_assigned_zhuang_2021_isentrope,5.40415504866894,5.80544480162814,2.87841469191301,,1
Table S3,113,Smith et al. (2018),dynamic_experiment,Ramp,965.0,12.9,,965.0,12.9,,0,3.07009345794392,0.0284267912772589,10.196020253581453,0.09440759494057027,2355.48920675,0.0,theory_assigned_zhuang_2021_isentrope,4.09413801385119,4.51532783426399,2.58823753023,,1
Table S3,114,Smith et al. (2018),dynamic_experiment,Ramp,996.0,13.5,,996.0,13.5,,0,3.0433242506812,0.0295627827912908,10.107117624667412,0.09818031151862615,2379.270508992,0.0,theory_assigned_zhuang_2021_isentrope,3.12164919299209,3.56346458825419,2.75174423576129,,1
Table S3,115,Smith et al. (2018),dynamic_experiment,Ramp,1028.0,14.0,,1028.0,14.0,,0,3.01701782820097,0.0290563514754507,10.019751940175407,0.09649841354904067,2403.237047744,0.0,theory_assigned_zhuang_2021_isentrope,2.47989025427591,2.94306976051416,3.36725574999286,,1
Table S3,116,Smith et al. (2018),dynamic_experiment,Ramp,1061.0,15.0,,1061.0,15.0,,0,2.99116229244778,0.0301336604223268,9.933883685733642,0.10007624073644802,2427.420301982,0.0,theory_assigned_zhuang_2021_isentrope,2.16194793660452,2.64724283056194,4.43304003235403,,1
Table S3,117,Smith et al. (2018),dynamic_experiment,Ramp,1094.0,16.0,,1094.0,16.0,,0,2.96574614976102,0.0311691660510878,9.849474689997182,0.10351523583812013,2451.153202448,0.0,theory_assigned_zhuang_2021_isentrope,1.16690758416371,1.67509904898611,4.95297583373394,,1
Table S3,118,Smith et al. (2018),dynamic_experiment,Ramp,1164.0,19.0,,1164.0,19.0,,0,2.91771159874608,0.0331558136221144,9.689948192928258,0.11011304764691153,2500.418674368,0.0,theory_assigned_zhuang_2021_isentrope,3.31067967001741,3.86539504471943,10.4281325799527,,1
Table S3,119,Smith et al. (2018),dynamic_experiment,Ramp,1199.0,20.0,,1199.0,20.0,,0,2.8950233281493,0.0326450605941999,9.614598673543126,0.10841679693385281,2524.716448778,0.0,theory_assigned_zhuang_2021_isentrope,4.53204165252782,5.11034291310352,13.4576785772947,,1
Table S3,120,Smith et al. (2018),dynamic_experiment,Ramp,1236.0,21.0,,1236.0,21.0,,0,2.87120822622108,0.0335557871966898,9.535506859262053,0.11144139113975078,2550.319492032,0.0,theory_assigned_zhuang_2021_isentrope,4.8194314186585,5.423696277114,15.8211505279699,,1
Table S3,121,Smith et al. (2018),dynamic_experiment,Ramp,1273.0,22.0,,1273.0,22.0,,0,2.84923469387755,0.0344665487162601,9.462531041461576,0.11446610130800097,2575.962991974,0.0,theory_assigned_zhuang_2021_isentrope,6.73949241796163,7.36881730660366,19.8318107138994,,1
Table S3,122,Smith et al. (2018),dynamic_experiment,Ramp,1312.0,23.0,,1312.0,23.0,,0,2.82616396761134,0.0353093948976926,9.385911356915344,0.11726525933177491,2603.177764416,0.0,theory_assigned_zhuang_2021_isentrope,7.62482423634674,8.28170660546607,23.1048887554296,,1
Table S3,123,Smith et al. (2018),dynamic_experiment,Ramp,1350.0,25.0,,1350.0,25.0,,0,2.80487192365645,0.0361560089316151,9.315198815301189,0.12007693068806682,2630.01825,0.0,theory_assigned_zhuang_2021_isentrope,9.22142415882331,9.90489278298696,27.093836926168,,1
Table S3,124,Smith et al. (2018),dynamic_experiment,Ramp,1374.0,26.0,,1374.0,26.0,,0,2.79225,0.0371932659102123,9.273280420632346,0.12352174215938552,2647.198085328,0.0,theory_assigned_zhuang_2021_isentrope,11.0614247334931,11.7611875084854,30.44305425475,,1
Table S3,125,Huang et al. (2022),dynamic_experiment,Hugoniot,126.3,0.7,,126.3,0.7,,0,5.01301615798923,0.0134637855630864,16.648618349429714,0.04471428383911239,2521.0,180.0,model_calculated_huang_2022,0.521574060924152,0.559591811242797,1.13578400727342,,1
Table S3,126,Huang et al. (2022),dynamic_experiment,Hugoniot,180.1,0.9,,180.1,0.9,,0,4.7446898895497,0.0120627709056347,15.75748584644408,0.04006140469434893,3919.0,273.0,model_calculated_huang_2022,2.12248299037463,2.15266126784738,1.52145893703323,,1
Table S3,127,Huang et al. (2022),dynamic_experiment,Hugoniot,56.8,0.6,,56.8,0.6,,0,5.60130391173521,0.016803911735205,18.602367945100006,0.05580710383529793,1073.0,56.0,model_calculated_huang_2022,0.0762829379457557,0.131095641896557,1.9138897443245,,1
Table S3,128,Huang et al. (2022),dynamic_experiment,Hugoniot,65.5,1.3,,65.5,1.3,,0,5.53468780971259,0.0327173663628333,18.38113066527721,0.1086569300410484,1167.0,89.0,model_calculated_huang_2022,3.11666345069554,3.16976547439329,4.92493874288679,,1
Table S3,129,Huang et al. (2022),dynamic_experiment,Hugoniot,74.8,0.4,,74.8,0.4,,0,5.39044401544402,0.0103862119758071,17.902085754116513,0.034493421491553114,1416.0,80.0,model_calculated_huang_2022,-1.38425272397451,-1.33505482006841,0.271383601469751,,1
Table S3,130,Huang et al. (2022),dynamic_experiment,Hugoniot,83.5,1.0,,83.5,1.0,,0,5.31857142857143,0.0201843317972346,17.66339127739495,0.06703374298821471,1570.0,110.0,model_calculated_huang_2022,-0.481283922393558,-0.434142614561779,1.04742422744076,,1
Table S3,131,Huang et al. (2022),dynamic_experiment,Hugoniot,103.3,0.5,,103.3,0.5,,0,5.17083333333333,0.00955791743684475,17.17274151968952,0.03174259060940565,1960.0,120.0,model_calculated_huang_2022,1.05968679855688,1.10248380225256,2.22328930776823,,1
Table S3,132,Huang et al. (2022),dynamic_experiment,Hugoniot,124.4,0.7,,124.4,0.7,,0,5.02203237410072,0.0135121947285217,16.678561907612135,0.04487505445994158,2477.0,170.0,model_calculated_huang_2022,0.170454879724403,0.208809062275407,0.826987420949095,,1
Table S3,133,Huang et al. (2022),dynamic_experiment,Hugoniot,143.7,1.2,,143.7,1.2,,0,4.91160949868074,0.0172186134923074,16.31183891052304,0.057184360773086286,2966.0,225.0,model_calculated_huang_2022,0.299864130564288,0.334914527433398,0.495190219584316,,1
Table S3,134,Huang et al. (2022),dynamic_experiment,Hugoniot,150.7,1.5,,150.7,1.5,,0,4.85608695652174,0.0210220214568038,16.12744420979539,0.06981577579997915,3250.0,268.0,model_calculated_huang_2022,-3.37628636627312,-3.34286576739834,-3.43389234600832,,1
Table S4,3,Li et al. (2018),ab_initio,,360.0,0.0,,360.0,0.0,,0,3.98039914468995,0.0,13.219216565406054,0.0,2000.0,0.0,ab_initio_calculated,15.3980326831271,15.4952290267594,11.3797974930687,,1
Table S4,4,Li et al. (2018),ab_initio,,360.0,0.0,,360.0,0.0,,0,4.04088277858177,0.0,13.420087439410066,0.0,4000.0,0.0,ab_initio_calculated,15.778210716098,15.8439370880595,12.3513974614457,,1
Table S4,5,Li et al. (2018),ab_initio,,360.0,0.0,,360.0,0.0,,0,4.13973313565604,0.0,13.748377198861888,0.0,6700.0,0.0,ab_initio_calculated,17.324370274748,17.3627499521235,14.6837356602496,,1
Table S4,6,Zhuang et al. (2021),ab_initio,,397.62254,0.0,,397.62254,0.0,,0,3.82340434,0.0,12.697824552344075,0.0,300.0,0.0,ab_initio_calculated,-0.214510922590762,-0.0523419807331038,-5.11345771564328,,1
Table S4,7,Zhaung et al. (2021),ab_initio,,392.67772,0.0,,392.67772,0.0,,0,3.83531792,0.0,12.737390482383876,0.0,300.0,0.0,ab_initio_calculated,0.0487081998903136,0.20871289268797,-4.7396421665938,,1
Table S4,8,Zhaung et al. (2021),ab_initio,,387.85063,0.0,,387.85063,0.0,,0,3.84631646,0.0,12.773917493087625,0.0,300.0,0.0,ab_initio_calculated,-0.0350681695138064,0.122981096146248,-4.72064461322884,,1
Table S4,9,Zhaung et al. (2021),ab_initio,,383.37675,0.0,,383.37675,0.0,,0,3.85639996,0.0,12.807405584455319,0.0,300.0,0.0,ab_initio_calculated,-0.21402423459142,-0.0577325008264893,-4.80487744438017,,1
Table S4,10,Zhaung et al. (2021),ab_initio,,378.54966,0.0,,378.54966,0.0,,0,3.87106468,0.0,12.856108265393651,0.0,300.0,0.0,ab_initio_calculated,1.11483350741253,1.26862802369794,-3.33752720474706,,1
Table S4,11,Zhaung et al. (2021),ab_initio,,373.95805,0.0,,373.95805,0.0,,0,3.8838933,0.0,12.898713114769507,0.0,300.0,0.0,ab_initio_calculated,1.82218180994249,1.97384762885582,-2.50843031978479,,1
Table S4,12,Zhaung et al. (2021),ab_initio,,368.89549,0.0,,368.89549,0.0,,0,3.89489184,0.0,12.935240125473255,0.0,300.0,0.0,ab_initio_calculated,1.23970349597971,1.38958482506081,-2.98617084102489,,1
Table S4,13,Zhaung et al. (2021),ab_initio,,363.47974,0.0,,363.47974,0.0,,0,3.90589038,0.0,12.971767136177004,0.0,300.0,0.0,ab_initio_calculated,0.246842114044512,0.394975588484272,-3.87403297512805,,1
Table S4,14,Zhaung et al. (2021),ab_initio,,359.24132,0.0,,359.24132,0.0,,0,3.91597388,0.0,13.005255227544698,0.0,300.0,0.0,ab_initio_calculated,0.0138199122720266,0.160382513901197,-4.01061509591602,,1
Table S4,15,Zhaung et al. (2021),ab_initio,,355.00291,0.0,,355.00291,0.0,,0,3.92605136,0.0,13.038723326022025,0.0,300.0,0.0,ab_initio_calculated,-0.268245896456619,-0.123223627784114,-4.19617753998233,,1
Table S4,16,Zhaung et al. (2021),ab_initio,,350.99996,0.0,,350.99996,0.0,,0,3.93797096,0.0,13.078309248952195,0.0,300.0,0.0,ab_initio_calculated,0.349004703734067,0.492242536791196,-3.46468829728548,,1
Table S4,17,Zhaung et al. (2021),ab_initio,,346.87928,0.0,,346.87928,0.0,,0,3.94438226,0.0,13.099601677194938,0.0,300.0,0.0,ab_initio_calculated,-1.31282741831899,-1.1705328906105,-5.06505479539879,,1
Table S4,18,Zhaung et al. (2021),ab_initio,,343.1118,0.0,,343.1118,0.0,,0,3.9572169,0.0,13.142226519461163,0.0,300.0,0.0,ab_initio_calculated,-0.212414333600009,-0.0719741486396401,-3.8416070623465,,1
Table S4,19,Zhaung et al. (2021),ab_initio,,338.40245,0.0,,338.40245,0.0,,0,3.97004552,0.0,13.184831368837019,0.0,300.0,0.0,ab_initio_calculated,-0.127644070473991,0.0109871361889873,-3.63394466507725,,1
Table S4,20,Zhaung et al. (2021),ab_initio,,333.22216,0.0,,333.22216,0.0,,0,3.98654634,0.0,13.239631881337825,0.0,300.0,0.0,ab_initio_calculated,0.755392239298374,0.891760404546744,-2.59309020071237,,1
Table S4,21,Zhaung et al. (2021),ab_initio,,335.8123,0.0,,335.8123,0.0,,0,3.97829894,0.0,13.212241621532607,0.0,300.0,0.0,ab_initio_calculated,0.329341020323909,0.466831439981945,-3.09797759613087,,1
Table S4,22,Zhaung et al. (2021),ab_initio,,330.16108,0.0,,330.16108,0.0,,0,3.99754488,0.0,13.276158892041574,0.0,300.0,0.0,ab_initio_calculated,1.67250771745984,1.80740634833063,-1.57101175556721,,1
Table S4,23,Zhaung et al. (2021),ab_initio,,326.15813,0.0,,326.15813,0.0,,0,4.00579228,0.0,13.303549151846791,0.0,300.0,0.0,ab_initio_calculated,0.61997567210426,0.753792323296352,-2.54498887766562,,1
Table S4,24,Zhaung et al. (2021),ab_initio,,322.27292,0.0,,322.27292,0.0,,0,4.01954196,0.0,13.34921291344907,0.0,300.0,0.0,ab_initio_calculated,1.59219641953757,1.72424654641549,-1.44215066664611,,1
Table S4,25,Zhaung et al. (2021),ab_initio,,317.44583,0.0,,317.44583,0.0,,0,4.02687432,0.0,13.373564253918238,0.0,300.0,0.0,ab_initio_calculated,-0.6755049837667,-0.544378170019797,-3.64039742148583,,1
Table S4,26,Zhaung et al. (2021),ab_initio,,313.08968,0.0,,313.08968,0.0,,0,4.04336912,0.0,13.428344773528677,0.0,300.0,0.0,ab_initio_calculated,0.648511766152353,0.777608059391696,-2.16071970278892,,1
Table S4,27,Zhaung et al. (2021),ab_initio,,308.49807,0.0,,308.49807,0.0,,0,4.0571188,0.0,13.47400853513095,0.0,300.0,0.0,ab_initio_calculated,0.711204698075505,0.838656554590784,-1.96896339493844,,1
Table S4,28,Zhaung et al. (2021),ab_initio,,304.14192,0.0,,304.14192,0.0,,0,4.06445116,0.0,13.498359875600118,0.0,300.0,0.0,ab_initio_calculated,-1.19237108314638,-1.06577866307958,-3.80399669213489,,1
Table S4,29,Zhaung et al. (2021),ab_initio,,300.13897,0.0,,300.13897,0.0,,0,4.07820084,0.0,13.544023637202397,0.0,300.0,0.0,ab_initio_calculated,-0.650622578655543,-0.525609641390588,-3.13429303243129,,1
Table S4,30,Zhaung et al. (2021),ab_initio,,295.78282,0.0,,295.78282,0.0,,0,4.09286556,0.0,13.592726318140727,0.0,300.0,0.0,ab_initio_calculated,-0.236580415811488,-0.113206859223624,-2.58467012705103,,1
Table S4,31,Zhaung et al. (2021),ab_initio,,291.66214,0.0,,291.66214,0.0,,0,4.1038641,0.0,13.629253328844475,0.0,300.0,0.0,ab_initio_calculated,-0.830851492148554,-0.708677558331658,-3.07790239016919,,1
Table S4,32,Zhaung et al. (2021),ab_initio,,287.65919,0.0,,287.65919,0.0,,0,4.11852882,0.0,13.677956009782807,0.0,300.0,0.0,ab_initio_calculated,-0.199042837577281,-0.0784294698619874,-2.31229447223018,,1
Table S4,33,Zhaung et al. (2021),ab_initio,,283.65624,0.0,,283.65624,0.0,,0,4.12952736,0.0,13.714483020486556,0.0,300.0,0.0,ab_initio_calculated,-0.775465709898299,-0.655994202767431,-2.78909401941121,,1
Table S4,34,Zhaung et al. (2021),ab_initio,,272.707,0.0,,272.707,0.0,,0,4.16435306,0.0,13.830141891269907,0.0,300.0,0.0,ab_initio_calculated,-1.14783357506207,-1.03182187236013,-2.85043898977864,,1
Table S4,35,Zhaung et al. (2021),ab_initio,,270.58779,0.0,,270.58779,0.0,,0,4.17260046,0.0,13.857532151075127,0.0,300.0,0.0,ab_initio_calculated,-0.82156971866749,-0.70634379194405,-2.45156245237388,,1
Table S4,36,Zhaung et al. (2021),ab_initio,,260.22722,0.0,,260.22722,0.0,,0,4.20651112,0.0,13.970152102522427,0.0,300.0,0.0,ab_initio_calculated,-1.35813155053563,-1.24600744276864,-2.69406997791651,,1
Table S4,37,Zhaung et al. (2021),ab_initio,,258.22574,0.0,,258.22574,0.0,,0,4.21292844,0.0,13.991464523655537,0.0,300.0,0.0,ab_initio_calculated,-1.54145141861994,-1.42989161241479,-2.82258986878452,,1
Table S4,38,Zhaung et al. (2021),ab_initio,,247.74744,0.0,,247.74744,0.0,,0,4.25050528,0.0,14.116260145337419,0.0,300.0,0.0,ab_initio_calculated,-1.62651313343758,-1.51811922367304,-2.59247598923125,,1
Table S4,39,Zhaung et al. (2021),ab_initio,,245.62823,0.0,,245.62823,0.0,,0,4.2569226,0.0,14.137572566470533,0.0,300.0,0.0,ab_initio_calculated,-2.01308236979074,-1.90520619128179,-2.92622402166057,,1
Table S4,40,Zhaung et al. (2021),ab_initio,,243.15582,0.0,,243.15582,0.0,,0,4.2670061,0.0,14.171060657838225,0.0,300.0,0.0,ab_initio_calculated,-1.78736768390914,-1.6802919257633,-2.61812054510918,,1
Table S4,41,Zhaung et al. (2021),ab_initio,,233.38391,0.0,,233.38391,0.0,,0,4.3036679,0.0,14.292817360184054,0.0,300.0,0.0,ab_initio_calculated,-1.99478835893663,-1.89049215119837,-2.53241575150665,,1
Table S4,42,Zhaung et al. (2021),ab_initio,,230.79377,0.0,,230.79377,0.0,,0,4.31100026,0.0,14.317168700653221,0.0,300.0,0.0,ab_initio_calculated,-2.71718571846247,-2.61342160837901,-3.19742458168261,,1
Table S4,43,Zhaung et al. (2021),ab_initio,,221.02187,0.0,,221.02187,0.0,,0,4.34949214,0.0,14.445003241671156,0.0,300.0,0.0,ab_initio_calculated,-2.92274202892469,-2.8216472207159,-3.10867377489521,,1
Table S4,44,Zhaung et al. (2021),ab_initio,,217.72532,0.0,,217.72532,0.0,,0,4.36324182,0.0,14.490667003273433,0.0,300.0,0.0,ab_initio_calculated,-2.89686407218605,-2.79667402035881,-2.98055034061315,,1
Table S4,45,Wu et al. (2023),ab_initio,,150.96,0.0,,150.96,0.0,,0,4.65375,0.0,15.455467367720576,0.0,1000.0,0.0,ab_initio_calculated,-12.7233468731118,-12.6557065324133,-11.603699834556,,1
Table S4,46,Wu et al. (2023),ab_initio,,159.69,0.0,,159.69,0.0,,0,4.65375,0.0,15.455467367720576,0.0,2000.0,0.0,ab_initio_calculated,-13.0552276310071,-13.0062108929824,-12.6893981943382,,1
Table S4,47,Wu et al. (2023),ab_initio,,169.61,0.0,,169.61,0.0,,0,4.65375,0.0,15.455467367720576,0.0,3000.0,0.0,ab_initio_calculated,-13.53754837884,-13.4988503000096,-13.7645583150735,,1
Table S4,48,Wu et al. (2023),ab_initio,,180.84,0.0,,180.84,0.0,,0,4.65375,0.0,15.455467367720576,0.0,4000.0,0.0,ab_initio_calculated,-13.1008739451925,-13.0696098941535,-13.8644586089009,,1
Table S4,49,Wu et al. (2023),ab_initio,,193.4,0.0,,193.4,0.0,,0,4.65375,0.0,15.455467367720576,0.0,5000.0,0.0,ab_initio_calculated,-11.4970926774958,-11.4720068338915,-12.7727526862835,,1
Table S4,50,Wu et al. (2023),ab_initio,,230.45,0.0,,230.45,0.0,,0,4.29576923076923,0.0,14.2665852625113,0.0,1000.0,0.0,ab_initio_calculated,-9.43638687493689,-9.34861525819076,-10.45968270842,,1
Table S4,51,Wu et al. (2023),ab_initio,,239.43,0.0,,239.43,0.0,,0,4.29576923076923,0.0,14.2665852625113,0.0,2000.0,0.0,ab_initio_calculated,-8.97845318561525,-8.91252243602375,-10.487974204047,,1
Table S4,52,Wu et al. (2023),ab_initio,,249.41,0.0,,249.41,0.0,,0,4.29576923076923,0.0,14.2665852625113,0.0,3000.0,0.0,ab_initio_calculated,-9.24619623155618,-9.19261233373513,-11.0120031363538,,1
Table S4,53,Wu et al. (2023),ab_initio,,260.63,0.0,,260.63,0.0,,0,4.29576923076923,0.0,14.2665852625113,0.0,4000.0,0.0,ab_initio_calculated,-8.80424568163659,-8.75928877361434,-10.7400661655615,,1
Table S4,54,Wu et al. (2023),ab_initio,,272.84,0.0,,272.84,0.0,,0,4.29576923076923,0.0,14.2665852625113,0.0,5000.0,0.0,ab_initio_calculated,-7.59655579501782,-7.55855331530324,-9.66403710904365,,1
Table S4,55,Wu et al. (2023),ab_initio,,286.42,0.0,,286.42,0.0,,0,4.29576923076923,0.0,14.2665852625113,0.0,6000.0,0.0,ab_initio_calculated,-5.13364276743079,-5.10171695622847,-7.3127514957277,,1
Table S4,56,Wu et al. (2023),ab_initio,,325.9,0.0,,325.9,0.0,,0,3.98892857142857,0.0,13.247543458046204,0.0,1000.0,0.0,ab_initio_calculated,-7.68453944374761,-7.56389870422237,-11.3317708257338,,1
Table S4,57,Wu et al. (2023),ab_initio,,335.2,0.0,,335.2,0.0,,0,3.98892857142857,0.0,13.247543458046204,0.0,2000.0,0.0,ab_initio_calculated,-6.32179562297648,-6.22573624349565,-10.2655045153226,,1
Table S4,58,Wu et al. (2023),ab_initio,,345.39,0.0,,345.39,0.0,,0,3.98892857142857,0.0,13.247543458046204,0.0,3000.0,0.0,ab_initio_calculated,-6.1742371083086,-6.09267599924107,-10.0984557011249,,1
Table S4,59,Wu et al. (2023),ab_initio,,356.65,0.0,,356.65,0.0,,0,3.98892857142857,0.0,13.247543458046204,0.0,4000.0,0.0,ab_initio_calculated,-5.64169084894434,-5.57008167909618,-9.41885305447215,,1
Table S4,60,Wu et al. (2023),ab_initio,,368.98,0.0,,368.98,0.0,,0,3.98892857142857,0.0,13.247543458046204,0.0,5000.0,0.0,ab_initio_calculated,-4.33385217021606,-4.27007189087112,-7.90594746169501,,1
Table S4,61,Wu et al. (2023),ab_initio,,382.19,0.0,,382.19,0.0,,0,3.98892857142857,0.0,13.247543458046204,0.0,6000.0,0.0,ab_initio_calculated,-2.29796368005088,-2.24088043469953,-5.63439434576452,,1
Table S4,62,Wu et al. (2023),ab_initio,,396.6,0.0,,396.6,0.0,,0,3.98892857142857,0.0,13.247543458046204,0.0,7000.0,0.0,ab_initio_calculated,0.849701098039247,0.900755793541975,-2.23309172043474,,1
Table S4,63,Wu et al. (2023),ab_initio,,412.47,0.0,,412.47,0.0,,0,3.98892857142857,0.0,13.247543458046204,0.0,8000.0,0.0,ab_initio_calculated,5.4017072447391,5.44715933846902,2.58396841009221,,1
Table S4,64,Wu et al. (2023),ab_initio,,438.52,0.0,,438.52,0.0,,0,3.723,0.0,12.364373894176461,0.0,1000.0,0.0,ab_initio_calculated,-7.86798570491595,-7.69908302207648,-13.9115751372656,,1
Table S4,65,Wu et al. (2023),ab_initio,,447.96,0.0,,447.96,0.0,,0,3.723,0.0,12.364373894176461,0.0,2000.0,0.0,ab_initio_calculated,-5.76425712090582,-5.6220609558419,-11.9815978664812,,1
Table S4,66,Wu et al. (2023),ab_initio,,458.28,0.0,,458.28,0.0,,0,3.723,0.0,12.364373894176461,0.0,3000.0,0.0,ab_initio_calculated,-5.23936281206352,-5.11385379061409,-11.2185201595055,,1
Table S4,67,Wu et al. (2023),ab_initio,,469.58,0.0,,469.58,0.0,,0,3.723,0.0,12.364373894176461,0.0,4000.0,0.0,ab_initio_calculated,-4.58462519398643,-4.47049265413887,-10.1458359330653,,1
Table S4,68,Wu et al. (2023),ab_initio,,481.92,0.0,,481.92,0.0,,0,3.723,0.0,12.364373894176461,0.0,5000.0,0.0,ab_initio_calculated,-3.26270771105004,-3.15736203055695,-8.32214915207453,,1
Table S4,69,Wu et al. (2023),ab_initio,,496.17,0.0,,496.17,0.0,,0,3.723,0.0,12.364373894176461,0.0,6000.0,0.0,ab_initio_calculated,-0.224621168524948,-0.12665668867163,-4.73759778167243,,1
Table S4,70,Wu et al. (2023),ab_initio,,510.26,0.0,,510.26,0.0,,0,3.723,0.0,12.364373894176461,0.0,7000.0,0.0,ab_initio_calculated,2.54043240597673,2.63185360106428,-1.39967521460955,,1
Table S4,71,Wu et al. (2023),ab_initio,,525.08,0.0,,525.08,0.0,,0,3.723,0.0,12.364373894176461,0.0,8000.0,0.0,ab_initio_calculated,5.96399122619027,6.04940594166806,2.61358024546132,,1
Table S4,72,Wu et al. (2023),ab_initio,,540.29,0.0,,540.29,0.0,,0,3.723,0.0,12.364373894176461,0.0,9000.0,0.0,ab_initio_calculated,9.72952148522893,9.80929326975365,6.98016602091798,,1
Table S4,73,Wu et al. (2023),ab_initio,,569.05,0.0,,569.05,0.0,,0,3.4903125,0.0,11.591600525790433,0.0,1000.0,0.0,ab_initio_calculated,-10.8517641491933,-10.6163514185072,-18.2140562605059,,1
Table S4,74,Wu et al. (2023),ab_initio,,578.37,0.0,,578.37,0.0,,0,3.4903125,0.0,11.591600525790433,0.0,2000.0,0.0,ab_initio_calculated,-8.274046138833,-8.06681045647736,-15.7412054121544,,1
Table S4,75,Wu et al. (2023),ab_initio,,588.55,0.0,,588.55,0.0,,0,3.4903125,0.0,11.591600525790433,0.0,3000.0,0.0,ab_initio_calculated,-7.60886023228545,-7.42045948644284,-14.6713137150314,,1
Table S4,76,Wu et al. (2023),ab_initio,,599.82,0.0,,599.82,0.0,,0,3.4903125,0.0,11.591600525790433,0.0,4000.0,0.0,ab_initio_calculated,-6.87437502828379,-6.69884097332829,-13.2907649409487,,1
Table S4,77,Wu et al. (2023),ab_initio,,612.23,0.0,,612.23,0.0,,0,3.4903125,0.0,11.591600525790433,0.0,5000.0,0.0,ab_initio_calculated,-5.45688624976583,-5.29116406438447,-11.1115469101421,,1
Table S4,78,Wu et al. (2023),ab_initio,,625.46,0.0,,625.46,0.0,,0,3.4903125,0.0,11.591600525790433,0.0,6000.0,0.0,ab_initio_calculated,-3.45917595010894,-3.30157377847149,-8.28968937775028,,1
Table S4,79,Wu et al. (2023),ab_initio,,640.81,0.0,,640.81,0.0,,0,3.4903125,0.0,11.591600525790433,0.0,7000.0,0.0,ab_initio_calculated,0.518029803987019,0.668530965477089,-3.45122966911299,,1
Table S4,80,Wu et al. (2023),ab_initio,,654.45,0.0,,654.45,0.0,,0,3.4903125,0.0,11.591600525790433,0.0,8000.0,0.0,ab_initio_calculated,2.6961098566386,2.84016678338332,-0.388159002126372,,1
Table S4,81,Wu et al. (2023),ab_initio,,670.37,0.0,,670.37,0.0,,0,3.4903125,0.0,11.591600525790433,0.0,9000.0,0.0,ab_initio_calculated,7.09420713155032,7.23226633575018,4.9109896789663,,1
Table S4,82,Wu et al. (2023),ab_initio,,687.02,0.0,,687.02,0.0,,0,3.4903125,0.0,11.591600525790433,0.0,10000.0,0.0,ab_initio_calculated,12.1800454669188,12.3124236795943,10.9092355541195,,1
Table S4,83,Wu et al. (2023),ab_initio,,718.08,0.0,,718.08,0.0,,0,3.285,0.0,10.909741671332172,0.0,1000.0,0.0,ab_initio_calculated,-17.6505182231491,-17.3273249729751,-24.2804611979908,,1
Table S4,84,Wu et al. (2023),ab_initio,,727.08,0.0,,727.08,0.0,,0,3.285,0.0,10.909741671332172,0.0,2000.0,0.0,ab_initio_calculated,-14.8225705713132,-14.5284047878819,-21.5290806674334,,1
Table S4,85,Wu et al. (2023),ab_initio,,737.02,0.0,,737.02,0.0,,0,3.285,0.0,10.909741671332172,0.0,3000.0,0.0,ab_initio_calculated,-14.0929531840314,-13.8196636400821,-20.2745813554284,,1
Table S4,86,Wu et al. (2023),ab_initio,,748.13,0.0,,748.13,0.0,,0,3.285,0.0,10.909741671332172,0.0,4000.0,0.0,ab_initio_calculated,-13.3852940279862,-13.1263941875809,-18.7319188793808,,1
Table S4,87,Wu et al. (2023),ab_initio,,760.42,0.0,,760.42,0.0,,0,3.285,0.0,10.909741671332172,0.0,5000.0,0.0,ab_initio_calculated,-12.0432155824527,-11.7952027381895,-16.4018007936826,,1
Table S4,88,Wu et al. (2023),ab_initio,,773.78,0.0,,773.78,0.0,,0,3.285,0.0,10.909741671332172,0.0,6000.0,0.0,ab_initio_calculated,-9.92023264777015,-9.68112353328854,-13.2071167839187,,1
Table S4,89,Wu et al. (2023),ab_initio,,789.03,0.0,,789.03,0.0,,0,3.285,0.0,10.909741671332172,0.0,7000.0,0.0,ab_initio_calculated,-6.07754287478451,-5.84612933321409,-8.2426490936175,,1
Table S4,90,Wu et al. (2023),ab_initio,,804.96,0.0,,804.96,0.0,,0,3.285,0.0,10.909741671332172,0.0,8000.0,0.0,ab_initio_calculated,-1.66321149190276,-1.43870965441715,-2.674376395796,,1
Table S4,91,Wu et al. (2023),ab_initio,,819.37,0.0,,819.37,0.0,,0,3.285,0.0,10.909741671332172,0.0,9000.0,0.0,ab_initio_calculated,1.15804705589733,1.37617235876633,1.32264256722181,,1
Table S4,92,Wu et al. (2023),ab_initio,,835.64,0.0,,835.64,0.0,,0,3.285,0.0,10.909741671332172,0.0,10000.0,0.0,ab_initio_calculated,5.78775420074419,5.99988367313927,7.14356506300101,,1
Table S4,93,Wu et al. (2023),ab_initio,,852.63,0.0,,852.63,0.0,,0,3.285,0.0,10.909741671332172,0.0,11000.0,0.0,ab_initio_calculated,11.0997610550327,11.3061747537136,13.6581219225671,,1
Table S4,94,Wu et al. (2023),ab_initio,,869.47,0.0,,869.47,0.0,,0,3.285,0.0,10.909741671332172,0.0,12000.0,0.0,ab_initio_calculated,16.2333770506003,16.4342867893469,20.0028415618882,,1
Table S4,95,Wu et al. (2023),ab_initio,,884.3,0.0,,884.3,0.0,,0,3.1025,0.0,10.303644911813718,0.0,1000.0,0.0,ab_initio_calculated,-31.1807219142025,-30.7453233140984,-33.9456155963839,,1
Table S4,96,Wu et al. (2023),ab_initio,,893.36,0.0,,893.36,0.0,,0,3.1025,0.0,10.303644911813718,0.0,2000.0,0.0,ab_initio_calculated,-27.757136602512,-27.3510744587596,-30.5990486771228,,1
Table S4,97,Wu et al. (2023),ab_initio,,903.29,0.0,,903.29,0.0,,0,3.1025,0.0,10.303644911813718,0.0,3000.0,0.0,ab_initio_calculated,-26.7170436494049,-26.3337430009726,-28.953955860738,,1
Table S4,98,Wu et al. (2023),ab_initio,,926.73,0.0,,926.73,0.0,,0,3.1025,0.0,10.303644911813718,0.0,5000.0,0.0,ab_initio_calculated,-24.4135700017713,-24.0581807053995,-24.4782990490274,,1
Table S4,99,Wu et al. (2023),ab_initio,,940.02,0.0,,940.02,0.0,,0,3.1025,0.0,10.303644911813718,0.0,6000.0,0.0,ab_initio_calculated,-22.3513891324013,-22.0057224195332,-21.124269705218,,1
Table S4,100,Wu et al. (2023),ab_initio,,955.17,0.0,,955.17,0.0,,0,3.1025,0.0,10.303644911813718,0.0,7000.0,0.0,ab_initio_calculated,-18.6312459286293,-18.2938998926953,-16.0470558621893,,1
Table S4,101,Wu et al. (2023),ab_initio,,970.69,0.0,,970.69,0.0,,0,3.1025,0.0,10.303644911813718,0.0,8000.0,0.0,ab_initio_calculated,-14.6700899475737,-14.3401484717772,-10.6867566405824,,1
Table S4,102,Wu et al. (2023),ab_initio,,986.39,0.0,,986.39,0.0,,0,3.1025,0.0,10.303644911813718,0.0,9000.0,0.0,ab_initio_calculated,-10.6161052663281,-10.292940035861,-5.2050079662132,,1
Table S4,103,Wu et al. (2023),ab_initio,,1002.33,0.0,,1002.33,0.0,,0,3.1025,0.0,10.303644911813718,0.0,10000.0,0.0,ab_initio_calculated,-6.38370837848993,-6.06687104912351,0.475463980827612,,1
Table S4,104,Wu et al. (2023),ab_initio,,1019.42,0.0,,1019.42,0.0,,0,3.1025,0.0,10.303644911813718,0.0,11000.0,0.0,ab_initio_calculated,-1.04639860895872,-0.735558645285778,7.27576500937425,,1
Table S4,105,Wu et al. (2023),ab_initio,,1036.61,0.0,,1036.61,0.0,,0,3.1025,0.0,10.303644911813718,0.0,12000.0,0.0,ab_initio_calculated,4.35693134647772,4.66202433772128,14.1533538262325,,1
