experiment,run_number,phase,measurement_sequence,unit_cell_volume_a3,unit_cell_volume_standard_error_a3
DAC-1,1,Pt,first,59.54115,0.01721
DAC-1,1,Ta,,35.50047,0.01492
DAC-1,1,Cu,,45.94823,0.01721
DAC-1,1,Au,,66.28583,0.01231
DAC-1,1,Mo,,30.69119,0.01307
DAC-1,1,bcc-Fe,,22.99666,0.02402
DAC-1,1,Pt,last,59.54206,0.01810
DAC-1,2,Pt,first,59.50067,0.02612
DAC-1,2,Ta,,35.47474,0.01633
DAC-1,2,Cu,,45.90771,0.00817
DAC-1,2,Au,,66.22646,0.01202
DAC-1,2,Mo,,30.70032,0.02221
DAC-1,2,bcc-Fe,,22.97792,0.01940
DAC-1,2,Pt,last,59.49940,0.03493
DAC-1,3,Pt,first,59.44670,0.03073
DAC-1,3,Ta,,35.43069,0.01902
DAC-1,3,Cu,,45.83465,0.01116
DAC-1,3,Au,,66.13774,0.01720
DAC-1,3,Mo,,30.66130,0.02035
DAC-1,3,bcc-Fe,,22.94772,0.01945
DAC-1,3,Pt,last,59.44631,0.04132
DAC-1,4,Pt,first,59.40586,0.03066
DAC-1,4,Ta,,35.38785,0.02050
DAC-1,4,Cu,,45.75820,0.01211
DAC-1,4,Au,,66.04360,0.02030
DAC-1,4,Mo,,30.63377,0.04309
DAC-1,4,bcc-Fe,,22.91759,0.01948
DAC-1,4,Pt,last,59.38995,0.02533
DAC-1,5,Pt,first,59.31528,0.01944
DAC-1,5,Ta,,35.33611,0.02508
DAC-1,5,Cu,,45.67398,0.01903
DAC-1,5,Au,,65.92731,0.02869
DAC-1,5,Mo,,30.60738,0.03306
DAC-1,5,bcc-Fe,,22.87456,0.01595
DAC-1,5,Pt,last,59.30616,0.02143
DAC-1,6,Pt,first,59.18066,0.05890
DAC-1,6,Ta,,35.20897,0.02473
DAC-1,6,Cu,,45.46154,0.02699
DAC-1,6,Au,,65.67427,0.04138
DAC-1,6,bcc-Fe,,22.78255,0.01327
DAC-1,6,Pt,last,59.16529,0.05524
DAC-1,7,Pt,first,59.08282,0.04588
DAC-1,7,Ta,,35.12303,0.02635
DAC-1,7,Cu,,45.32874,0.03579
DAC-1,7,Au,,65.51452,0.05212
DAC-1,7,bcc-Fe,,22.72546,0.01176
DAC-1,7,Pt,last,59.07486,0.03642
DAC-1,8,Pt,first,58.99462,0.05189
DAC-1,8,Ta,,35.02857,0.02380
DAC-1,8,Cu,,45.18850,0.04485
DAC-1,8,Au,,65.35319,0.04509
DAC-1,8,bcc-Fe,,22.66572,0.01229
DAC-1,8,Pt,last,58.99395,0.05161
DAC-1,9,Pt,first,58.85698,0.05628
DAC-1,9,Ta,,34.93040,0.02149
DAC-1,9,Cu,,45.03215,0.05753
DAC-1,9,Au,,65.16857,0.05290
DAC-1,9,bcc-Fe,,22.59890,0.01519
DAC-1,9,Pt,last,58.85126,0.06136
DAC-1,10,Pt,first,58.75970,0.02935
DAC-1,10,Ta,,34.84119,0.02560
DAC-1,10,Cu,,44.89143,0.06745
DAC-1,10,Au,,64.99487,0.06538
DAC-1,10,bcc-Fe,,22.53406,0.01424
DAC-1,10,Pt,last,58.73885,0.03326
DAC-1,11,Pt,first,58.62904,0.04855
DAC-1,11,Ta,,34.73187,0.02047
DAC-1,11,Cu,,44.72807,0.06737
DAC-1,11,Au,,64.79641,0.08592
DAC-1,11,bcc-Fe,,22.46548,0.01516
DAC-1,11,Pt,last,58.62283,0.03681
DAC-1,12,Pt,first,58.36029,0.01240
DAC-1,12,Ta,,34.50876,0.01391
DAC-1,12,Cu,,44.34256,0.07205
DAC-1,12,Au,,64.35797,0.01875
DAC-1,12,Mo,,30.07866,0.03007
DAC-1,12,bcc-Fe,,22.27832,0.02550
DAC-1,12,Pt,last,58.35117,0.01243
DAC-1,13,Pt,first,58.29909,0.01397
DAC-1,13,Ta,,34.45365,0.01136
DAC-1,13,Cu,,44.24952,0.07299
DAC-1,13,Au,,64.25473,0.01809
DAC-1,13,Mo,,30.03700,0.03477
DAC-1,13,bcc-Fe,,22.23682,0.02504
DAC-1,13,Pt,last,58.29157,0.01149
DAC-1,14,Pt,first,58.22635,0.00770
DAC-1,14,Ta,,34.39632,0.01342
DAC-1,14,Cu,,44.15399,0.07956
DAC-1,14,Au,,64.13442,0.02146
DAC-1,14,Mo,,29.98333,0.02971
DAC-1,14,bcc-Fe,,22.19563,0.02202
DAC-1,14,Pt,last,58.20169,0.01237
DAC-1,15,Pt,first,58.10823,0.04118
DAC-1,15,Ta,,34.30845,0.01561
DAC-1,15,Cu,,44.01735,0.07636
DAC-1,15,Au,,63.96717,0.02366
DAC-1,15,Mo,,29.91571,0.02920
DAC-1,15,bcc-Fe,,22.13579,0.02791
DAC-1,15,Pt,last,58.07877,0.04258
DAC-1,16,Pt,first,57.98674,0.03730
DAC-1,16,Ta,,34.21250,0.01926
DAC-1,16,Cu,,43.86992,0.08428
DAC-1,16,Au,,63.78111,0.02484
DAC-1,16,Mo,,29.84304,0.03021
DAC-1,16,bcc-Fe,,22.06617,0.02559
DAC-1,16,Pt,last,57.96865,0.03292
DAC-1,17,Pt,first,57.94048,0.01958
DAC-1,17,Ta,,34.15547,0.02245
DAC-1,17,Cu,,43.78475,0.08279
DAC-1,17,Au,,63.67251,0.03156
DAC-1,17,Mo,,29.78651,0.02459
DAC-1,17,bcc-Fe,,22.02781,0.02888
DAC-1,17,Pt,last,57.90934,0.02240
DAC-1,18,Pt,first,57.80555,0.02488
DAC-1,18,Ta,,34.03424,0.01474
DAC-1,18,Cu,,43.61101,0.08841
DAC-1,18,Au,,63.45930,0.02850
DAC-1,18,Mo,,29.70526,0.01167
DAC-1,18,bcc-Fe,,21.95181,0.03594
DAC-1,18,Pt,last,57.77544,0.02191
DAC-1,19,Pt,first,57.64633,0.01148
DAC-1,19,Ta,,33.91159,0.01460
DAC-1,19,Cu,,43.43856,0.08056
DAC-1,19,Au,,63.24050,0.03378
DAC-1,19,Mo,,29.62962,0.01103
DAC-1,19,bcc-Fe,,21.86723,0.02995
DAC-1,19,Pt,last,57.62626,0.00896
DAC-1,20,Pt,first,57.51950,0.02616
DAC-1,20,Ta,,33.79586,0.01186
DAC-1,20,Cu,,43.26977,0.08105
DAC-1,20,Au,,63.02677,0.03591
DAC-1,20,Mo,,29.56486,0.01030
DAC-1,20,bcc-Fe,,21.79292,0.03147
DAC-1,20,Pt,last,57.49695,0.02015
DAC-1,21,Pt,first,57.40520,0.03220
DAC-1,21,Ta,,33.68362,0.01042
DAC-1,21,Cu,,43.11564,0.07834
DAC-1,21,Au,,62.82934,0.03801
DAC-1,21,Mo,,29.49379,0.01080
DAC-1,21,bcc-Fe,,21.72444,0.03161
DAC-1,21,hcp-Fe,,20.67386,0.02691
DAC-1,21,Pt,last,57.38310,0.03210
DAC-1,22,Pt,first,57.28311,0.02430
DAC-1,22,Ta,,33.57572,0.00796
DAC-1,22,Cu,,42.95978,0.07663
DAC-1,22,Au,,62.64371,0.03927
DAC-1,22,Mo,,29.42756,0.01868
DAC-1,22,hcp-Fe,,20.61816,0.01647
DAC-1,22,Pt,last,57.26039,0.02459
DAC-1,23,Pt,first,57.16982,0.01322
DAC-1,23,Ta,,33.47491,0.01101
DAC-1,23,Cu,,42.80542,0.07719
DAC-1,23,Au,,62.44500,0.03838
DAC-1,23,Mo,,29.36642,0.01812
DAC-1,23,hcp-Fe,,20.55754,0.00508
DAC-1,23,Pt,last,57.14483,0.01242
DAC-1,24,Pt,first,57.02843,0.02447
DAC-1,24,Ta,,33.36366,0.00635
DAC-1,24,Cu,,42.65067,0.07821
DAC-1,24,Au,,62.25240,0.04668
DAC-1,24,Mo,,29.29469,0.01070
DAC-1,24,hcp-Fe,,20.49835,0.01591
DAC-1,24,Pt,last,57.00168,0.03027
DAC-1,25,Pt,first,56.92250,0.02494
DAC-1,25,Ta,,33.26800,0.00623
DAC-1,25,Cu,,42.50928,0.07646
DAC-1,25,Au,,62.07635,0.04543
DAC-1,25,Mo,,29.23597,0.00874
DAC-1,25,hcp-Fe,,20.37731,0.03537
DAC-1,25,Pt,last,56.88952,0.03088
DAC-1,26,Pt,first,56.68876,0.02396
DAC-1,26,Ta,,33.06961,0.00726
DAC-1,26,Cu,,42.21987,0.07230
DAC-1,26,Au,,61.73738,0.05022
DAC-1,26,Mo,,29.09705,0.02569
DAC-1,26,hcp-Fe,,20.34634,0.02543
DAC-1,26,Pt,last,56.67865,0.01882
DAC-1,27,Pt,first,56.61132,0.01487
DAC-1,27,Ta,,33.01555,0.00759
DAC-1,27,Cu,,42.14573,0.07653
DAC-1,27,Au,,61.63168,0.05564
DAC-1,27,Mo,,29.05416,0.02409
DAC-1,27,hcp-Fe,,20.30371,0.01854
DAC-1,27,Pt,last,56.59168,0.01644
DAC-1,28,Pt,first,56.51933,0.02054
DAC-1,28,Ta,,32.94198,0.00729
DAC-1,28,Cu,,42.04161,0.07913
DAC-1,28,Au,,61.50448,0.06324
DAC-1,28,Mo,,29.00563,0.03462
DAC-1,28,hcp-Fe,,20.24627,0.02931
DAC-1,28,Pt,last,56.50266,0.01995
DAC-1,29,Pt,first,56.41546,0.01872
DAC-1,29,Ta,,32.86022,0.01110
DAC-1,29,Cu,,41.91292,0.08171
DAC-1,29,Au,,61.35798,0.07031
DAC-1,29,Mo,,28.94284,0.03813
DAC-1,29,hcp-Fe,,20.10557,0.01718
DAC-1,29,Pt,last,56.39788,0.01887
DAC-1,30,Pt,first,56.17482,0.02565
DAC-1,30,Ta,,32.67733,0.02841
DAC-1,30,Cu,,41.64549,0.06424
DAC-1,30,Au,,61.01963,0.02193
DAC-1,30,Mo,,28.84355,0.04842
DAC-1,30,hcp-Fe,,20.07851,0.02488
DAC-1,30,Pt,last,56.15806,0.02869
DAC-1,31,Pt,first,56.10937,0.02949
DAC-1,31,Ta,,32.63147,0.02920
DAC-1,31,Cu,,41.57274,0.06949
DAC-1,31,Au,,60.93696,0.02183
DAC-1,31,Mo,,28.81024,0.05310
DAC-1,31,hcp-Fe,,20.03969,0.02275
DAC-1,31,Pt,last,56.09280,0.03187
DAC-1,32,Pt,first,56.03533,0.03403
DAC-1,32,Ta,,32.57285,0.03417
DAC-1,32,Cu,,41.48525,0.07697
DAC-1,32,Au,,60.82857,0.02493
DAC-1,32,Mo,,28.76588,0.05288
DAC-1,32,hcp-Fe,,19.99801,0.01365
DAC-1,32,Pt,last,56.01693,0.03512
DAC-1,33,Pt,first,55.94359,0.03812
DAC-1,33,Ta,,32.49860,0.03494
DAC-1,33,Cu,,41.36774,0.08864
DAC-1,33,Au,,60.70270,0.02351
DAC-1,33,Mo,,28.71491,0.04724
DAC-1,33,hcp-Fe,,19.95626,0.01626
DAC-1,33,Pt,last,55.92769,0.03897
DAC-1,34,Pt,first,55.86550,0.03763
DAC-1,34,Ta,,32.43106,0.03609
DAC-1,34,Cu,,41.25828,0.09757
DAC-1,34,Au,,60.58176,0.02461
DAC-1,34,Mo,,28.66533,0.04897
DAC-1,34,hcp-Fe,,19.91314,0.01615
DAC-1,34,Pt,last,55.84599,0.03807
DAC-1,35,Pt,first,55.78225,0.03765
DAC-1,35,Ta,,32.35776,0.03627
DAC-1,35,Cu,,41.13527,0.10359
DAC-1,35,Au,,60.45430,0.02350
DAC-1,35,Mo,,28.61385,0.04416
DAC-1,35,hcp-Fe,,19.85920,0.02269
DAC-1,35,Pt,last,55.75791,0.03748
DAC-1,36,Pt,first,55.67413,0.03570
DAC-1,36,Ta,,32.26610,0.03744
DAC-1,36,Cu,,40.98385,0.10765
DAC-1,36,Au,,60.30695,0.02063
DAC-1,36,Mo,,28.54581,0.03303
DAC-1,36,hcp-Fe,,19.81365,0.01796
DAC-1,36,Pt,last,55.65329,0.03556
DAC-1,37,Pt,first,55.58147,0.03602
DAC-1,37,Ta,,32.18883,0.03908
DAC-1,37,Cu,,40.87641,0.10379
DAC-1,37,Au,,60.17071,0.02290
DAC-1,37,Mo,,28.49459,0.02887
DAC-1,37,hcp-Fe,,19.76271,0.02533
DAC-1,37,Pt,last,55.56180,0.03653
DAC-1,38,Pt,first,55.47831,0.03661
DAC-1,38,Ta,,32.10112,0.03913
DAC-1,38,Cu,,40.75924,0.09742
DAC-1,38,Au,,60.02437,0.02598
DAC-1,38,Mo,,28.42660,0.01887
DAC-1,38,hcp-Fe,,19.71996,0.00277
DAC-1,38,Pt,last,55.45764,0.03565
DAC-1,39,Pt,first,55.38478,0.03360
DAC-1,39,Ta,,32.02273,0.03744
DAC-1,39,Cu,,40.65255,0.09587
DAC-1,39,Au,,59.89548,0.02684
DAC-1,39,Mo,,28.37322,0.01968
DAC-1,39,hcp-Fe,,19.66918,0.02515
DAC-1,39,Pt,last,55.35988,0.03373
DAC-1,40,Pt,first,55.27199,0.02883
DAC-1,40,Ta,,31.93581,0.03853
DAC-1,40,Cu,,40.54204,0.10334
DAC-1,40,Au,,59.75067,0.02788
DAC-1,40,Mo,,28.31195,0.01693
DAC-1,40,hcp-Fe,,19.62673,0.01532
DAC-1,40,Pt,last,55.25160,0.02856
DAC-1,41,Pt,first,55.17573,0.02648
DAC-1,41,Ta,,31.85781,0.04086
DAC-1,41,Cu,,40.44180,0.10268
DAC-1,41,Au,,59.62199,0.02673
DAC-1,41,Mo,,28.25665,0.01814
DAC-1,41,hcp-Fe,,19.58484,0.01017
DAC-1,41,Pt,last,55.15615,0.02707
DAC-1,42,Pt,first,55.09038,0.02695
DAC-1,42,Ta,,31.78502,0.04170
DAC-1,42,Cu,,40.35080,0.09479
DAC-1,42,Au,,59.49753,0.02507
DAC-1,42,Mo,,28.20349,0.01775
DAC-1,42,hcp-Fe,,19.54283,0.00586
DAC-1,42,Pt,last,55.06703,0.02921
DAC-1,43,Pt,first,55.00988,0.03116
DAC-1,43,Ta,,31.71681,0.04176
DAC-1,43,Cu,,40.25828,0.08552
DAC-1,43,Au,,59.38006,0.02533
DAC-1,43,Mo,,28.15462,0.02276
DAC-1,43,hcp-Fe,,19.50520,0.00673
DAC-1,43,Pt,last,54.98682,0.03320
DAC-1,44,Pt,first,54.92723,0.03397
DAC-1,44,Ta,,31.64568,0.03969
DAC-1,44,Cu,,40.16314,0.08031
DAC-1,44,Au,,59.26453,0.02801
DAC-1,44,Mo,,28.10009,0.03470
DAC-1,44,hcp-Fe,,19.39990,0.03299
DAC-1,44,Pt,last,54.90482,0.03639
DAC-1,45,Pt,first,54.69698,0.02873
DAC-1,45,Ta,,31.46715,0.02872
DAC-1,45,Cu,,39.92153,0.07576
DAC-1,45,Au,,58.99586,0.01832
DAC-1,45,Mo,,27.99923,0.02810
DAC-1,45,hcp-Fe,,19.38399,0.03515
DAC-1,45,Pt,last,54.69183,0.03184
DAC-1,46,Pt,first,54.66855,0.02885
DAC-1,46,Ta,,31.43583,0.02672
DAC-1,46,Cu,,39.88598,0.07678
DAC-1,46,Au,,58.95040,0.01638
DAC-1,46,Mo,,27.96822,0.02890
DAC-1,46,hcp-Fe,,19.35735,0.03455
DAC-1,46,Pt,last,54.65896,0.02855
DAC-1,47,Pt,first,54.62683,0.02908
DAC-1,47,Ta,,31.39887,0.02692
DAC-1,47,Cu,,39.84015,0.07653
DAC-1,47,Au,,58.88449,0.01813
DAC-1,47,Mo,,27.93965,0.03524
DAC-1,47,hcp-Fe,,19.33003,0.03464
DAC-1,47,Pt,last,54.61115,0.02813
DAC-1,48,Pt,first,54.55952,0.02685
DAC-1,48,Ta,,31.34055,0.02257
DAC-1,48,Cu,,39.77001,0.07580
DAC-1,48,Au,,58.79395,0.01802
DAC-1,48,Mo,,27.89324,0.03793
DAC-1,48,hcp-Fe,,19.28745,0.03296
DAC-1,48,Pt,last,54.54265,0.02707
DAC-1,49,Pt,first,54.47845,0.02322
DAC-1,49,Ta,,31.27864,0.02349
DAC-1,49,Cu,,39.68879,0.07799
DAC-1,49,Au,,58.68670,0.02008
DAC-1,49,Mo,,27.84485,0.03731
DAC-1,49,hcp-Fe,,19.25320,0.02672
DAC-1,49,Pt,last,54.46447,0.02320
DAC-1,50,Pt,first,54.41139,0.01813
DAC-1,50,Ta,,31.21591,0.01904
DAC-1,50,Cu,,39.61093,0.07240
DAC-1,50,Au,,58.58635,0.02195
DAC-1,50,Mo,,27.80440,0.02559
DAC-1,50,hcp-Fe,,19.22210,0.03033
DAC-1,50,Pt,last,54.39260,0.01640
DAC-1,51,Pt,first,54.34311,0.01563
DAC-1,51,Ta,,31.16049,0.02010
DAC-1,51,Cu,,39.53490,0.07020
DAC-1,51,Au,,58.48928,0.02164
DAC-1,51,Mo,,27.75851,0.02881
DAC-1,51,hcp-Fe,,19.19070,0.02467
DAC-1,51,Pt,last,54.32251,0.01629
DAC-1,52,Pt,first,54.27145,0.01465
DAC-1,52,Ta,,31.10127,0.02082
DAC-1,52,Cu,,39.45312,0.07151
DAC-1,52,Au,,58.38940,0.02486
DAC-1,52,Mo,,27.71956,0.03535
DAC-1,52,hcp-Fe,,19.15268,0.02138
DAC-1,52,Pt,last,54.24936,0.01559
DAC-1,53,Pt,first,54.18376,0.01673
DAC-1,53,Ta,,31.03072,0.01967
DAC-1,53,Cu,,39.36147,0.06441
DAC-1,53,Au,,58.27696,0.02879
DAC-1,53,Mo,,27.68727,0.02937
DAC-1,53,hcp-Fe,,19.12285,0.02266
DAC-1,53,Pt,last,54.16543,0.01916
DAC-1,54,Pt,first,54.11669,0.01921
DAC-1,54,Ta,,30.97150,0.01768
DAC-1,54,Cu,,39.28860,0.06424
DAC-1,54,Au,,58.18302,0.02415
DAC-1,54,Mo,,27.64403,0.02862
DAC-1,54,hcp-Fe,,19.08877,0.01556
DAC-1,54,Pt,last,54.09685,0.02047
DAC-1,55,Pt,first,54.05144,0.02139
DAC-1,55,Ta,,30.91444,0.01438
DAC-1,55,Cu,,39.20996,0.06090
DAC-1,55,Au,,58.09128,0.02737
DAC-1,55,Mo,,27.59993,0.03520
DAC-1,55,hcp-Fe,,19.05702,0.01374
DAC-1,55,Pt,last,54.03242,0.02005
DAC-1,56,Pt,first,53.98151,0.02490
DAC-1,56,Ta,,30.85565,0.01475
DAC-1,56,Cu,,39.13163,0.06165
DAC-1,56,Au,,57.99703,0.02792
DAC-1,56,Mo,,27.56536,0.04120
DAC-1,56,hcp-Fe,,19.02957,0.00729
DAC-1,56,Pt,last,53.96535,0.02348
DAC-1,57,Pt,first,53.91884,0.02677
DAC-1,57,Ta,,30.80185,0.01618
DAC-1,57,Cu,,39.06295,0.06428
DAC-1,57,Au,,57.90697,0.02368
DAC-1,57,Mo,,27.53925,0.02492
DAC-1,57,hcp-Fe,,18.99683,0.02472
DAC-1,57,Pt,last,53.90010,0.02781
DAC-1,58,Pt,first,53.83961,0.03015
DAC-1,58,Ta,,30.73025,0.01276
DAC-1,58,Cu,,38.97763,0.06117
DAC-1,58,Au,,57.80187,0.02669
DAC-1,58,Mo,,27.49209,0.02889
DAC-1,58,hcp-Fe,,18.97025,0.02181
DAC-1,58,Pt,last,53.82364,0.02881
DAC-1,59,Pt,first,53.77784,0.03144
DAC-1,59,Ta,,30.67725,0.01269
DAC-1,59,Cu,,38.90825,0.06191
DAC-1,59,Au,,57.71527,0.02998
DAC-1,59,Mo,,27.46783,0.02499
DAC-1,59,hcp-Fe,,18.89650,0.05193
DAC-1,59,Pt,last,53.76167,0.03085
DAC-1,60,Pt,first,53.55730,0.02916
DAC-1,60,Ta,,30.50813,0.01595
DAC-1,60,Cu,,38.68940,0.04575
DAC-1,60,Au,,57.48694,0.01968
DAC-1,60,W,,28.26361,0.05138
DAC-1,60,Mo,,27.38580,0.01774
DAC-1,60,hcp-Fe,,18.88512,0.04235
DAC-1,60,Pt,last,53.55731,0.03185
DAC-1,61,Pt,first,53.55207,0.03295
DAC-1,61,Ta,,30.49469,0.01651
DAC-1,61,Cu,,38.67275,0.05068
DAC-1,61,Au,,57.46060,0.02017
DAC-1,61,W,,28.25026,0.05275
DAC-1,61,Mo,,27.37025,0.01829
DAC-1,61,hcp-Fe,,18.87203,0.03807
DAC-1,61,Pt,last,53.55101,0.03465
DAC-1,62,Pt,first,53.54276,0.03619
DAC-1,62,Ta,,30.47674,0.01711
DAC-1,62,Cu,,38.64836,0.04652
DAC-1,62,Au,,57.42267,0.01953
DAC-1,62,W,,28.23171,0.05264
DAC-1,62,Mo,,27.34359,0.01791
DAC-1,62,hcp-Fe,,18.85813,0.04373
DAC-1,62,Pt,last,53.53873,0.03919
DAC-1,63,Pt,first,53.51391,0.03876
DAC-1,63,Ta,,30.44101,0.01282
DAC-1,63,Cu,,38.60348,0.05147
DAC-1,63,Au,,57.36632,0.01929
DAC-1,63,W,,28.20918,0.05008
DAC-1,63,Mo,,27.31975,0.01861
DAC-1,63,hcp-Fe,,18.83316,0.03881
DAC-1,63,Pt,last,53.50607,0.04010
DAC-1,64,Pt,first,53.47001,0.04019
DAC-1,64,Ta,,30.40360,0.01472
DAC-1,64,Cu,,38.55142,0.05486
DAC-1,64,Au,,57.29387,0.01907
DAC-1,64,W,,28.18224,0.04684
DAC-1,64,Mo,,27.28110,0.02159
DAC-1,64,hcp-Fe,,18.81283,0.02973
DAC-1,64,Pt,last,53.46295,0.04018
DAC-1,65,Pt,first,53.43354,0.03996
DAC-1,65,Ta,,30.36649,0.01515
DAC-1,65,Cu,,38.50008,0.05761
DAC-1,65,Au,,57.22881,0.02124
DAC-1,65,W,,28.14440,0.05317
DAC-1,65,Mo,,27.24841,0.02064
DAC-1,65,hcp-Fe,,18.78646,0.03777
DAC-1,65,Pt,last,53.42386,0.03825
DAC-1,66,Pt,first,53.38087,0.03759
DAC-1,66,Ta,,30.31788,0.01606
DAC-1,66,Cu,,38.43588,0.05405
DAC-1,66,Au,,57.15022,0.01949
DAC-1,66,W,,28.10243,0.05700
DAC-1,66,Mo,,27.21928,0.01424
DAC-1,66,hcp-Fe,,18.76413,0.04531
DAC-1,66,Pt,last,53.37204,0.03807
DAC-1,67,Pt,first,53.33432,0.03676
DAC-1,67,Ta,,30.27375,0.01504
DAC-1,67,Cu,,38.38600,0.05334
DAC-1,67,Au,,57.07805,0.02300
DAC-1,67,W,,28.07280,0.05544
DAC-1,67,Mo,,27.18197,0.02322
DAC-1,67,hcp-Fe,,18.74109,0.04409
DAC-1,67,Pt,last,53.32326,0.03412
DAC-1,68,Pt,first,53.28484,0.03373
DAC-1,68,Ta,,30.23245,0.01568
DAC-1,68,Cu,,38.33611,0.04491
DAC-1,68,Au,,57.00168,0.02201
DAC-1,68,W,,28.03527,0.05772
DAC-1,68,Mo,,27.14376,0.02442
DAC-1,68,hcp-Fe,,18.71792,0.05472
DAC-1,68,Pt,last,53.27630,0.03178
DAC-1,69,Pt,first,53.24052,0.03110
DAC-1,69,Ta,,30.18777,0.01176
DAC-1,69,Cu,,38.28561,0.04924
DAC-1,69,Au,,56.93372,0.02277
DAC-1,69,W,,28.00573,0.05537
DAC-1,69,Mo,,27.11686,0.02432
DAC-1,69,hcp-Fe,,18.69550,0.04185
DAC-1,69,Pt,last,53.23039,0.02724
DAC-1,70,Pt,first,53.20052,0.02613
DAC-1,70,Ta,,30.14817,0.01130
DAC-1,70,Cu,,38.22907,0.04534
DAC-1,70,Au,,56.86406,0.02309
DAC-1,70,W,,27.97552,0.05568
DAC-1,70,Mo,,27.08739,0.01513
DAC-1,70,hcp-Fe,,18.67204,0.03830
DAC-1,70,Pt,last,53.18990,0.02573
DAC-1,71,Pt,first,53.14790,0.02764
DAC-1,71,Ta,,30.10186,0.01188
DAC-1,71,Cu,,38.16763,0.04047
DAC-1,71,Au,,56.78878,0.02399
DAC-1,71,W,,27.94265,0.05495
DAC-1,71,Mo,,27.05865,0.02162
DAC-1,71,hcp-Fe,,18.64875,0.03999
DAC-1,71,Pt,last,53.13848,0.02669
DAC-1,72,Pt,first,53.10062,0.02635
DAC-1,72,Ta,,30.06114,0.01230
DAC-1,72,Cu,,38.11905,0.04131
DAC-1,72,Au,,56.72118,0.02562
DAC-1,72,W,,27.91232,0.05328
DAC-1,72,Mo,,27.02447,0.02660
DAC-1,72,hcp-Fe,,18.62883,0.03685
DAC-1,72,Pt,last,53.08869,0.02464
DAC-1,73,Pt,first,53.05463,0.02477
DAC-1,73,Ta,,30.01638,0.00956
DAC-1,73,Cu,,38.06713,0.04176
DAC-1,73,Au,,56.65391,0.02570
DAC-1,73,W,,27.87519,0.05773
DAC-1,73,Mo,,26.99237,0.02847
DAC-1,73,hcp-Fe,,18.60530,0.02836
DAC-1,73,Pt,last,53.04494,0.02443
DAC-1,74,Pt,first,53.01257,0.02546
DAC-1,74,Ta,,29.97524,0.01001
DAC-1,74,Cu,,38.01569,0.03975
DAC-1,74,Au,,56.58384,0.02703
DAC-1,74,W,,27.84679,0.05563
DAC-1,74,Mo,,26.95866,0.03586
DAC-1,74,hcp-Fe,,18.58331,0.03199
DAC-1,74,Pt,last,53.00199,0.02521
DAC-1,75,Pt,first,52.96374,0.02647
DAC-1,75,Ta,,29.93302,0.00793
DAC-1,75,Cu,,37.96348,0.03942
DAC-1,75,Au,,56.51900,0.02603
DAC-1,75,W,,27.81869,0.05244
DAC-1,75,Mo,,26.92779,0.03112
DAC-1,75,hcp-Fe,,18.56496,0.01970
DAC-1,75,Pt,last,52.95544,0.02511
DAC-1,76,Pt,first,52.92165,0.02430
DAC-1,76,Ta,,29.89651,0.00721
DAC-1,76,Cu,,37.91399,0.04242
DAC-1,76,Au,,56.45534,0.02758
DAC-1,76,W,,27.79343,0.04997
DAC-1,76,Mo,,26.89849,0.03169
DAC-1,76,hcp-Fe,,18.53838,0.01356
DAC-1,76,Pt,last,52.91166,0.02270
DAC-1,77,Pt,first,52.87027,0.02361
DAC-1,77,Ta,,29.85294,0.00664
DAC-1,77,Cu,,37.86013,0.04534
DAC-1,77,Au,,56.39950,0.02603
DAC-1,77,W,,27.75554,0.05478
DAC-1,77,Mo,,26.87586,0.02751
DAC-1,77,hcp-Fe,,18.51665,0.02569
DAC-1,77,Pt,last,52.86042,0.02204
DAC-1,78,Pt,first,52.82494,0.02093
DAC-1,78,Ta,,29.81195,0.00668
DAC-1,78,Cu,,37.80185,0.05002
DAC-1,78,Au,,56.32539,0.02431
DAC-1,78,W,,27.72051,0.05662
DAC-1,78,Mo,,26.84330,0.03634
DAC-1,78,hcp-Fe,,18.50082,0.00152
DAC-1,78,Pt,last,52.81650,0.01764
DAC-1,79,Pt,first,52.78383,0.02131
DAC-1,79,Ta,,29.77305,0.00480
DAC-1,79,Cu,,37.75034,0.05364
DAC-1,79,Au,,56.26638,0.02272
DAC-1,79,W,,27.70071,0.04959
DAC-1,79,Mo,,26.81105,0.03422
DAC-1,79,hcp-Fe,,18.47364,0.00182
DAC-1,79,Pt,last,52.77337,0.01858
DAC-1,80,Pt,first,52.71451,0.01979
DAC-1,80,Ta,,29.71859,0.00699
DAC-1,80,Cu,,37.68200,0.05170
DAC-1,80,Au,,56.17502,0.02167
DAC-1,80,W,,27.66561,0.04824
DAC-1,80,Mo,,26.77070,0.04872
DAC-1,80,hcp-Fe,,18.45638,0.00503
DAC-1,80,Pt,last,52.70507,0.01784
DAC-1,81,Pt,first,52.67442,0.01994
DAC-1,81,Ta,,29.69059,0.00864
DAC-1,81,Cu,,37.63653,0.05568
DAC-1,81,Au,,56.12596,0.02111
DAC-1,81,W,,27.64064,0.04563
DAC-1,81,Mo,,26.74896,0.03499
DAC-1,81,hcp-Fe,,18.44268,0.00220
DAC-1,81,Pt,last,52.67037,0.01802
DAC-1,82,Pt,first,52.64132,0.01804
DAC-1,82,Ta,,29.65831,0.00959
DAC-1,82,Cu,,37.59435,0.05547
DAC-1,82,Au,,56.07440,0.02264
DAC-1,82,W,,27.61399,0.04596
DAC-1,82,Mo,,26.73013,0.03570
DAC-1,82,hcp-Fe,,18.42333,0.00457
DAC-1,82,Pt,last,52.63398,0.01380
DAC-1,83,Pt,first,52.60331,0.01137
DAC-1,83,Ta,,29.62308,0.00638
DAC-1,83,Cu,,37.55300,0.05899
DAC-1,83,Au,,56.02518,0.02226
DAC-1,83,W,,27.59174,0.04356
DAC-1,83,Mo,,26.70361,0.03666
DAC-1,83,hcp-Fe,,18.39938,0.00961
DAC-1,83,Pt,last,52.59488,0.01040
DAC-1,84,Pt,first,52.54495,0.00973
DAC-1,84,Ta,,29.57739,0.01160
DAC-1,84,Cu,,37.48908,0.05908
DAC-1,84,Au,,55.93807,0.02384
DAC-1,84,W,,27.55656,0.04098
DAC-1,84,Mo,,26.66985,0.03687
DAC-1,84,hcp-Fe,,18.38583,0.01034
DAC-1,84,Pt,last,52.54049,0.00953
DAC-1,85,Pt,first,52.50691,0.01181
DAC-1,85,Ta,,29.53654,0.00671
DAC-1,85,Cu,,37.44191,0.05551
DAC-1,85,Au,,55.87923,0.02292
DAC-1,85,W,,27.53162,0.04190
DAC-1,85,Mo,,26.63880,0.03984
DAC-1,85,hcp-Fe,,18.36762,0.00572
DAC-1,85,Pt,last,52.49848,0.01295
DAC-1,86,Pt,first,52.46977,0.01459
DAC-1,86,Ta,,29.50581,0.00876
DAC-1,86,Cu,,37.40629,0.05788
DAC-1,86,Au,,55.83381,0.02414
DAC-1,86,W,,27.50517,0.04338
DAC-1,86,Mo,,26.59762,0.04113
DAC-1,86,hcp-Fe,,18.35246,0.00530
DAC-1,86,Pt,last,52.46439,0.01389
DAC-1,87,Pt,first,52.43215,0.01342
DAC-1,87,Ta,,29.46765,0.00855
DAC-1,87,Cu,,37.36857,0.06084
DAC-1,87,Au,,55.78368,0.02999
DAC-1,87,W,,27.48039,0.04248
DAC-1,87,Mo,,26.59268,0.03721
DAC-1,87,hcp-Fe,,18.33514,0.02253
DAC-1,87,Pt,last,52.42397,0.01353
DAC-1,88,Pt,first,52.39172,0.01656
DAC-1,88,Ta,,29.43398,0.01170
DAC-1,88,Cu,,37.33149,0.06032
DAC-1,88,Au,,55.72599,0.03348
DAC-1,88,W,,27.45379,0.04236
DAC-1,88,Mo,,26.55265,0.04973
DAC-1,88,hcp-Fe,,18.31836,0.01817
DAC-1,88,Pt,last,52.38576,0.01580
DAC-1,89,Pt,first,52.35226,0.00928
DAC-1,89,Ta,,29.40239,0.01211
DAC-1,89,Cu,,37.29018,0.05981
DAC-1,89,Au,,55.67342,0.03505
DAC-1,89,W,,27.42755,0.04387
DAC-1,89,Mo,,26.52394,0.03844
DAC-1,89,hcp-Fe,,18.29896,0.02039
DAC-1,89,Pt,last,52.34795,0.00855
DAC-1,90,Pt,first,52.30060,0.01189
DAC-1,90,Ta,,29.35740,0.01304
DAC-1,90,Cu,,37.23370,0.06065
DAC-1,90,Au,,55.60182,0.03921
DAC-1,90,W,,27.39744,0.03896
DAC-1,90,Mo,,26.48527,0.04092
DAC-1,90,hcp-Fe,,18.27333,0.01744
DAC-1,90,Pt,last,52.29376,0.01264
DAC-1,91,Pt,first,52.24998,0.01355
DAC-1,91,Ta,,29.31390,0.01331
DAC-1,91,Cu,,37.18450,0.05995
DAC-1,91,Au,,55.53576,0.03813
DAC-1,91,W,,27.35911,0.04231
DAC-1,91,Mo,,26.45888,0.03476
DAC-1,91,hcp-Fe,,18.24318,0.02225
DAC-1,91,Pt,last,52.23959,0.01743
DAC-1,92,Pt,first,52.17043,0.01828
DAC-1,92,Ta,,29.23511,0.01154
DAC-1,92,Cu,,37.10022,0.06217
DAC-1,92,Au,,55.41886,0.03752
DAC-1,92,W,,27.31372,0.04099
DAC-1,92,Mo,,26.41589,0.03089
DAC-1,92,hcp-Fe,,18.22695,0.02155
DAC-1,92,Pt,last,52.16780,0.01846
DAC-1,93,Pt,first,52.14044,0.01698
DAC-1,93,Ta,,29.20727,0.01069
DAC-1,93,Cu,,37.06012,0.06297
DAC-1,93,Au,,55.37271,0.03773
DAC-1,93,W,,27.29452,0.03920
DAC-1,93,Mo,,26.36921,0.04671
DAC-1,93,hcp-Fe,,18.20645,0.03861
DAC-1,93,Pt,last,52.13560,0.01842
DAC-1,94,Pt,first,52.09524,0.02380
DAC-1,94,Ta,,29.17332,0.01223
DAC-1,94,Cu,,37.02362,0.06482
DAC-1,94,Au,,55.32067,0.04050
DAC-1,94,W,,27.26995,0.03565
DAC-1,94,Mo,,26.34748,0.04000
DAC-1,94,hcp-Fe,,18.16431,0.04007
DAC-1,94,Pt,last,52.08899,0.02448
DAC-1,95,Pt,first,52.00933,0.02511
DAC-1,95,Ta,,29.09765,0.01414
DAC-1,95,Cu,,36.94474,0.06672
DAC-1,95,Au,,55.17478,0.04138
DAC-1,95,W,,27.21776,0.03558
DAC-1,95,Mo,,26.29454,0.04449
DAC-1,95,hcp-Fe,,18.15485,0.02332
DAC-1,95,Pt,last,52.00146,0.03213
DAC-1,96,Pt,first,51.98168,0.03222
DAC-1,96,Ta,,29.07558,0.01508
DAC-1,96,Cu,,36.91289,0.06803
DAC-1,96,Au,,55.13890,0.04495
DAC-1,96,W,,27.19458,0.03988
DAC-1,96,hcp-Fe,,18.14132,0.02197
DAC-1,96,Pt,last,51.97385,0.03558
DAC-1,97,Pt,first,51.93771,0.03633
DAC-1,97,Ta,,29.05202,0.01667
DAC-1,97,Cu,,36.87715,0.06675
DAC-1,97,Au,,55.09584,0.04503
DAC-1,97,W,,27.18081,0.03280
DAC-1,97,hcp-Fe,,18.11989,0.03656
DAC-1,97,Pt,last,51.92900,0.03576
DAC-1,98,Pt,first,51.89149,0.03487
DAC-1,98,Ta,,29.01457,0.01748
DAC-1,98,Cu,,36.83385,0.06469
DAC-1,98,Au,,55.02241,0.04756
DAC-1,98,W,,27.15429,0.03094
DAC-1,98,hcp-Fe,,18.10365,0.03863
DAC-1,98,Pt,last,51.88324,0.03812
DAC-1,99,Pt,first,51.84685,0.03553
DAC-1,99,Ta,,28.97802,0.01786
DAC-1,99,Cu,,36.78772,0.06727
DAC-1,99,Au,,54.97973,0.04540
DAC-1,99,W,,27.12240,0.02912
DAC-1,99,hcp-Fe,,18.07722,0.03615
DAC-1,99,Pt,last,51.83687,0.03901
DAC-1,100,Pt,first,51.79938,0.03577
DAC-1,100,Ta,,28.93619,0.01660
DAC-1,100,Cu,,36.74187,0.06770
DAC-1,100,Au,,54.91669,0.04426
DAC-1,100,W,,27.09995,0.02144
DAC-1,100,hcp-Fe,,18.05864,0.03382
DAC-1,100,Pt,last,51.78894,0.03685
DAC-1,101,Pt,first,51.75576,0.03402
DAC-1,101,Ta,,28.89634,0.01518
DAC-1,101,Cu,,36.68869,0.06687
DAC-1,101,Au,,54.86034,0.04642
DAC-1,101,W,,27.06312,0.02493
DAC-1,101,hcp-Fe,,18.04240,0.01704
DAC-1,101,Pt,last,51.74603,0.03712
DAC-1,102,Pt,first,51.70295,0.02929
DAC-1,102,Ta,,28.86125,0.01730
DAC-1,102,Cu,,36.64599,0.06902
DAC-1,102,Au,,54.80177,0.04595
DAC-1,102,W,,27.03613,0.02244
DAC-1,102,hcp-Fe,,18.02120,0.02020
DAC-1,102,Pt,last,51.69583,0.03248
DAC-1,103,Pt,first,51.66019,0.03061
DAC-1,103,Ta,,28.81240,0.02137
DAC-1,103,Cu,,36.59483,0.07086
DAC-1,103,Au,,54.73820,0.04704
DAC-1,103,W,,27.01373,0.01783
DAC-1,103,hcp-Fe,,18.00108,0.02051
DAC-1,103,Pt,last,51.65350,0.02991
DAC-1,104,Pt,first,51.61044,0.03065
DAC-1,104,Ta,,28.77083,0.02255
DAC-1,104,Cu,,36.53859,0.07267
DAC-1,104,Au,,54.67851,0.04991
DAC-1,104,W,,26.98494,0.01561
DAC-1,104,hcp-Fe,,17.98202,0.02504
DAC-1,104,Pt,last,51.60142,0.03104
DAC-1,105,Pt,first,51.55688,0.03627
DAC-1,105,Ta,,28.73526,0.02534
DAC-1,105,Cu,,36.48960,0.07169
DAC-1,105,Au,,54.61740,0.05175
DAC-1,105,W,,26.94126,0.02206
DAC-1,105,hcp-Fe,,17.96571,0.01932
DAC-1,105,Pt,last,51.54908,0.03744
DAC-1,106,Pt,first,51.51527,0.03758
DAC-1,106,Ta,,28.69802,0.02714
DAC-1,106,Cu,,36.44792,0.07227
DAC-1,106,Au,,54.56263,0.05335
DAC-1,106,W,,26.91644,0.02037
DAC-1,106,hcp-Fe,,17.94326,0.02323
DAC-1,106,Pt,last,51.51004,0.03760
DAC-1,107,Pt,first,51.47233,0.03568
DAC-1,107,Ta,,28.66955,0.02704
DAC-1,107,Cu,,36.39887,0.07449
DAC-1,107,Au,,54.50583,0.05384
DAC-1,107,W,,26.87747,0.02639
DAC-1,107,hcp-Fe,,17.92675,0.01099
DAC-1,107,Pt,last,51.46622,0.03475
DAC-1,108,Pt,first,51.42492,0.03392
DAC-1,108,Ta,,28.63781,0.02751
DAC-1,108,Cu,,36.35253,0.07585
DAC-1,108,Au,,54.44325,0.05633
DAC-1,108,W,,26.85797,0.02102
DAC-1,108,hcp-Fe,,17.90256,0.03001
DAC-1,108,Pt,last,51.41797,0.03513
DAC-1,109,Pt,first,51.38302,0.03374
DAC-1,109,Ta,,28.60262,0.02459
DAC-1,109,Cu,,36.30321,0.07944
DAC-1,109,Au,,54.39341,0.05575
DAC-1,109,W,,26.83704,0.01636
DAC-1,109,hcp-Fe,,17.84815,0.00807
DAC-1,109,Pt,last,51.37655,0.03341
DAC-1,110,Pt,first,51.25882,0.04639
DAC-1,110,Ta,,28.48621,0.02689
DAC-1,110,Cu,,36.16727,0.07284
DAC-1,110,Au,,54.28266,0.04162
DAC-1,110,W,,26.76215,0.02635
DAC-1,110,hcp-Fe,,17.83635,0.01477
DAC-1,110,Pt,last,51.25812,0.04485
DAC-1,111,Pt,first,51.24570,0.04546
DAC-1,111,Ta,,28.47045,0.02666
DAC-1,111,Cu,,36.14437,0.07835
DAC-1,111,Au,,54.25661,0.04412
DAC-1,111,W,,26.75234,0.02388
DAC-1,111,hcp-Fe,,17.82565,0.01655
DAC-1,111,Pt,last,51.24453,0.04559
DAC-1,112,Pt,first,51.21979,0.04527
DAC-1,112,Ta,,28.45116,0.02369
DAC-1,112,Cu,,36.11731,0.08055
DAC-1,112,Au,,54.21784,0.04641
DAC-1,112,W,,26.73541,0.02164
DAC-1,112,hcp-Fe,,17.81376,0.01793
DAC-1,112,Pt,last,51.21333,0.04407
DAC-1,113,Pt,first,51.18780,0.04154
DAC-1,113,Ta,,28.42986,0.02286
DAC-1,113,Cu,,36.08639,0.08165
DAC-1,113,Au,,54.17496,0.04748
DAC-1,113,W,,26.70962,0.02338
DAC-1,113,hcp-Fe,,17.80284,0.02284
DAC-1,113,Pt,last,51.18810,0.04333
DAC-1,114,Pt,first,51.15607,0.03732
DAC-1,114,Ta,,28.40987,0.02486
DAC-1,114,Cu,,36.05015,0.08465
DAC-1,114,Au,,54.12269,0.04920
DAC-1,114,W,,26.68829,0.02045
DAC-1,114,hcp-Fe,,17.78596,0.02994
DAC-1,114,Pt,last,51.14889,0.03800
DAC-1,115,Pt,first,51.11159,0.03345
DAC-1,115,Ta,,28.37492,0.02284
DAC-1,115,Cu,,36.00900,0.08452
DAC-1,115,Au,,54.04056,0.04742
DAC-1,115,W,,26.66815,0.01718
DAC-1,115,hcp-Fe,,17.76513,0.02191
DAC-1,115,Pt,last,51.10808,0.03533
DAC-1,116,Pt,first,51.07713,0.03139
DAC-1,116,Ta,,28.34793,0.02186
DAC-1,116,Cu,,35.97310,0.07115
DAC-1,116,Au,,53.99329,0.04863
DAC-1,116,W,,26.64997,0.01515
DAC-1,116,hcp-Fe,,17.74666,0.02976
DAC-1,116,Pt,last,51.06940,0.03360
DAC-1,117,Pt,first,51.03303,0.03160
DAC-1,117,Ta,,28.31386,0.02355
DAC-1,117,Cu,,35.92464,0.06736
DAC-1,117,Au,,53.92972,0.04843
DAC-1,117,W,,26.62399,0.01389
DAC-1,117,hcp-Fe,,17.72838,0.01772
DAC-1,117,Pt,last,51.02669,0.03099
DAC-1,118,Pt,first,50.98778,0.03198
DAC-1,118,Ta,,28.28472,0.02289
DAC-1,118,Cu,,35.86831,0.06919
DAC-1,118,Au,,53.87132,0.04972
DAC-1,118,W,,26.59389,0.01597
DAC-1,118,hcp-Fe,,17.71291,0.01942
DAC-1,118,Pt,last,50.98433,0.03154
DAC-1,119,Pt,first,50.94349,0.02819
DAC-1,119,Ta,,28.24609,0.02243
DAC-1,119,Cu,,35.81177,0.08296
DAC-1,119,Au,,53.81521,0.05054
DAC-1,119,W,,26.56889,0.01623
DAC-1,119,hcp-Fe,,17.68804,0.02467
DAC-1,119,Pt,last,50.93740,0.03058
DAC-1,120,Pt,first,50.90237,0.03007
DAC-1,120,Ta,,28.22345,0.02176
DAC-1,120,Cu,,35.76734,0.08208
DAC-1,120,Au,,53.76918,0.05126
DAC-1,120,W,,26.54049,0.01765
DAC-1,120,hcp-Fe,,17.66521,0.02461
DAC-1,120,Pt,last,50.89486,0.02934
DAC-1,121,Pt,first,50.85992,0.03036
DAC-1,121,Ta,,28.19606,0.02234
DAC-1,121,Cu,,35.72755,0.07984
DAC-1,121,Au,,53.71104,0.05392
DAC-1,121,W,,26.52646,0.01189
DAC-1,121,hcp-Fe,,17.65158,0.04113
DAC-1,121,Pt,last,50.85150,0.03072
DAC-1,122,Pt,first,50.81250,0.03310
DAC-1,122,Ta,,28.16141,0.01782
DAC-1,122,Cu,,35.68222,0.08150
DAC-1,122,Au,,53.65743,0.05544
DAC-1,122,W,,26.49383,0.01486
DAC-1,122,hcp-Fe,,17.63121,0.04021
DAC-1,122,Pt,last,50.80762,0.03267
DAC-1,123,Pt,first,50.76969,0.03083
DAC-1,123,Ta,,28.13661,0.01996
DAC-1,123,Cu,,35.63915,0.08296
DAC-1,123,Au,,53.60613,0.05808
DAC-1,123,W,,26.46876,0.01643
DAC-1,123,hcp-Fe,,17.61108,0.04482
DAC-1,123,Pt,last,50.76367,0.03120
DAC-1,124,Pt,first,50.72588,0.02894
DAC-1,124,Ta,,28.10091,0.01692
DAC-1,124,Cu,,35.60026,0.08103
DAC-1,124,Au,,53.56203,0.05843
DAC-1,124,W,,26.43930,0.02578
DAC-1,124,hcp-Fe,,17.58791,0.04650
DAC-1,124,Pt,last,50.71987,0.02957
DAC-1,125,Pt,first,50.68079,0.02907
DAC-1,125,Ta,,28.06011,0.01957
DAC-1,125,Cu,,35.55970,0.07599
DAC-1,125,Au,,53.50228,0.05664
DAC-1,125,W,,26.42353,0.02258
DAC-1,125,hcp-Fe,,17.57261,0.05904
DAC-1,125,Pt,last,50.67450,0.02925
DAC-1,126,Pt,first,50.64260,0.03066
DAC-1,126,Ta,,28.02064,0.01953
DAC-1,126,Cu,,35.51636,0.07838
DAC-1,126,Au,,53.45455,0.05566
DAC-1,126,W,,26.39860,0.02296
DAC-1,126,hcp-Fe,,17.54999,0.05188
DAC-1,126,Pt,last,50.63595,0.03046
DAC-1,127,Pt,first,50.59626,0.02658
DAC-1,127,Ta,,27.97475,0.01504
DAC-1,127,Cu,,35.48122,0.07993
DAC-1,127,Au,,53.39922,0.05865
DAC-1,127,W,,26.38081,0.01970
DAC-1,127,hcp-Fe,,17.53134,0.05946
DAC-1,127,Pt,last,50.59008,0.02722
DAC-1,128,Pt,first,50.55462,0.02936
DAC-1,128,Ta,,27.92839,0.01679
DAC-1,128,Cu,,35.44808,0.07779
DAC-1,128,Au,,53.34186,0.05825
DAC-1,128,W,,26.35603,0.01766
DAC-1,128,hcp-Fe,,17.51224,0.04997
DAC-1,128,Pt,last,50.54590,0.02784
DAC-1,129,Pt,first,50.50390,0.02901
DAC-1,129,Ta,,27.89108,0.01380
DAC-1,129,Cu,,35.40036,0.08179
DAC-1,129,Au,,53.28268,0.05619
DAC-1,129,W,,26.32284,0.02065
DAC-1,129,hcp-Fe,,17.49551,0.05217
DAC-1,129,Pt,last,50.49931,0.02916
DAC-1,130,Pt,first,50.47300,0.02584
DAC-1,130,Ta,,27.85039,0.01206
DAC-1,130,Cu,,35.36183,0.08273
DAC-1,130,Au,,53.22704,0.05661
DAC-1,130,W,,26.29818,0.02214
DAC-1,130,hcp-Fe,,17.48163,0.04438
DAC-1,130,Pt,last,50.46472,0.02644
DAC-1,131,Pt,first,50.43007,0.03462
DAC-1,131,Ta,,27.81218,0.01233
DAC-1,131,Cu,,35.32909,0.08487
DAC-1,131,Au,,53.17130,0.05672
DAC-1,131,W,,26.27106,0.02339
DAC-1,131,hcp-Fe,,17.45916,0.05042
DAC-1,131,Pt,last,50.42355,0.03430
DAC-1,132,Pt,first,50.37506,0.04070
DAC-1,132,Ta,,27.77195,0.01355
DAC-1,132,Cu,,35.28798,0.08664
DAC-1,132,Au,,53.10876,0.05621
DAC-1,132,W,,26.23995,0.02748
DAC-1,132,hcp-Fe,,17.44219,0.04345
DAC-1,132,Pt,last,50.36467,0.04077
DAC-1,133,Pt,first,50.33116,0.04283
DAC-1,133,Ta,,27.73762,0.01295
DAC-1,133,Cu,,35.25610,0.08303
DAC-1,133,Au,,53.05903,0.05412
DAC-1,133,W,,26.21997,0.02400
DAC-1,133,hcp-Fe,,17.42987,0.06367
DAC-1,133,Pt,last,50.32948,0.04118
DAC-1,134,Pt,first,50.29834,0.04217
DAC-1,134,Ta,,27.70475,0.01137
DAC-1,134,Cu,,35.22020,0.08195
DAC-1,134,Au,,53.01356,0.05294
DAC-1,134,W,,26.19311,0.02524
DAC-1,134,hcp-Fe,,17.41351,0.06405
DAC-1,134,Pt,last,50.29446,0.04181
DAC-1,135,Pt,first,50.25583,0.03947
DAC-1,135,Ta,,27.67837,0.01408
DAC-1,135,Cu,,35.18453,0.08126
DAC-1,135,Au,,52.96178,0.05062
DAC-1,135,W,,26.17739,0.01997
DAC-1,135,hcp-Fe,,17.39500,0.05503
DAC-1,135,Pt,last,50.24931,0.04037
DAC-1,136,Pt,first,50.21742,0.04086
DAC-1,136,Ta,,27.64210,0.01417
DAC-1,136,Cu,,35.14684,0.08267
DAC-1,136,Au,,52.90765,0.05138
DAC-1,136,W,,26.15935,0.01965
DAC-1,136,hcp-Fe,,17.37767,0.04666
DAC-1,136,Pt,last,50.21158,0.03922
DAC-1,137,Pt,first,50.17824,0.04094
DAC-1,137,Ta,,27.60942,0.01173
DAC-1,137,Cu,,35.10901,0.08169
DAC-1,137,Au,,52.85816,0.05006
DAC-1,137,W,,26.13827,0.01587
DAC-1,137,hcp-Fe,,17.34176,0.04798
DAC-1,137,Pt,last,50.17091,0.04272
DAC-1,138,Pt,first,50.08934,0.04559
DAC-1,138,Ta,,27.52812,0.01262
DAC-1,138,Cu,,35.03211,0.07800
DAC-1,138,Au,,52.74976,0.04923
DAC-1,138,W,,26.08135,0.02306
DAC-1,138,hcp-Fe,,17.33100,0.05793
DAC-1,138,Pt,last,50.09147,0.04590
DAC-1,139,Pt,first,50.07333,0.04653
DAC-1,139,Ta,,27.50486,0.01090
DAC-1,139,Cu,,35.01669,0.07831
DAC-1,139,Au,,52.72321,0.04716
DAC-1,139,W,,26.07785,0.01781
DAC-1,139,hcp-Fe,,17.32305,0.05550
DAC-1,139,Pt,last,50.06950,0.04682
DAC-1,140,Pt,first,50.04970,0.04801
DAC-1,140,Ta,,27.48778,0.01167
DAC-1,140,Cu,,34.99473,0.07717
DAC-1,140,Au,,52.69234,0.04847
DAC-1,140,W,,26.05995,0.01767
DAC-1,140,hcp-Fe,,17.30993,0.05640
DAC-1,140,Pt,last,50.04415,0.04883
DAC-1,141,Pt,first,50.01891,0.04976
DAC-1,141,Ta,,27.46607,0.01415
DAC-1,141,Cu,,34.96384,0.08228
DAC-1,141,Au,,52.64868,0.05247
DAC-1,141,W,,26.04208,0.01797
DAC-1,141,hcp-Fe,,17.29620,0.05316
DAC-1,141,Pt,last,50.01604,0.04928
DAC-1,142,Pt,first,49.99000,0.04838
DAC-1,142,Ta,,27.43625,0.01320
DAC-1,142,Cu,,34.93597,0.08368
DAC-1,142,Au,,52.60802,0.05012
DAC-1,142,W,,26.02834,0.01315
DAC-1,142,hcp-Fe,,17.28192,0.04841
DAC-1,142,Pt,last,49.98435,0.04680
DAC-1,143,Pt,first,49.95567,0.04994
DAC-1,143,Ta,,27.40965,0.01628
DAC-1,143,Cu,,34.89498,0.08127
DAC-1,143,Au,,52.56161,0.05370
DAC-1,143,W,,26.00843,0.01402
DAC-1,143,hcp-Fe,,17.26538,0.03678
DAC-1,143,Pt,last,49.93876,0.05223
DAC-1,144,Pt,first,49.90002,0.05345
DAC-1,144,Ta,,27.38417,0.01746
DAC-1,144,Cu,,34.86668,0.08030
DAC-1,144,Au,,52.51521,0.05549
DAC-1,144,W,,25.98760,0.01566
DAC-1,144,hcp-Fe,,17.25216,0.05386
DAC-1,144,Pt,last,49.89598,0.05304
DAC-1,145,Pt,first,49.86643,0.05174
DAC-1,145,Ta,,27.35403,0.01878
DAC-1,145,Cu,,34.83172,0.08083
DAC-1,145,Au,,52.47011,0.05448
DAC-1,145,W,,25.96366,0.01663
DAC-1,145,hcp-Fe,,17.23482,0.02824
DAC-1,145,Pt,last,49.85960,0.05230
DAC-1,146,Pt,first,49.82664,0.05097
DAC-1,146,Ta,,27.32317,0.01473
DAC-1,146,Cu,,34.80025,0.07839
DAC-1,146,Au,,52.42051,0.05441
DAC-1,146,W,,25.95954,0.01097
DAC-1,146,hcp-Fe,,17.21669,0.03954
DAC-1,146,Pt,last,49.81955,0.04972
DAC-1,147,Pt,first,49.78945,0.04894
DAC-1,147,Ta,,27.29612,0.01584
DAC-1,147,Cu,,34.76647,0.08171
DAC-1,147,Au,,52.37130,0.05615
DAC-1,147,W,,25.95332,0.00832
DAC-1,147,hcp-Fe,,17.20079,0.04447
DAC-1,147,Pt,last,49.78611,0.04912
DAC-1,148,Pt,first,49.75532,0.04895
DAC-1,148,Ta,,27.26742,0.01508
DAC-1,148,Cu,,34.72853,0.07827
DAC-1,148,Au,,52.32622,0.05467
DAC-1,148,W,,25.93843,0.01064
DAC-1,148,hcp-Fe,,17.18067,0.04003
DAC-1,148,Pt,last,49.74754,0.04673
DAC-1,149,Pt,first,49.72091,0.04410
DAC-1,149,Ta,,27.23396,0.01444
DAC-1,149,Cu,,34.69640,0.08121
DAC-1,149,Au,,52.27430,0.05408
DAC-1,149,W,,25.91616,0.00985
DAC-1,149,hcp-Fe,,17.16832,0.04947
DAC-1,149,Pt,last,49.71732,0.04568
DAC-1,150,Pt,first,49.68353,0.04356
DAC-1,150,Ta,,27.20627,0.01739
DAC-1,150,Cu,,34.66883,0.07793
DAC-1,150,Au,,52.22857,0.05245
DAC-1,150,W,,25.90105,0.00829
DAC-1,150,hcp-Fe,,17.15421,0.02994
DAC-1,150,Pt,last,49.68096,0.04421
DAC-1,151,Pt,first,49.64706,0.04669
DAC-1,151,Ta,,27.17017,0.01633
DAC-1,151,Cu,,34.63446,0.07961
DAC-1,151,Au,,52.18268,0.05522
DAC-1,151,W,,25.87780,0.00831
DAC-1,151,hcp-Fe,,17.13891,0.04022
DAC-1,151,Pt,last,49.64237,0.04695
DAC-1,152,Pt,first,49.61017,0.04702
DAC-1,152,Ta,,27.13537,0.01112
DAC-1,152,Cu,,34.60194,0.08096
DAC-1,152,Au,,52.12856,0.05486
DAC-1,152,W,,25.86028,0.00855
DAC-1,152,hcp-Fe,,17.12442,0.04818
DAC-1,152,Pt,last,49.60486,0.04715
DAC-1,153,Pt,first,49.56946,0.04973
DAC-1,153,Ta,,27.10990,0.01766
DAC-1,153,Cu,,34.56566,0.07934
DAC-1,153,Au,,52.08417,0.05553
DAC-1,153,W,,25.83391,0.00671
DAC-1,153,hcp-Fe,,17.10767,0.04018
DAC-1,153,Pt,last,49.56511,0.05024
DAC-1,154,Pt,first,49.53777,0.04983
DAC-1,154,Ta,,27.08497,0.02633
DAC-1,154,Cu,,34.53742,0.07730
DAC-1,154,Au,,52.04425,0.05407
DAC-1,154,W,,25.82281,0.00689
DAC-1,154,hcp-Fe,,17.09432,0.02981
DAC-1,154,Pt,last,49.53314,0.04926
DAC-1,155,Pt,first,49.50438,0.04892
DAC-1,155,Ta,,27.05601,0.01649
DAC-1,155,Cu,,34.50413,0.08030
DAC-1,155,Au,,52.00136,0.05527
DAC-1,155,W,,25.80146,0.00788
DAC-1,155,hcp-Fe,,17.07901,0.03920
DAC-1,155,Pt,last,49.50190,0.04890
DAC-1,156,Pt,first,49.46438,0.04781
DAC-1,156,Ta,,27.03268,0.02888
DAC-1,156,Cu,,34.47437,0.08302
DAC-1,156,Au,,51.95991,0.05635
DAC-1,156,W,,25.79431,0.00784
DAC-1,156,hcp-Fe,,17.06618,0.01222
DAC-1,156,Pt,last,49.46343,0.04705
DAC-1,157,Pt,first,49.43112,0.04640
DAC-1,157,Ta,,26.99943,0.02439
DAC-1,157,Cu,,34.44146,0.07899
DAC-1,157,Au,,51.91627,0.05566
DAC-1,157,W,,25.77221,0.00890
DAC-1,157,hcp-Fe,,17.05331,0.04159
DAC-1,157,Pt,last,49.42602,0.04648
DAC-1,158,Pt,first,49.39470,0.04678
DAC-1,158,Ta,,26.97555,0.02462
DAC-1,158,Cu,,34.40649,0.07979
DAC-1,158,Au,,51.87172,0.05642
DAC-1,158,W,,25.77531,0.01590
DAC-1,158,hcp-Fe,,17.03862,0.01036
DAC-1,158,Pt,last,49.39108,0.04711
DAC-1,159,Pt,first,49.36335,0.04553
DAC-1,159,Ta,,26.94810,0.02911
DAC-1,159,Cu,,34.38044,0.07987
DAC-1,159,Au,,51.83887,0.05684
DAC-1,159,W,,25.75120,0.01295
DAC-1,159,hcp-Fe,,17.02315,0.02619
DAC-1,159,Pt,last,49.35964,0.04769
DAC-1,160,Pt,first,49.33199,0.04715
DAC-1,160,Ta,,26.92301,0.02676
DAC-1,160,Cu,,34.34513,0.08071
DAC-1,160,Au,,51.80996,0.05270
DAC-1,160,W,,25.73219,0.01277
DAC-1,160,hcp-Fe,,17.00943,0.02760
DAC-1,160,Pt,last,49.32818,0.04867
DAC-1,161,Pt,first,49.29230,0.04595
DAC-1,161,Ta,,26.89013,0.03035
DAC-1,161,Cu,,34.31011,0.07728
DAC-1,161,Au,,51.76744,0.05036
DAC-1,161,W,,25.71481,0.01241
DAC-1,161,hcp-Fe,,16.99733,0.03395
DAC-1,161,Pt,last,49.28702,0.04482
DAC-1,162,Pt,first,49.25667,0.04393
DAC-1,162,Ta,,26.86876,0.02855
DAC-1,162,Cu,,34.28369,0.07508
DAC-1,162,Au,,51.72903,0.04866
DAC-1,162,W,,25.70010,0.01317
DAC-1,162,hcp-Fe,,16.98417,0.04220
DAC-1,162,Pt,last,49.25306,0.04349
DAC-1,163,Pt,first,49.22573,0.04364
DAC-1,163,Ta,,26.83429,0.02926
DAC-1,163,Cu,,34.25492,0.07290
DAC-1,163,Au,,51.68980,0.04871
DAC-1,163,W,,25.69086,0.01654
DAC-1,163,hcp-Fe,,16.96451,0.04644
DAC-1,163,Pt,last,49.22272,0.04370
DAC-1,164,Pt,first,49.17635,0.03428
DAC-1,164,Ta,,26.80481,0.03175
DAC-1,164,Cu,,34.21550,0.06727
DAC-1,164,Au,,51.64799,0.05059
DAC-1,164,W,,25.65947,0.00970
DAC-1,164,hcp-Fe,,16.95206,0.03711
DAC-1,164,Pt,last,49.17733,0.03532
DAC-1,165,Pt,first,49.15074,0.03407
DAC-1,165,Ta,,26.78193,0.03200
DAC-1,165,Cu,,34.18458,0.06900
DAC-1,165,Au,,51.60548,0.05113
DAC-1,165,W,,25.64494,0.01281
DAC-1,165,hcp-Fe,,16.94026,0.03187
DAC-1,165,Pt,last,49.15257,0.03594
DAC-1,166,Pt,first,49.12744,0.03393
DAC-1,166,Ta,,26.75829,0.03265
DAC-1,166,Cu,,34.15852,0.07270
DAC-1,166,Au,,51.57360,0.04977
DAC-1,166,W,,25.62701,0.01089
DAC-1,166,hcp-Fe,,16.92311,0.01676
DAC-1,166,Pt,last,49.12544,0.03488
DAC-1,167,Pt,first,49.08740,0.03206
DAC-1,167,Ta,,26.72458,0.03986
DAC-1,167,Cu,,34.12042,0.07318
DAC-1,167,Au,,51.52019,0.05224
DAC-1,167,W,,25.60313,0.00907
DAC-1,167,hcp-Fe,,16.91200,0.02159
DAC-1,167,Pt,last,49.08700,0.03247
DAC-1,168,Pt,first,49.05976,0.02935
DAC-1,168,Ta,,26.70301,0.03026
DAC-1,168,Cu,,34.09548,0.07382
DAC-1,168,Au,,51.48978,0.04741
DAC-1,168,W,,25.59682,0.01306
DAC-1,168,hcp-Fe,,16.89970,0.02903
DAC-1,168,Pt,last,49.05958,0.03051
DAC-1,169,Pt,first,49.02993,0.02504
DAC-1,169,Ta,,26.67711,0.03246
DAC-1,169,Cu,,34.07036,0.07283
DAC-1,169,Au,,51.45420,0.05082
DAC-1,169,W,,25.57985,0.01694
DAC-1,169,hcp-Fe,,16.88895,0.03095
DAC-1,169,Pt,last,49.02898,0.02709
DAC-1,170,Pt,first,49.01030,0.02955
DAC-1,170,Ta,,26.65433,0.02796
DAC-1,170,Cu,,34.04464,0.07360
DAC-1,170,Au,,51.42543,0.05022
DAC-1,170,W,,25.56875,0.01843
DAC-1,170,hcp-Fe,,16.87819,0.02363
DAC-1,170,Pt,last,49.01072,0.03563
DAC-1,171,Pt,first,48.98064,0.03072
DAC-1,171,Ta,,26.63539,0.03313
DAC-1,171,Cu,,34.01334,0.07662
DAC-1,171,Au,,51.38949,0.04968
DAC-1,171,W,,25.55991,0.02249
DAC-1,171,hcp-Fe,,16.85925,0.02386
DAC-1,171,Pt,last,48.97780,0.03480
DAC-1,172,Pt,first,48.95028,0.03015
DAC-1,172,Ta,,26.61191,0.03733
DAC-1,172,Cu,,33.98590,0.07058
DAC-1,172,Au,,51.35024,0.05219
DAC-1,172,W,,25.54907,0.02615
DAC-1,172,hcp-Fe,,16.84809,0.02601
DAC-1,172,Pt,last,48.94701,0.03255
DAC-1,173,Pt,first,48.92194,0.03488
DAC-1,173,Ta,,26.59731,0.03674
DAC-1,173,Cu,,33.96445,0.07431
DAC-1,173,Au,,51.31995,0.05180
DAC-1,173,W,,25.51953,0.01727
DAC-1,173,hcp-Fe,,16.83463,0.02489
DAC-1,173,Pt,last,48.91984,0.03669
DAC-1,174,Pt,first,48.88748,0.02842
DAC-1,174,Ta,,26.56065,0.04116
DAC-1,174,Cu,,33.93823,0.06964
DAC-1,174,Au,,51.27725,0.05165
DAC-1,174,W,,25.49071,0.01084
DAC-1,174,hcp-Fe,,16.81769,0.02100
DAC-1,174,Pt,last,48.88736,0.03210
DAC-1,175,Pt,first,48.85998,0.02778
DAC-1,175,Ta,,26.52261,0.03140
DAC-1,175,Cu,,33.91216,0.06742
DAC-1,175,Au,,51.24090,0.04848
DAC-1,175,W,,25.47388,0.01079
DAC-1,175,hcp-Fe,,16.80360,0.01981
DAC-1,175,Pt,last,48.85812,0.02933
DAC-1,176,Pt,first,48.83199,0.02424
DAC-1,176,Ta,,26.50997,0.04522
DAC-1,176,Cu,,33.88826,0.06116
DAC-1,176,Au,,51.20941,0.04970
DAC-1,176,W,,25.45744,0.01071
DAC-1,176,hcp-Fe,,16.79539,0.03233
DAC-1,176,Pt,last,48.83143,0.04296
DAC-1,177,Pt,first,48.81062,0.02707
DAC-1,177,Ta,,26.49925,0.05194
DAC-1,177,Cu,,33.86752,0.06382
DAC-1,177,Au,,51.18078,0.04862
DAC-1,177,W,,25.44875,0.01233
DAC-1,177,hcp-Fe,,16.78597,0.03912
DAC-1,177,Pt,last,48.81275,0.04531
DAC-1,178,Pt,first,48.78428,0.02795
DAC-1,178,Ta,,26.48565,0.06003
DAC-1,178,Cu,,33.84798,0.06234
DAC-1,178,Au,,51.15184,0.05131
DAC-1,178,W,,25.42781,0.01145
DAC-1,178,hcp-Fe,,16.77186,0.03553
DAC-1,178,Pt,last,48.78293,0.05042
DAC-1,179,Pt,first,48.75419,0.02253
DAC-1,179,Ta,,26.44854,0.04548
DAC-1,179,Cu,,33.81954,0.06038
DAC-1,179,Au,,51.11632,0.04762
DAC-1,179,W,,25.41618,0.01309
DAC-1,179,hcp-Fe,,16.75312,0.03140
DAC-1,179,Pt,last,48.75442,0.04789
DAC-1,180,Pt,first,48.72849,0.02977
DAC-1,180,Ta,,26.42347,0.04276
DAC-1,180,Cu,,33.78870,0.05681
DAC-1,180,Au,,51.07534,0.04969
DAC-1,180,W,,25.39808,0.01249
DAC-1,180,hcp-Fe,,16.74078,0.03209
DAC-1,180,Pt,last,48.73076,0.05197
DAC-1,181,Pt,first,48.70647,0.02958
DAC-1,181,Ta,,26.40234,0.04930
DAC-1,181,Cu,,33.76892,0.05501
DAC-1,181,Au,,51.04237,0.05082
DAC-1,181,W,,25.38941,0.01347
DAC-1,181,hcp-Fe,,16.73153,0.03190
DAC-1,181,Pt,last,48.70958,0.06140
DAC-1,182,Pt,first,48.68818,0.02883
DAC-1,182,Ta,,26.37733,0.04411
DAC-1,182,Cu,,33.74674,0.04982
DAC-1,182,Au,,51.01040,0.04993
DAC-1,182,W,,25.38380,0.01796
DAC-1,182,hcp-Fe,,16.71779,0.02505
DAC-1,182,Pt,last,48.68809,0.06215
DAC-1,183,Pt,first,48.65378,0.02653
DAC-1,183,Ta,,26.35812,0.04270
DAC-1,183,Cu,,33.72371,0.04984
DAC-1,183,Au,,50.97787,0.04904
DAC-1,183,W,,25.36416,0.01512
DAC-1,183,hcp-Fe,,16.70842,0.02920
DAC-1,183,Pt,last,48.65603,0.05893
DAC-1,184,Pt,first,48.63062,0.02448
DAC-1,184,Ta,,26.34214,0.05559
DAC-1,184,Cu,,33.69883,0.04499
DAC-1,184,Au,,50.94735,0.05025
DAC-1,184,W,,25.34630,0.01295
DAC-1,184,hcp-Fe,,16.69639,0.02459
DAC-1,184,Pt,last,48.63500,0.06190
DAC-1,185,Pt,first,48.60555,0.01999
DAC-1,185,Ta,,26.32287,0.05587
DAC-1,185,Cu,,33.67831,0.04437
DAC-1,185,Au,,50.91557,0.04811
DAC-1,185,W,,25.31950,0.00962
DAC-1,185,hcp-Fe,,16.68253,0.03379
DAC-1,185,Pt,last,48.60689,0.05863
DAC-1,186,Pt,first,48.57171,0.02282
DAC-1,186,Ta,,26.29945,0.05553
DAC-1,186,Cu,,33.65162,0.03963
DAC-1,186,Au,,50.87514,0.05084
DAC-1,186,W,,25.30722,0.01211
DAC-1,186,hcp-Fe,,16.66852,0.02230
DAC-1,186,Pt,last,48.57277,0.05860
DAC-1,187,Pt,first,48.54372,0.02141
DAC-1,187,Ta,,26.27894,0.06290
DAC-1,187,Cu,,33.62636,0.03896
DAC-1,187,Au,,50.84097,0.04824
DAC-1,187,W,,25.29907,0.01632
DAC-1,187,hcp-Fe,,16.66198,0.03449
DAC-1,187,Pt,last,48.55040,0.11150
DAC-1,188,Pt,first,48.52205,0.02408
DAC-1,188,Ta,,26.25062,0.05644
DAC-1,188,Cu,,33.61018,0.03850
DAC-1,188,Au,,50.81481,0.04886
DAC-1,188,W,,25.28946,0.01703
DAC-1,188,hcp-Fe,,16.65080,0.05062
DAC-1,188,Pt,last,48.52907,0.11529
DAC-1,189,Pt,first,48.49872,0.02389
DAC-1,189,Ta,,26.24714,0.07631
DAC-1,189,Cu,,33.58235,0.03534
DAC-1,189,Au,,50.78503,0.05128
DAC-1,189,W,,25.26836,0.01541
DAC-1,189,hcp-Fe,,16.63422,0.03736
DAC-1,189,Pt,last,48.50900,0.14138
DAC-1,190,Pt,first,48.45930,0.02855
DAC-1,190,Ta,,26.21177,0.07080
DAC-1,190,Cu,,33.54888,0.03513
DAC-1,190,Au,,50.73485,0.05189
DAC-1,190,W,,25.24370,0.01477
DAC-1,190,hcp-Fe,,16.61447,0.03422
DAC-1,190,Pt,last,48.46175,0.15352
DAC-1,191,Pt,first,48.40431,0.01974
DAC-1,191,Ta,,26.17539,0.07074
DAC-1,191,Cu,,33.50330,0.03812
DAC-1,191,Au,,50.67682,0.05266
DAC-1,191,W,,25.22708,0.02303
DAC-1,191,hcp-Fe,,16.59404,0.03132
DAC-1,191,Pt,last,48.40819,0.11627
DAC-1,192,Pt,first,48.35689,0.01511
DAC-1,192,Ta,,26.14237,0.06876
DAC-1,192,Cu,,33.46316,0.04314
DAC-1,192,Au,,50.62003,0.05374
DAC-1,192,W,,25.19442,0.01897
DAC-1,192,hcp-Fe,,16.56590,0.03254
DAC-1,192,Pt,last,48.36329,0.12857
DAC-1,193,Pt,first,48.29800,0.01614
DAC-1,193,Ta,,26.07966,0.05494
DAC-1,193,Cu,,33.40717,0.04556
DAC-1,193,Au,,50.54538,0.05391
DAC-1,193,W,,25.17413,0.02445
DAC-1,193,hcp-Fe,,16.54602,0.03597
DAC-1,193,Pt,last,48.30260,0.11989
DAC-1,194,Pt,first,48.25323,0.01239
DAC-1,194,Ta,,26.05574,0.06740
DAC-1,194,Cu,,33.36614,0.04052
DAC-1,194,Au,,50.49371,0.05570
DAC-1,194,W,,25.15621,0.02962
DAC-1,194,hcp-Fe,,16.52653,0.02475
DAC-1,194,Pt,last,48.25910,0.11103
DAC-1,195,Pt,first,48.20775,0.01367
DAC-1,195,Ta,,26.01663,0.06475
DAC-1,195,Cu,,33.32634,0.03938
DAC-1,195,Au,,50.44198,0.05520
DAC-1,195,W,,25.10866,0.01911
DAC-1,195,hcp-Fe,,16.50899,0.03364
DAC-1,195,Pt,last,48.21636,0.14527
DAC-1,196,Pt,first,48.16317,0.01116
DAC-1,196,Ta,,25.98368,0.06692
DAC-1,196,Cu,,33.28307,0.04387
DAC-1,196,Au,,50.38114,0.05585
DAC-1,196,W,,25.09873,0.02532
DAC-1,196,hcp-Fe,,16.48730,0.02418
DAC-1,196,Pt,last,48.17139,0.14578
DAC-1,197,Pt,first,48.11633,0.01574
DAC-1,197,Ta,,25.94678,0.06258
DAC-1,197,Cu,,33.24448,0.03968
DAC-1,197,Au,,50.33185,0.05651
DAC-1,197,W,,25.07625,0.02908
DAC-1,197,hcp-Fe,,16.47047,0.02822
DAC-1,197,Pt,last,48.12383,0.12783
DAC-1,198,Pt,first,48.07202,0.01934
DAC-1,198,Ta,,25.91081,0.07542
DAC-1,198,Cu,,33.20679,0.04287
DAC-1,198,Au,,50.28093,0.05648
DAC-1,198,W,,25.04763,0.02784
DAC-1,198,hcp-Fe,,16.45293,0.03300
DAC-1,198,Pt,last,48.07745,0.13937
DAC-1,199,Pt,first,48.02703,0.02118
DAC-1,199,Cu,,33.16520,0.04461
DAC-1,199,Au,,50.22775,0.05675
DAC-1,199,W,,25.01961,0.02576
DAC-1,199,hcp-Fe,,16.42732,0.02613
DAC-1,199,Pt,last,48.03273,0.13011
DAC-1,200,Pt,first,47.97533,0.02043
DAC-1,200,Cu,,33.11091,0.04408
DAC-1,200,Au,,50.16037,0.05750
DAC-1,200,W,,25.00161,0.03394
DAC-1,200,hcp-Fe,,16.38881,0.04170
DAC-1,200,Pt,last,47.98380,0.13184
DAC-1,201,Pt,first,47.88977,0.01528
DAC-1,201,Cu,,33.03093,0.04192
DAC-1,201,Au,,50.07215,0.05453
DAC-1,201,W,,24.94552,0.02597
DAC-1,201,hcp-Fe,,16.37596,0.04389
DAC-1,201,Pt,last,47.90247,0.16550
DAC-1,202,Pt,first,47.86844,0.02014
DAC-1,202,Cu,,33.00613,0.04462
DAC-1,202,Au,,50.03703,0.05710
DAC-1,202,W,,24.93489,0.03052
DAC-1,202,hcp-Fe,,16.36542,0.06346
DAC-1,202,Pt,last,47.88013,0.15676
DAC-1,203,Pt,first,47.83641,0.01685
DAC-1,203,Cu,,32.97852,0.04309
DAC-1,203,Au,,49.99718,0.05866
DAC-1,203,W,,24.89619,0.01895
DAC-1,203,hcp-Fe,,16.34456,0.05393
DAC-1,203,Pt,last,47.85011,0.15125
DAC-1,204,Pt,first,47.79523,0.01619
DAC-1,204,Cu,,32.93550,0.04302
DAC-1,204,Au,,49.94322,0.05840
DAC-1,204,W,,24.86548,0.01780
DAC-1,204,hcp-Fe,,16.32934,0.05756
DAC-1,204,Pt,last,47.80431,0.15044
DAC-1,205,Pt,first,47.76082,0.01363
DAC-1,205,Cu,,32.90823,0.04982
DAC-1,205,Au,,49.89823,0.05948
DAC-1,205,W,,24.82711,0.00946
DAC-1,205,hcp-Fe,,16.31522,0.05607
DAC-1,205,Pt,last,47.77367,0.14389
DAC-1,206,Pt,first,47.72733,0.01278
DAC-1,206,Cu,,32.87421,0.05150
DAC-1,206,Au,,49.85424,0.06144
DAC-1,206,W,,24.82582,0.02178
DAC-1,206,hcp-Fe,,16.29486,0.03760
DAC-1,206,Pt,last,47.73557,0.14364
DAC-1,207,Pt,first,47.67869,0.02997
DAC-1,207,Cu,,32.83210,0.05100
DAC-1,207,Au,,49.79242,0.06176
DAC-1,207,W,,24.79781,0.02279
DAC-1,207,hcp-Fe,,16.28329,0.04464
DAC-1,207,Pt,last,47.68748,0.12748
DAC-1,208,Pt,first,47.63836,0.02361
DAC-1,208,Cu,,32.80006,0.05566
DAC-1,208,Au,,49.74638,0.06152
DAC-1,208,W,,24.76318,0.01586
DAC-1,208,hcp-Fe,,16.26732,0.04839
DAC-1,208,Pt,last,47.64766,0.12802
DAC-1,209,Pt,first,47.60369,0.02196
DAC-1,209,Cu,,32.76624,0.05495
DAC-1,209,Au,,49.69932,0.06066
DAC-1,209,W,,24.74804,0.02218
DAC-1,209,hcp-Fe,,16.25330,0.04446
DAC-1,209,Pt,last,47.61204,0.12711
DAC-1,210,Pt,first,47.56116,0.02707
DAC-1,210,Cu,,32.73221,0.05753
DAC-1,210,Au,,49.65413,0.06301
DAC-1,210,W,,24.72497,0.02398
DAC-1,210,hcp-Fe,,16.23681,0.03204
DAC-1,210,Pt,last,47.57147,0.12351
DAC-1,211,Pt,first,47.51961,0.02616
DAC-1,211,Cu,,32.69683,0.05540
DAC-1,211,Au,,49.60378,0.06264
DAC-1,211,W,,24.69794,0.02151
DAC-1,211,hcp-Fe,,16.21440,0.03619
DAC-1,211,Pt,last,47.52858,0.13066
DAC-1,212,Pt,first,47.46009,0.02223
DAC-1,212,Cu,,32.64844,0.05133
DAC-1,212,Au,,49.54409,0.06064
DAC-1,212,W,,24.66990,0.02033
DAC-1,212,hcp-Fe,,16.20077,0.04743
DAC-1,212,Pt,last,47.47310,0.13302
DAC-1,213,Pt,first,47.42530,0.04017
DAC-1,213,Cu,,32.61905,0.05015
DAC-1,213,Au,,49.49302,0.06359
DAC-1,213,W,,24.64784,0.02127
DAC-1,213,hcp-Fe,,16.19022,0.04337
DAC-1,213,Pt,last,47.43760,0.12794
DAC-1,214,Pt,first,47.39961,0.03520
DAC-1,214,Cu,,32.59040,0.04962
DAC-1,214,Au,,49.45622,0.06247
DAC-1,214,W,,24.63788,0.02824
DAC-1,214,hcp-Fe,,16.16852,0.03685
DAC-1,214,Pt,last,47.40483,0.12382
DAC-1,215,Pt,first,47.35055,0.03098
DAC-1,215,Cu,,32.54888,0.04946
DAC-1,215,Au,,49.39581,0.06318
DAC-1,215,W,,24.61034,0.02925
DAC-1,215,hcp-Fe,,16.15304,0.02893
DAC-1,215,Pt,last,47.35868,0.12781
DAC-1,216,Pt,first,47.31812,0.02792
DAC-1,216,Cu,,32.51963,0.04945
DAC-1,216,Au,,49.35283,0.06326
DAC-1,216,W,,24.60185,0.03761
DAC-1,216,hcp-Fe,,16.13856,0.04121
DAC-1,216,Pt,last,47.32689,0.12592
DAC-1,217,Pt,first,47.27727,0.04827
DAC-1,217,Cu,,32.48665,0.04853
DAC-1,217,Au,,49.30890,0.06335
DAC-1,217,W,,24.57782,0.03924
DAC-1,217,hcp-Fe,,16.12444,0.01724
DAC-1,217,Pt,last,47.28505,0.12010
DAC-1,218,Pt,first,47.23936,0.04261
DAC-1,218,Cu,,32.45283,0.04799
DAC-1,218,Au,,49.25969,0.06116
DAC-1,218,W,,24.55206,0.03594
DAC-1,218,hcp-Fe,,16.11266,0.03045
DAC-1,218,Pt,last,47.24595,0.11078
DAC-1,219,Pt,first,47.20248,0.03777
DAC-1,219,Cu,,32.41715,0.04877
DAC-1,219,Au,,49.21747,0.05984
DAC-1,219,W,,24.53478,0.03756
DAC-1,219,hcp-Fe,,16.09791,0.02729
DAC-1,219,Pt,last,47.20972,0.11159
DAC-1,220,Pt,first,47.16727,0.06471
DAC-1,220,Cu,,32.39232,0.05165
DAC-1,220,Au,,49.17059,0.06184
DAC-1,220,W,,24.51075,0.03404
DAC-1,220,hcp-Fe,,16.08581,0.02697
DAC-1,220,Pt,last,47.17505,0.11274
DAC-1,221,Pt,first,47.13190,0.05921
DAC-1,221,Cu,,32.35977,0.04962
DAC-1,221,Au,,49.13237,0.05946
DAC-1,221,W,,24.49364,0.03482
DAC-1,221,hcp-Fe,,16.06934,0.01422
DAC-1,221,Pt,last,47.13718,0.10471
DAC-1,222,Pt,first,47.09385,0.05118
DAC-1,222,Cu,,32.32318,0.05278
DAC-1,222,Au,,49.08131,0.05899
DAC-1,222,W,,24.47683,0.03975
DAC-1,222,hcp-Fe,,16.05712,0.02085
DAC-1,222,Pt,last,47.09893,0.10091
DAC-1,223,Pt,first,47.05935,0.04739
DAC-1,223,Cu,,32.29090,0.04794
DAC-1,223,Au,,49.03829,0.06006
DAC-1,223,W,,24.44663,0.03438
DAC-1,223,hcp-Fe,,16.03747,0.02157
DAC-1,223,Pt,last,47.06533,0.10856
DAC-1,224,Pt,first,47.02189,0.07667
DAC-1,224,Cu,,32.26639,0.04657
DAC-1,224,Au,,48.99054,0.06052
DAC-1,224,W,,24.40863,0.02558
DAC-1,224,hcp-Fe,,16.02311,0.02285
DAC-1,224,Pt,last,47.02833,0.10924
DAC-1,225,Pt,first,46.98370,0.06945
DAC-1,225,Cu,,32.23347,0.04937
DAC-1,225,Au,,48.95065,0.05811
DAC-1,225,W,,24.39437,0.03159
DAC-1,225,hcp-Fe,,16.01345,0.02539
DAC-1,225,Pt,last,46.98979,0.11003
DAC-1,226,Pt,first,46.95173,0.06401
DAC-1,226,Cu,,32.20073,0.04785
DAC-1,226,Au,,48.90177,0.05934
DAC-1,226,W,,24.36580,0.02608
DAC-1,226,hcp-Fe,,15.99869,0.02578
DAC-1,226,Pt,last,46.95422,0.10436
DAC-1,227,Pt,first,46.91533,0.05998
DAC-1,227,Cu,,32.17128,0.04895
DAC-1,227,Au,,48.85844,0.05728
DAC-1,227,W,,24.35774,0.03369
DAC-1,227,hcp-Fe,,15.98490,0.02713
DAC-1,227,Pt,last,46.92160,0.10684
DAC-1,228,Pt,first,46.87693,0.08377
DAC-1,228,Cu,,32.13666,0.04924
DAC-1,228,Au,,48.81535,0.05928
DAC-1,228,Pt,last,46.88416,0.10297
DAC-2,1,Pt,first,59.68116,0.02422
DAC-2,1,Ta,,35.59992,0.01777
DAC-2,1,Cu,,46.29190,0.03452
DAC-2,1,Au,,66.68144,0.05010
DAC-2,1,Mo,,30.82583,0.03424
DAC-2,1,bcc-Fe,,23.12581,0.01215
DAC-2,1,MgO,,73.25306,0.05531
DAC-2,1,NaCl-B1,,162.26096,0.18046
DAC-2,1,Pt,last,59.69919,0.02557
DAC-2,2,Pt,first,59.60671,0.03234
DAC-2,2,Ta,,35.53669,0.01878
DAC-2,2,Cu,,46.19571,0.03813
DAC-2,2,Au,,66.54409,0.05548
DAC-2,2,Mo,,30.78030,0.03129
DAC-2,2,bcc-Fe,,23.08041,0.02439
DAC-2,2,MgO,,73.07638,0.08095
DAC-2,2,NaCl-B1,,160.70108,0.14586
DAC-2,2,Pt,last,59.61803,0.02530
DAC-2,3,Pt,first,59.55086,0.04724
DAC-2,3,Ta,,35.48148,0.02106
DAC-2,3,Cu,,46.11743,0.03469
DAC-2,3,Au,,66.44357,0.04988
DAC-2,3,Mo,,30.75339,0.04101
DAC-2,3,bcc-Fe,,23.04732,0.02249
DAC-2,3,MgO,,73.01695,0.18344
DAC-2,3,NaCl-B1,,159.51015,0.11689
DAC-2,3,Pt,last,59.57369,0.04112
DAC-2,4,Pt,first,59.48052,0.04543
DAC-2,4,Ta,,35.41731,0.02321
DAC-2,4,Cu,,45.99696,0.02726
DAC-2,4,Au,,66.30326,0.05338
DAC-2,4,Mo,,30.70315,0.03668
DAC-2,4,bcc-Fe,,22.99292,0.02839
DAC-2,4,MgO,,72.78721,0.13243
DAC-2,4,NaCl-B1,,158.18157,0.24223
DAC-2,4,Pt,last,59.49145,0.04020
DAC-2,5,Pt,first,59.38642,0.05105
DAC-2,5,Ta,,35.35030,0.02384
DAC-2,5,Cu,,45.85033,0.04500
DAC-2,5,Au,,66.13723,0.05857
DAC-2,5,Mo,,30.63716,0.04037
DAC-2,5,bcc-Fe,,22.92888,0.02917
DAC-2,5,MgO,,72.61656,0.09743
DAC-2,5,NaCl-B1,,156.36038,0.17607
DAC-2,5,Pt,last,59.39974,0.04838
DAC-2,6,Pt,first,59.27025,0.04029
DAC-2,6,Ta,,35.25440,0.02653
DAC-2,6,Cu,,45.68448,0.05120
DAC-2,6,Au,,65.94655,0.04836
DAC-2,6,Mo,,30.55470,0.03073
DAC-2,6,bcc-Fe,,22.85342,0.02312
DAC-2,6,MgO,,72.39411,0.18214
DAC-2,6,NaCl-B1,,154.50928,0.29710
DAC-2,6,Pt,last,59.29134,0.04089
DAC-2,7,Pt,first,59.13810,0.03047
DAC-2,7,Ta,,35.16877,0.01565
DAC-2,7,Cu,,45.49425,0.05929
DAC-2,7,Au,,65.73543,0.06219
DAC-2,7,Mo,,30.48113,0.02346
DAC-2,7,bcc-Fe,,22.76999,0.02173
DAC-2,7,MgO,,72.11449,0.10035
DAC-2,7,NaCl-B1,,152.46665,0.26153
DAC-2,7,Pt,last,59.15878,0.03854
DAC-2,8,Pt,first,59.05161,0.05328
DAC-2,8,Ta,,35.07095,0.02331
DAC-2,8,Cu,,45.32361,0.07028
DAC-2,8,Au,,65.54216,0.06767
DAC-2,8,Mo,,30.41794,0.02623
DAC-2,8,bcc-Fe,,22.70580,0.02733
DAC-2,8,MgO,,71.84798,0.03859
DAC-2,8,NaCl-B1,,150.71213,0.32545
DAC-2,8,Pt,last,59.05476,0.06017
DAC-2,9,Pt,first,58.91459,0.04126
DAC-2,9,Ta,,34.97325,0.02062
DAC-2,9,Cu,,45.14568,0.06310
DAC-2,9,Au,,65.33430,0.06587
DAC-2,9,Mo,,30.34889,0.02947
DAC-2,9,bcc-Fe,,22.62110,0.02448
DAC-2,9,MgO,,71.52390,0.04527
DAC-2,9,NaCl-B1,,148.67723,0.10402
DAC-2,9,Pt,last,58.94422,0.06564
DAC-2,10,Pt,first,58.76556,0.04810
DAC-2,10,Ta,,34.87060,0.02510
DAC-2,10,Cu,,44.95162,0.05287
DAC-2,10,Au,,65.11356,0.06719
DAC-2,10,Mo,,30.26730,0.02403
DAC-2,10,bcc-Fe,,22.53552,0.02421
DAC-2,10,MgO,,71.37063,0.15645
DAC-2,10,NaCl-B1,,147.00565,0.15261
DAC-2,10,Pt,last,58.75870,0.05436
DAC-2,11,Pt,first,58.62239,0.04644
DAC-2,11,Ta,,34.76722,0.02046
DAC-2,11,Cu,,44.75183,0.05350
DAC-2,11,Au,,64.89342,0.06672
DAC-2,11,Mo,,30.17974,0.02475
DAC-2,11,bcc-Fe,,22.46117,0.02290
DAC-2,11,MgO,,71.07822,0.08638
DAC-2,11,NaCl-B1,,145.14903,0.14929
DAC-2,11,Pt,last,58.63141,0.03440
DAC-2,12,Pt,first,58.48234,0.03888
DAC-2,12,Ta,,34.67092,0.01908
DAC-2,12,Cu,,44.54832,0.05285
DAC-2,12,Au,,64.68158,0.07902
DAC-2,12,Mo,,30.10103,0.02353
DAC-2,12,bcc-Fe,,22.38180,0.01956
DAC-2,12,MgO,,70.70240,0.04858
DAC-2,12,NaCl-B1,,143.48995,0.24886
DAC-2,12,Pt,last,58.48408,0.04279
DAC-2,13,Pt,first,58.31998,0.07430
DAC-2,13,Ta,,34.56347,0.02355
DAC-2,13,Cu,,44.33808,0.04826
DAC-2,13,Au,,64.46775,0.06881
DAC-2,13,Mo,,30.03087,0.02149
DAC-2,13,bcc-Fe,,22.30251,0.01981
DAC-2,13,MgO,,70.45900,0.04122
DAC-2,13,NaCl-B1,,141.91437,0.26547
DAC-2,13,Pt,last,58.32136,0.07850
DAC-2,14,Pt,first,58.15824,0.04331
DAC-2,14,Ta,,34.45891,0.02211
DAC-2,14,Cu,,44.13006,0.04067
DAC-2,14,Au,,64.26060,0.06886
DAC-2,14,Mo,,29.95637,0.02745
DAC-2,14,bcc-Fe,,22.22567,0.01742
DAC-2,14,MgO,,70.19613,0.06836
DAC-2,14,NaCl-B1,,140.25907,0.25381
DAC-2,14,Pt,last,58.18313,0.03660
DAC-2,15,Pt,first,58.07875,0.04198
DAC-2,15,Ta,,34.31573,0.01988
DAC-2,15,Cu,,43.94349,0.03454
DAC-2,15,Au,,64.05859,0.07223
DAC-2,15,Mo,,29.86866,0.02593
DAC-2,15,bcc-Fe,,22.15089,0.01812
DAC-2,15,MgO,,70.00689,0.03643
DAC-2,15,NaCl-B1,,138.81507,0.21205
DAC-2,15,Pt,last,58.06428,0.04162
DAC-2,16,Pt,first,57.94309,0.02012
DAC-2,16,Ta,,34.16842,0.02795
DAC-2,16,Cu,,43.76504,0.02956
DAC-2,16,Au,,63.86820,0.08427
DAC-2,16,Mo,,29.79652,0.02760
DAC-2,16,bcc-Fe,,22.07600,0.00917
DAC-2,16,MgO,,69.77837,0.03826
DAC-2,16,NaCl-B1,,137.55486,0.30998
DAC-2,16,Pt,last,57.98370,0.03894
DAC-2,17,Pt,first,57.77843,0.04821
DAC-2,17,Ta,,33.98671,0.03801
DAC-2,17,Cu,,43.56385,0.02838
DAC-2,17,Au,,63.62276,0.08499
DAC-2,17,Mo,,29.70992,0.02247
DAC-2,17,bcc-Fe,,21.98090,0.01277
DAC-2,17,MgO,,69.44187,0.13689
DAC-2,17,NaCl-B1,,135.56229,0.21483
DAC-2,17,Pt,last,57.81433,0.03242
DAC-2,18,Pt,first,57.72030,0.03600
DAC-2,18,Ta,,33.90494,0.04334
DAC-2,18,Cu,,43.46877,0.02988
DAC-2,18,Au,,63.54938,0.07067
DAC-2,18,Mo,,29.68452,0.01903
DAC-2,18,bcc-Fe,,21.95471,0.01516
DAC-2,18,MgO,,69.35456,0.07731
DAC-2,18,NaCl-B1,,135.39447,0.24671
DAC-2,18,Pt,last,57.71286,0.04332
DAC-2,19,Pt,first,57.60767,0.02947
DAC-2,19,Ta,,33.79551,0.04971
DAC-2,19,Cu,,43.33200,0.03701
DAC-2,19,Au,,63.38571,0.08372
DAC-2,19,Mo,,29.62160,0.02427
DAC-2,19,bcc-Fe,,21.88953,0.01240
DAC-2,19,MgO,,69.18327,0.08826
DAC-2,19,NaCl-B1,,134.22088,0.17179
DAC-2,19,Pt,last,57.55702,0.04744
DAC-2,20,Pt,first,57.49999,0.02955
DAC-2,20,Ta,,33.68876,0.05018
DAC-2,20,Cu,,43.18093,0.04514
DAC-2,20,Au,,63.21908,0.09662
DAC-2,20,Mo,,29.55580,0.01910
DAC-2,20,bcc-Fe,,21.82813,0.02017
DAC-2,20,MgO,,68.88087,0.10446
DAC-2,20,NaCl-B1,,133.08206,0.08995
DAC-2,20,Pt,last,57.49123,0.03554
DAC-2,21,Pt,first,57.37967,0.04300
DAC-2,21,Ta,,33.58723,0.04403
DAC-2,21,Cu,,43.03867,0.04467
DAC-2,21,Au,,63.06112,0.08584
DAC-2,21,Mo,,29.49017,0.02205
DAC-2,21,bcc-Fe,,21.76379,0.01693
DAC-2,21,MgO,,68.67958,0.12647
DAC-2,21,NaCl-B1,,131.96789,0.11965
DAC-2,21,Pt,last,57.35821,0.04216
DAC-2,22,Pt,first,57.27362,0.04418
DAC-2,22,Ta,,33.49199,0.04141
DAC-2,22,Cu,,42.90423,0.05080
DAC-2,22,Au,,62.89961,0.07334
DAC-2,22,Mo,,29.43372,0.02483
DAC-2,22,hcp-Fe,,20.76078,0.20619
DAC-2,22,MgO,,68.50596,0.15691
DAC-2,22,NaCl-B1,,130.99103,0.10353
DAC-2,22,Pt,last,57.22593,0.04694
DAC-2,23,Pt,first,57.14229,0.03119
DAC-2,23,Ta,,33.39426,0.03567
DAC-2,23,Cu,,42.76905,0.06036
DAC-2,23,Au,,62.75008,0.08003
DAC-2,23,Mo,,29.37734,0.02432
DAC-2,23,hcp-Fe,,20.70602,0.18643
DAC-2,23,MgO,,68.34687,0.15271
DAC-2,23,NaCl-B1,,130.26741,0.19664
DAC-2,23,Pt,last,57.12804,0.03209
DAC-2,24,Pt,first,57.07328,0.00927
DAC-2,24,Ta,,33.30732,0.03691
DAC-2,24,Cu,,42.64439,0.06650
DAC-2,24,Au,,62.60217,0.07682
DAC-2,24,Mo,,29.32336,0.02982
DAC-2,24,hcp-Fe,,20.64661,0.11564
DAC-2,24,MgO,,68.14034,0.13555
DAC-2,24,NaCl-B1,,129.31101,0.08814
DAC-2,24,Pt,last,57.06489,0.00447
DAC-2,25,Pt,first,56.97446,0.03323
DAC-2,25,Ta,,33.21522,0.02326
DAC-2,25,Cu,,42.52172,0.05908
DAC-2,25,Au,,62.45696,0.07777
DAC-2,25,Mo,,29.25956,0.02212
DAC-2,25,hcp-Fe,,20.59612,0.07963
DAC-2,25,MgO,,67.92281,0.22580
DAC-2,25,NaCl-B1,,128.39271,0.11302
DAC-2,25,Pt,last,56.93895,0.03284
DAC-2,26,Pt,first,56.85437,0.02175
DAC-2,26,Ta,,33.13483,0.03493
DAC-2,26,Cu,,42.38405,0.04189
DAC-2,26,Au,,62.31584,0.08591
DAC-2,26,Mo,,29.21106,0.03233
DAC-2,26,hcp-Fe,,20.54897,0.07420
DAC-2,26,MgO,,67.72918,0.15751
DAC-2,26,NaCl-B1,,127.57253,0.08945
DAC-2,26,Pt,last,56.80743,0.02676
DAC-2,27,Pt,first,56.63160,0.03410
DAC-2,27,Ta,,32.83932,0.02255
DAC-2,27,Cu,,42.14686,0.05544
DAC-2,27,Au,,61.97568,0.06213
DAC-2,27,W,,29.93479,0.01010
DAC-2,27,Mo,,29.07296,0.03079
DAC-2,27,hcp-Fe,,20.36915,0.05769
DAC-2,27,MgO,,67.35209,0.06135
DAC-2,27,NaCl-B1,,125.82786,0.09568
DAC-2,27,Pt,last,56.63763,0.03262
DAC-2,28,Pt,first,56.61584,0.03328
DAC-2,28,Ta,,32.83024,0.02402
DAC-2,28,Cu,,42.13619,0.05481
DAC-2,28,Au,,61.96239,0.06424
DAC-2,28,W,,29.93169,0.00954
DAC-2,28,Mo,,29.06639,0.02683
DAC-2,28,hcp-Fe,,20.36644,0.05630
DAC-2,28,MgO,,67.32717,0.10028
DAC-2,28,NaCl-B1,,125.71312,0.11840
DAC-2,28,Pt,last,56.62543,0.03155
DAC-2,29,Pt,first,56.60525,0.03176
DAC-2,29,Ta,,32.82157,0.01834
DAC-2,29,Cu,,42.11700,0.04973
DAC-2,29,Au,,61.95595,0.06986
DAC-2,29,W,,29.92675,0.01031
DAC-2,29,Mo,,29.05768,0.02846
DAC-2,29,hcp-Fe,,20.35097,0.06504
DAC-2,29,MgO,,67.36003,0.09890
DAC-2,29,NaCl-B1,,125.56440,0.13094
DAC-2,29,Pt,last,56.61496,0.03210
DAC-2,30,Pt,first,56.58392,0.03073
DAC-2,30,Ta,,32.80451,0.01805
DAC-2,30,Cu,,42.09833,0.05200
DAC-2,30,Au,,61.93650,0.06707
DAC-2,30,W,,29.92081,0.01099
DAC-2,30,Mo,,29.05031,0.02749
DAC-2,30,hcp-Fe,,20.34513,0.03608
DAC-2,30,MgO,,67.28138,0.09081
DAC-2,30,NaCl-B1,,125.37290,0.08491
DAC-2,30,Pt,last,56.59755,0.02936
DAC-2,31,Pt,first,56.56202,0.02855
DAC-2,31,Ta,,32.78559,0.01738
DAC-2,31,Cu,,42.07066,0.05191
DAC-2,31,Au,,61.90979,0.07540
DAC-2,31,W,,29.91254,0.01027
DAC-2,31,Mo,,29.03442,0.03147
DAC-2,31,hcp-Fe,,20.33306,0.05002
DAC-2,31,MgO,,67.25244,0.16034
DAC-2,31,NaCl-B1,,125.09865,0.10293
DAC-2,31,Pt,last,56.57910,0.02911
DAC-2,32,Pt,first,56.35038,0.05599
DAC-2,32,Ta,,32.64600,0.01206
DAC-2,32,Cu,,41.80335,0.05272
DAC-2,32,Au,,61.59383,0.07125
DAC-2,32,W,,29.82172,0.01585
DAC-2,32,Mo,,28.95920,0.02433
DAC-2,32,hcp-Fe,,20.22077,0.01571
DAC-2,32,MgO,,66.83494,0.04367
DAC-2,32,NaCl-B1,,123.78621,0.14385
DAC-2,32,Pt,last,56.33411,0.05511
DAC-2,33,Pt,first,56.33704,0.05642
DAC-2,33,Ta,,32.63599,0.01429
DAC-2,33,Cu,,41.79761,0.05472
DAC-2,33,Au,,61.58513,0.07401
DAC-2,33,W,,29.82056,0.01650
DAC-2,33,Mo,,28.95091,0.02086
DAC-2,33,hcp-Fe,,20.21878,0.00759
DAC-2,33,MgO,,66.79681,0.08606
DAC-2,33,NaCl-B1,,123.61149,0.08717
DAC-2,33,Pt,last,56.32148,0.05534
DAC-2,34,Pt,first,56.30338,0.05479
DAC-2,34,Ta,,32.61628,0.01537
DAC-2,34,Cu,,41.77661,0.05521
DAC-2,34,Au,,61.57069,0.07890
DAC-2,34,W,,29.81549,0.01989
DAC-2,34,Mo,,28.94049,0.01983
DAC-2,34,hcp-Fe,,20.19815,0.01448
DAC-2,34,MgO,,66.78447,0.06855
DAC-2,34,NaCl-B1,,123.33265,0.09583
DAC-2,34,Pt,last,56.29219,0.05597
DAC-2,35,Pt,first,56.28118,0.05560
DAC-2,35,Ta,,32.59674,0.01584
DAC-2,35,Cu,,41.74471,0.05451
DAC-2,35,Au,,61.54868,0.09025
DAC-2,35,W,,29.80515,0.02460
DAC-2,35,Mo,,28.92049,0.02057
DAC-2,35,hcp-Fe,,20.19154,0.01205
DAC-2,35,MgO,,66.72313,0.07610
DAC-2,35,NaCl-B1,,123.26600,0.08441
DAC-2,35,Pt,last,56.26234,0.05630
DAC-2,36,Pt,first,56.25348,0.05776
DAC-2,36,Ta,,32.57243,0.01267
DAC-2,36,Cu,,41.72100,0.05972
DAC-2,36,Au,,61.51031,0.09145
DAC-2,36,W,,29.78981,0.04958
DAC-2,36,Mo,,28.90686,0.02616
DAC-2,36,hcp-Fe,,20.17604,0.01995
DAC-2,36,MgO,,66.67327,0.12455
DAC-2,36,NaCl-B1,,123.05166,0.08481
DAC-2,36,Pt,last,56.23908,0.05792
DAC-2,37,Pt,first,56.21991,0.05870
DAC-2,37,Ta,,32.53824,0.01408
DAC-2,37,Cu,,41.67636,0.05416
DAC-2,37,Au,,61.46583,0.09003
DAC-2,37,W,,29.76920,0.04620
DAC-2,37,Mo,,28.88569,0.02758
DAC-2,37,hcp-Fe,,20.16536,0.01656
DAC-2,37,MgO,,66.65353,0.03090
DAC-2,37,NaCl-B1,,122.77876,0.07909
DAC-2,37,Pt,last,56.20073,0.05802
DAC-2,38,Pt,first,56.17300,0.04540
DAC-2,38,Ta,,32.50549,0.01654
DAC-2,38,Cu,,41.62228,0.05209
DAC-2,38,Au,,61.40945,0.08626
DAC-2,38,W,,29.74896,0.05348
DAC-2,38,Mo,,28.87201,0.03173
DAC-2,38,hcp-Fe,,20.13750,0.01776
DAC-2,38,MgO,,66.54072,0.07094
DAC-2,38,NaCl-B1,,122.43880,0.09609
DAC-2,38,Pt,last,56.14803,0.04770
DAC-2,39,Pt,first,56.12510,0.03567
DAC-2,39,Ta,,32.46214,0.01718
DAC-2,39,Cu,,41.56167,0.05104
DAC-2,39,Au,,61.34757,0.09728
DAC-2,39,W,,29.72579,0.05047
DAC-2,39,Mo,,28.82179,0.03460
DAC-2,39,hcp-Fe,,20.11781,0.00989
DAC-2,39,MgO,,66.48770,0.08709
DAC-2,39,NaCl-B1,,122.01870,0.06315
DAC-2,39,Pt,last,56.09951,0.03958
DAC-2,40,Pt,first,56.07755,0.03008
DAC-2,40,Ta,,32.41412,0.01562
DAC-2,40,Cu,,41.50789,0.05695
DAC-2,40,Au,,61.27970,0.10768
DAC-2,40,W,,29.69564,0.10874
DAC-2,40,Mo,,28.80183,0.02914
DAC-2,40,hcp-Fe,,20.09203,0.01055
DAC-2,40,MgO,,66.35331,0.09080
DAC-2,40,NaCl-B1,,121.63197,0.08106
DAC-2,40,Pt,last,56.04964,0.03532
DAC-2,41,Pt,first,56.02416,0.02674
DAC-2,41,Ta,,32.36620,0.01389
DAC-2,41,Cu,,41.44443,0.05542
DAC-2,41,Au,,61.21036,0.10716
DAC-2,41,W,,29.67061,0.14145
DAC-2,41,Mo,,28.77743,0.03321
DAC-2,41,hcp-Fe,,20.06632,0.01955
DAC-2,41,MgO,,66.26680,0.07939
DAC-2,41,NaCl-B1,,121.27823,0.09867
DAC-2,41,Pt,last,56.00268,0.02890
DAC-2,42,Pt,first,55.96950,0.02436
DAC-2,42,Ta,,32.32167,0.01359
DAC-2,42,Cu,,41.37410,0.05072
DAC-2,42,Au,,61.12721,0.11291
DAC-2,42,W,,29.64071,0.06746
DAC-2,42,Mo,,28.73851,0.03747
DAC-2,42,hcp-Fe,,20.04208,0.01867
DAC-2,42,MgO,,66.19966,0.06928
DAC-2,42,NaCl-B1,,120.85924,0.10430
DAC-2,42,Pt,last,55.94463,0.02911
DAC-2,43,Pt,first,55.91386,0.02425
DAC-2,43,Ta,,32.27213,0.01838
DAC-2,43,Cu,,41.31176,0.04618
DAC-2,43,Au,,61.04878,0.11711
DAC-2,43,W,,29.61180,0.07995
DAC-2,43,Mo,,28.71473,0.03393
DAC-2,43,hcp-Fe,,20.01231,0.01499
DAC-2,43,MgO,,66.08217,0.07086
DAC-2,43,NaCl-B1,,120.41257,0.07052
DAC-2,43,Pt,last,55.89420,0.02634
DAC-2,44,Pt,first,55.85484,0.02594
DAC-2,44,Ta,,32.22038,0.01280
DAC-2,44,Cu,,41.24800,0.04905
DAC-2,44,Au,,60.97372,0.11694
DAC-2,44,W,,29.58213,0.05378
DAC-2,44,Mo,,28.69401,0.03511
DAC-2,44,hcp-Fe,,19.97635,0.02355
DAC-2,44,MgO,,65.91513,0.07634
DAC-2,44,NaCl-B1,,119.98508,0.09174
DAC-2,44,Pt,last,55.83781,0.02792
DAC-2,45,Pt,first,55.79906,0.02610
DAC-2,45,Ta,,32.17425,0.01121
DAC-2,45,Cu,,41.18405,0.04697
DAC-2,45,Au,,60.88848,0.11895
DAC-2,45,W,,29.55181,0.04905
DAC-2,45,Mo,,28.65290,0.03524
DAC-2,45,hcp-Fe,,19.95399,0.01601
DAC-2,45,MgO,,65.82321,0.07588
DAC-2,45,NaCl-B1,,119.59331,0.06390
DAC-2,45,Pt,last,55.79104,0.02840
DAC-2,46,Pt,first,55.74188,0.02956
DAC-2,46,Ta,,32.13102,0.01062
DAC-2,46,Cu,,41.11599,0.04353
DAC-2,46,Au,,60.81893,0.12234
DAC-2,46,W,,29.52071,0.07945
DAC-2,46,Mo,,28.60605,0.03432
DAC-2,46,hcp-Fe,,19.92564,0.02088
DAC-2,46,MgO,,65.80916,0.03893
DAC-2,46,NaCl-B1,,119.17323,0.03879
DAC-2,46,Pt,last,55.73726,0.03376
DAC-2,47,Pt,first,55.69093,0.03311
DAC-2,47,Ta,,32.08786,0.01068
DAC-2,47,Cu,,41.05475,0.04035
DAC-2,47,Au,,60.74295,0.12742
DAC-2,47,W,,29.49241,0.10431
DAC-2,47,Mo,,28.58081,0.03328
DAC-2,47,hcp-Fe,,19.89684,0.01694
DAC-2,47,MgO,,65.64863,0.10153
DAC-2,47,NaCl-B1,,118.76976,0.06616
DAC-2,47,Pt,last,55.68730,0.03316
DAC-2,48,Pt,first,55.63277,0.03259
DAC-2,48,Ta,,32.04239,0.01141
DAC-2,48,Cu,,40.98927,0.03953
DAC-2,48,Au,,60.67019,0.13071
DAC-2,48,W,,29.46282,0.09382
DAC-2,48,Mo,,28.54731,0.03781
DAC-2,48,hcp-Fe,,19.88018,0.03492
DAC-2,48,MgO,,65.50181,0.10361
DAC-2,48,NaCl-B1,,118.32222,0.10853
DAC-2,48,Pt,last,55.63170,0.03304
DAC-2,49,Pt,first,55.57473,0.03206
DAC-2,49,Ta,,32.00761,0.01593
DAC-2,49,Cu,,40.93541,0.03844
DAC-2,49,Au,,60.58613,0.14012
DAC-2,49,W,,29.43542,0.12444
DAC-2,49,Mo,,28.50734,0.03870
DAC-2,49,hcp-Fe,,19.85480,0.03237
DAC-2,49,MgO,,65.47015,0.05584
DAC-2,49,NaCl-B1,,117.98005,0.06048
DAC-2,49,Pt,last,55.57993,0.03509
DAC-2,50,Pt,first,55.52633,0.03747
DAC-2,50,Ta,,31.96476,0.02180
DAC-2,50,Cu,,40.87942,0.03481
DAC-2,50,Au,,60.51666,0.13580
DAC-2,50,W,,29.40459,0.07262
DAC-2,50,Mo,,28.48683,0.03489
DAC-2,50,hcp-Fe,,19.83082,0.01789
DAC-2,50,MgO,,65.40929,0.05883
DAC-2,50,NaCl-B1,,117.62534,0.10214
DAC-2,50,Pt,last,55.53362,0.04100
DAC-2,51,Pt,first,55.47702,0.03955
DAC-2,51,Ta,,31.93105,0.02159
DAC-2,51,Cu,,40.81699,0.03211
DAC-2,51,Au,,60.44494,0.14125
DAC-2,51,W,,29.37708,0.11585
DAC-2,51,Mo,,28.45556,0.03513
DAC-2,51,hcp-Fe,,19.80481,0.01050
DAC-2,51,MgO,,65.24695,0.12819
DAC-2,51,NaCl-B1,,117.24718,0.14202
DAC-2,51,Pt,last,55.49384,0.04276
DAC-2,52,Pt,first,55.41813,0.03194
DAC-2,52,Ta,,31.87729,0.01947
DAC-2,52,Cu,,40.75925,0.03228
DAC-2,52,Au,,60.37478,0.13928
DAC-2,52,W,,29.34978,0.12336
DAC-2,52,Mo,,28.41957,0.03215
DAC-2,52,hcp-Fe,,19.78266,0.02303
DAC-2,52,MgO,,65.17557,0.18137
DAC-2,52,NaCl-B1,,116.98160,0.09341
DAC-2,52,Pt,last,55.42817,0.03142
DAC-2,53,Pt,first,55.35490,0.03069
DAC-2,53,Ta,,31.83273,0.01921
DAC-2,53,Cu,,40.70183,0.03294
DAC-2,53,Au,,60.30312,0.14670
DAC-2,53,W,,29.31824,0.10550
DAC-2,53,Mo,,28.39289,0.02895
DAC-2,53,hcp-Fe,,19.75951,0.04070
DAC-2,53,MgO,,65.10822,0.15196
DAC-2,53,NaCl-B1,,116.64219,0.12574
DAC-2,53,Pt,last,55.38886,0.02562
DAC-2,54,Pt,first,55.29813,0.02237
DAC-2,54,Ta,,31.78397,0.01559
DAC-2,54,Cu,,40.63672,0.02792
DAC-2,54,Au,,60.22774,0.15002
DAC-2,54,W,,29.28734,0.68240
DAC-2,54,Mo,,28.35500,0.02567
DAC-2,54,hcp-Fe,,19.73076,0.02198
DAC-2,54,MgO,,65.03279,0.07937
DAC-2,54,NaCl-B1,,116.23462,0.18341
DAC-2,54,Pt,last,55.34036,0.02453
DAC-2,55,Pt,first,55.25312,0.02014
DAC-2,55,Ta,,31.74753,0.01550
DAC-2,55,Cu,,40.57150,0.02780
DAC-2,55,Au,,60.15893,0.14487
DAC-2,55,W,,29.25836,0.55454
DAC-2,55,Mo,,28.33552,0.03328
DAC-2,55,hcp-Fe,,19.70968,0.04058
DAC-2,55,MgO,,64.85335,0.11093
DAC-2,55,NaCl-B1,,115.96851,0.19378
DAC-2,55,Pt,last,55.29130,0.02136
DAC-2,56,Pt,first,55.19933,0.02561
DAC-2,56,Ta,,31.70711,0.01785
DAC-2,56,Cu,,40.52918,0.03028
DAC-2,56,Au,,60.09454,0.14285
DAC-2,56,W,,29.23389,0.03440
DAC-2,56,Mo,,28.30473,0.03015
DAC-2,56,hcp-Fe,,19.69317,0.03414
DAC-2,56,MgO,,64.85826,0.15798
DAC-2,56,NaCl-B1,,115.70888,0.14813
DAC-2,56,Pt,last,55.23945,0.02361
DAC-2,57,Pt,first,55.14886,0.02438
DAC-2,57,Ta,,31.67012,0.01645
DAC-2,57,Cu,,40.46560,0.03022
DAC-2,57,Au,,60.02821,0.13988
DAC-2,57,W,,29.20816,0.03463
DAC-2,57,Mo,,28.27629,0.03189
DAC-2,57,hcp-Fe,,19.67394,0.02405
DAC-2,57,MgO,,64.74991,0.04644
DAC-2,57,NaCl-B1,,115.72874,0.31029
DAC-2,57,Pt,last,55.19493,0.02224
DAC-2,58,Pt,first,55.09181,0.02068
DAC-2,58,Ta,,31.63126,0.01787
DAC-2,58,Cu,,40.41588,0.03158
DAC-2,58,Au,,59.96302,0.13330
DAC-2,58,W,,29.18168,0.03378
DAC-2,58,Mo,,28.25520,0.03435
DAC-2,58,hcp-Fe,,19.64828,0.02953
DAC-2,58,MgO,,64.62653,0.13531
DAC-2,58,NaCl-B1,,115.59975,0.40853
DAC-2,58,Pt,last,55.14010,0.02686
DAC-2,59,Pt,first,55.04715,0.02315
DAC-2,59,Ta,,31.59426,0.01183
DAC-2,59,Cu,,40.36075,0.02773
DAC-2,59,Au,,59.89768,0.14366
DAC-2,59,W,,29.15554,0.03464
DAC-2,59,Mo,,28.22772,0.03763
DAC-2,59,hcp-Fe,,19.63064,0.02298
DAC-2,59,MgO,,64.57142,0.11033
DAC-2,59,NaCl-B1,,115.28006,0.41147
DAC-2,59,Pt,last,55.08477,0.02391
DAC-2,60,Pt,first,54.99982,0.02345
DAC-2,60,Ta,,31.56056,0.02052
DAC-2,60,Cu,,40.30920,0.03094
DAC-2,60,Au,,59.83201,0.14157
DAC-2,60,W,,29.12727,0.03639
DAC-2,60,Mo,,28.19993,0.03677
DAC-2,60,hcp-Fe,,19.61206,0.05029
DAC-2,60,MgO,,64.53828,0.14527
DAC-2,60,NaCl-B1,,114.89221,0.36569
DAC-2,60,Pt,last,55.03225,0.02292
DAC-2,61,Pt,first,54.96000,0.02454
DAC-2,61,Ta,,31.52451,0.01809
DAC-2,61,Cu,,40.25328,0.03114
DAC-2,61,Au,,59.76484,0.15125
DAC-2,61,W,,29.09934,0.03747
DAC-2,61,Mo,,28.16685,0.03737
DAC-2,61,hcp-Fe,,19.60008,0.07342
DAC-2,61,MgO,,64.38294,0.05142
DAC-2,61,NaCl-B1,,114.40379,0.16390
DAC-2,61,Pt,last,54.99620,0.02409
DAC-2,62,Pt,first,54.91998,0.02631
DAC-2,62,Ta,,31.49136,0.01816
DAC-2,62,Cu,,40.20166,0.03734
DAC-2,62,Au,,59.70182,0.16519
DAC-2,62,W,,29.07262,0.04150
DAC-2,62,Mo,,28.14552,0.03249
DAC-2,62,hcp-Fe,,19.58082,0.07128
DAC-2,62,MgO,,64.25969,0.19825
DAC-2,62,NaCl-B1,,114.03184,0.17237
DAC-2,62,Pt,last,54.95307,0.02658
DAC-2,63,Pt,first,54.87545,0.02808
DAC-2,63,Ta,,31.45065,0.01854
DAC-2,63,Cu,,40.14602,0.03442
DAC-2,63,Au,,59.63931,0.16660
DAC-2,63,W,,29.04827,0.04273
DAC-2,63,Mo,,28.11432,0.03367
DAC-2,63,hcp-Fe,,19.55358,0.02364
DAC-2,63,MgO,,64.23087,0.18586
DAC-2,63,NaCl-B1,,113.86210,0.26152
DAC-2,63,NaCl-B2,,27.22842,0.01111
DAC-2,63,Pt,last,54.91029,0.02727
DAC-2,64,Pt,first,54.82481,0.02768
DAC-2,64,Ta,,31.41333,0.01840
DAC-2,64,Cu,,40.09257,0.03615
DAC-2,64,Au,,59.57441,0.16126
DAC-2,64,W,,29.02695,0.04447
DAC-2,64,Mo,,28.08573,0.03334
DAC-2,64,hcp-Fe,,19.53090,0.02539
DAC-2,64,MgO,,64.10753,0.06630
DAC-2,64,NaCl-B1,,113.69976,0.60804
DAC-2,64,NaCl-B2,,27.17867,0.02697
DAC-2,64,Pt,last,54.86802,0.02625
DAC-2,65,Pt,first,54.77905,0.02134
DAC-2,65,Ta,,31.38184,0.02229
DAC-2,65,Cu,,40.04471,0.03722
DAC-2,65,Au,,59.51599,0.17345
DAC-2,65,W,,29.00378,0.04306
DAC-2,65,Mo,,28.05902,0.03712
DAC-2,65,hcp-Fe,,19.50994,0.02014
DAC-2,65,MgO,,64.09075,0.09716
DAC-2,65,NaCl-B1,,113.05026,0.38341
DAC-2,65,NaCl-B2,,27.11447,0.01297
DAC-2,65,Pt,last,54.82234,0.02525
DAC-2,66,Pt,first,54.73087,0.02049
DAC-2,66,Ta,,31.35045,0.02165
DAC-2,66,Cu,,39.98581,0.03617
DAC-2,66,Au,,59.45208,0.15399
DAC-2,66,W,,28.97629,0.04414
DAC-2,66,Mo,,28.03402,0.03765
DAC-2,66,hcp-Fe,,19.49254,0.03131
DAC-2,66,MgO,,64.01648,0.20882
DAC-2,66,NaCl-B1,,113.11773,0.28502
DAC-2,66,NaCl-B2,,27.05959,0.04731
DAC-2,66,Pt,last,54.77516,0.02392
DAC-2,67,Pt,first,54.68345,0.02210
DAC-2,67,Ta,,31.32067,0.02010
DAC-2,67,Cu,,39.94319,0.03859
DAC-2,67,Au,,59.39078,0.16317
DAC-2,67,W,,28.95819,0.04393
DAC-2,67,Mo,,28.01500,0.04086
DAC-2,67,hcp-Fe,,19.47538,0.03829
DAC-2,67,MgO,,63.97604,0.14837
DAC-2,67,NaCl-B1,,112.43009,0.45029
DAC-2,67,NaCl-B2,,27.00235,0.00879
DAC-2,67,Pt,last,54.72679,0.02468
DAC-2,68,Pt,first,54.64306,0.02092
DAC-2,68,Ta,,31.28636,0.02472
DAC-2,68,Cu,,39.88998,0.03822
DAC-2,68,Au,,59.32748,0.15565
DAC-2,68,W,,28.93300,0.04539
DAC-2,68,Mo,,27.98302,0.04047
DAC-2,68,hcp-Fe,,19.45287,0.04037
DAC-2,68,MgO,,63.87029,0.15952
DAC-2,68,NaCl-B2,,26.95793,0.00857
DAC-2,68,Pt,last,54.68264,0.02120
DAC-2,69,Pt,first,54.41138,0.03391
DAC-2,69,Ta,,31.05044,0.00867
DAC-2,69,Cu,,39.76776,0.04303
DAC-2,69,Au,,58.90304,0.11839
DAC-2,69,W,,28.84864,0.02143
DAC-2,69,Mo,,27.81334,0.03637
DAC-2,69,hcp-Fe,,19.32131,0.02399
DAC-2,69,MgO,,63.57602,0.16831
DAC-2,69,NaCl-B2,,26.63517,0.03393
DAC-2,69,Pt,last,54.41651,0.03504
DAC-2,70,Pt,first,54.42247,0.02270
DAC-2,70,Ta,,31.04546,0.00837
DAC-2,70,Cu,,39.76138,0.04302
DAC-2,70,Au,,58.90186,0.11884
DAC-2,70,W,,28.84772,0.02352
DAC-2,70,Mo,,27.81188,0.03160
DAC-2,70,hcp-Fe,,19.31999,0.02839
DAC-2,70,MgO,,63.52015,0.06675
DAC-2,70,NaCl-B2,,26.63087,0.00718
DAC-2,70,Pt,last,54.42498,0.02395
DAC-2,71,Pt,first,54.41820,0.02344
DAC-2,71,Ta,,31.03986,0.01088
DAC-2,71,Cu,,39.74767,0.04761
DAC-2,71,Au,,58.88387,0.10787
DAC-2,71,W,,28.83973,0.02460
DAC-2,71,Mo,,27.80074,0.03085
DAC-2,71,hcp-Fe,,19.31642,0.02420
DAC-2,71,MgO,,63.54692,0.03644
DAC-2,71,NaCl-B2,,26.62167,0.01905
DAC-2,71,Pt,last,54.42251,0.02249
DAC-2,72,Pt,first,54.41715,0.02099
DAC-2,72,Ta,,31.03753,0.01050
DAC-2,72,Cu,,39.73002,0.04173
DAC-2,72,Au,,58.86634,0.10746
DAC-2,72,W,,28.83144,0.02655
DAC-2,72,Mo,,27.79567,0.02863
DAC-2,72,hcp-Fe,,19.31761,0.03739
DAC-2,72,MgO,,63.43786,0.05986
DAC-2,72,NaCl-B2,,26.60281,0.03083
DAC-2,72,Pt,last,54.41282,0.02147
DAC-2,73,Pt,first,54.40019,0.02595
DAC-2,73,Ta,,31.02588,0.01262
DAC-2,73,Cu,,39.70619,0.04706
DAC-2,73,Au,,58.84928,0.11114
DAC-2,73,W,,28.82182,0.02884
DAC-2,73,Mo,,27.78624,0.03011
DAC-2,73,hcp-Fe,,19.30435,0.01600
DAC-2,73,MgO,,63.44791,0.16317
DAC-2,73,NaCl-B2,,26.58361,0.01202
DAC-2,73,Pt,last,54.39679,0.02681
DAC-2,74,Pt,first,54.37866,0.03304
DAC-2,74,Ta,,31.00924,0.01389
DAC-2,74,Cu,,39.67950,0.04635
DAC-2,74,Au,,58.81878,0.11357
DAC-2,74,W,,28.80951,0.02970
DAC-2,74,Mo,,27.77666,0.03072
DAC-2,74,hcp-Fe,,19.29566,0.01325
DAC-2,74,MgO,,63.35991,0.03310
DAC-2,74,NaCl-B2,,26.56308,0.03005
DAC-2,74,Pt,last,54.38137,0.03236
DAC-2,75,Pt,first,54.35377,0.02981
DAC-2,75,Ta,,30.98171,0.01388
DAC-2,75,Cu,,39.65111,0.04683
DAC-2,75,Au,,58.79488,0.13011
DAC-2,75,W,,28.79194,0.03196
DAC-2,75,Mo,,27.76270,0.02825
DAC-2,75,hcp-Fe,,19.28786,0.03407
DAC-2,75,MgO,,63.36152,0.04175
DAC-2,75,NaCl-B2,,26.52893,0.03352
DAC-2,75,Pt,last,54.34905,0.03314
DAC-2,76,Pt,first,54.32401,0.03570
DAC-2,76,Ta,,30.96065,0.01408
DAC-2,76,Cu,,39.62095,0.05238
DAC-2,76,Au,,58.75544,0.15089
DAC-2,76,W,,28.77610,0.03129
DAC-2,76,Mo,,27.74684,0.02761
DAC-2,76,hcp-Fe,,19.26875,0.01830
DAC-2,76,MgO,,63.28684,0.09048
DAC-2,76,NaCl-B2,,26.49216,0.02367
DAC-2,76,Pt,last,54.32543,0.03201
DAC-2,77,Pt,first,54.29225,0.03921
DAC-2,77,Ta,,30.93970,0.01126
DAC-2,77,Cu,,39.58166,0.05192
DAC-2,77,Au,,58.71821,0.13010
DAC-2,77,W,,28.75681,0.02909
DAC-2,77,Mo,,27.72940,0.02543
DAC-2,77,hcp-Fe,,19.26447,0.04419
DAC-2,77,MgO,,63.25117,0.09199
DAC-2,77,NaCl-B2,,26.44683,0.01534
DAC-2,77,Pt,last,54.28649,0.03845
DAC-2,78,Pt,first,54.25334,0.04416
DAC-2,78,Ta,,30.91209,0.01095
DAC-2,78,Cu,,39.54029,0.05156
DAC-2,78,Au,,58.67278,0.15124
DAC-2,78,W,,28.73677,0.03130
DAC-2,78,Mo,,27.71230,0.02575
DAC-2,78,hcp-Fe,,19.23873,0.02110
DAC-2,78,MgO,,63.18020,0.08892
DAC-2,78,NaCl-B2,,26.40597,0.00605
DAC-2,78,Pt,last,54.25186,0.04350
DAC-2,79,Pt,first,54.21827,0.04155
DAC-2,79,Ta,,30.88591,0.01252
DAC-2,79,Cu,,39.50255,0.05458
DAC-2,79,Au,,58.62734,0.13176
DAC-2,79,W,,28.71740,0.03311
DAC-2,79,Mo,,27.69251,0.02562
DAC-2,79,hcp-Fe,,19.22917,0.00689
DAC-2,79,MgO,,63.07112,0.15314
DAC-2,79,NaCl-B2,,26.36514,0.02650
DAC-2,79,Pt,last,54.21799,0.04089
DAC-2,80,Pt,first,54.18300,0.04290
DAC-2,80,Ta,,30.86724,0.01067
DAC-2,80,Cu,,39.47237,0.05654
DAC-2,80,Au,,58.57953,0.12799
DAC-2,80,W,,28.69822,0.03507
DAC-2,80,Mo,,27.67306,0.02485
DAC-2,80,hcp-Fe,,19.21347,0.01682
DAC-2,80,MgO,,63.03143,0.07358
DAC-2,80,NaCl-B2,,26.32276,0.00663
DAC-2,80,Pt,last,54.17629,0.04507
DAC-2,81,Pt,first,54.14772,0.04893
DAC-2,81,Ta,,30.83423,0.01169
DAC-2,81,Cu,,39.43132,0.05248
DAC-2,81,Au,,58.53584,0.14086
DAC-2,81,W,,28.67773,0.03468
DAC-2,81,Mo,,27.65124,0.02315
DAC-2,81,hcp-Fe,,19.19593,0.00961
DAC-2,81,MgO,,62.93428,0.11892
DAC-2,81,NaCl-B2,,26.28012,0.01246
DAC-2,81,Pt,last,54.15620,0.04771
DAC-2,82,Pt,first,54.11479,0.05135
DAC-2,82,Ta,,30.80927,0.01290
DAC-2,82,Cu,,39.38952,0.05045
DAC-2,82,Au,,58.48465,0.14294
DAC-2,82,W,,28.65649,0.03212
DAC-2,82,Mo,,27.63137,0.02049
DAC-2,82,hcp-Fe,,19.17758,0.02526
DAC-2,82,MgO,,62.85979,0.17133
DAC-2,82,NaCl-B2,,26.21990,0.00467
DAC-2,82,Pt,last,54.12390,0.05010
DAC-2,83,Pt,first,54.07776,0.05002
DAC-2,83,Ta,,30.78542,0.01955
DAC-2,83,Cu,,39.35079,0.04338
DAC-2,83,Au,,58.43146,0.12902
DAC-2,83,W,,28.63719,0.03232
DAC-2,83,Mo,,27.61078,0.02074
DAC-2,83,hcp-Fe,,19.16121,0.04914
DAC-2,83,MgO,,62.76206,0.13187
DAC-2,83,NaCl-B2,,26.17727,0.01500
DAC-2,83,Pt,last,54.07729,0.05040
DAC-2,84,Pt,first,54.04092,0.05537
DAC-2,84,Ta,,30.76221,0.01751
DAC-2,84,Cu,,39.32104,0.04058
DAC-2,84,Au,,58.38157,0.15604
DAC-2,84,W,,28.61876,0.03089
DAC-2,84,Mo,,27.59147,0.02113
DAC-2,84,hcp-Fe,,19.14454,0.03054
DAC-2,84,MgO,,62.76374,0.04787
DAC-2,84,NaCl-B2,,26.12558,0.00916
DAC-2,84,Pt,last,54.04820,0.04738
DAC-2,85,Pt,first,53.99769,0.04563
DAC-2,85,Ta,,30.72912,0.01254
DAC-2,85,Cu,,39.27597,0.04641
DAC-2,85,Au,,58.33476,0.16034
DAC-2,85,W,,28.59663,0.03123
DAC-2,85,Mo,,27.57558,0.01404
DAC-2,85,hcp-Fe,,19.13931,0.05799
DAC-2,85,MgO,,62.68436,0.08758
DAC-2,85,NaCl-B2,,26.08489,0.00637
DAC-2,85,Pt,last,54.01007,0.04387
DAC-2,86,Pt,first,53.97351,0.03850
DAC-2,86,Ta,,30.70546,0.01671
DAC-2,86,Cu,,39.23759,0.04955
DAC-2,86,Au,,58.28645,0.13722
DAC-2,86,W,,28.58075,0.03043
DAC-2,86,Mo,,27.55417,0.01760
DAC-2,86,hcp-Fe,,19.11682,0.04691
DAC-2,86,MgO,,62.58780,0.09314
DAC-2,86,NaCl-B2,,26.03376,0.03100
DAC-2,86,Pt,last,53.97113,0.04066
DAC-2,87,Pt,first,53.94344,0.03632
DAC-2,87,Ta,,30.68095,0.01681
DAC-2,87,Cu,,39.19918,0.04762
DAC-2,87,Au,,58.23445,0.14428
DAC-2,87,W,,28.56152,0.02975
DAC-2,87,Mo,,27.53509,0.01419
DAC-2,87,hcp-Fe,,19.10361,0.06574
DAC-2,87,MgO,,62.48156,0.08688
DAC-2,87,NaCl-B2,,25.98611,0.00837
DAC-2,87,Pt,last,53.94636,0.04480
DAC-2,88,Pt,first,53.92194,0.05035
DAC-2,88,Ta,,30.66241,0.01701
DAC-2,88,Cu,,39.16458,0.05044
DAC-2,88,Au,,58.18856,0.12418
DAC-2,88,W,,28.54069,0.03060
DAC-2,88,Mo,,27.51664,0.01205
DAC-2,88,hcp-Fe,,19.09090,0.05964
DAC-2,88,MgO,,62.41621,0.15180
DAC-2,88,NaCl-B2,,25.94058,0.01485
DAC-2,88,Pt,last,53.92592,0.05570
DAC-2,89,Pt,first,53.88708,0.06005
DAC-2,89,Ta,,30.63066,0.02032
DAC-2,89,Cu,,39.12688,0.04721
DAC-2,89,Au,,58.13421,0.13731
DAC-2,89,W,,28.52190,0.03151
DAC-2,89,Mo,,27.49850,0.01396
DAC-2,89,hcp-Fe,,19.07807,0.05860
DAC-2,89,MgO,,62.39921,0.12729
DAC-2,89,NaCl-B2,,25.89422,0.02666
DAC-2,89,Pt,last,53.87355,0.05766
DAC-2,90,Pt,first,53.83747,0.05383
DAC-2,90,Ta,,30.60510,0.01807
DAC-2,90,Cu,,39.07426,0.04829
DAC-2,90,Au,,58.06005,0.16426
DAC-2,90,W,,28.49330,0.03267
DAC-2,90,Mo,,27.47056,0.01049
DAC-2,90,hcp-Fe,,19.05228,0.04564
DAC-2,90,MgO,,62.33723,0.10689
DAC-2,90,NaCl-B2,,25.83393,0.00936
DAC-2,90,Pt,last,53.82669,0.05048
DAC-2,91,Pt,first,53.79501,0.04069
DAC-2,91,Ta,,30.57725,0.01913
DAC-2,91,Cu,,39.03262,0.05049
DAC-2,91,Au,,57.99926,0.16135
DAC-2,91,W,,28.46839,0.03294
DAC-2,91,Mo,,27.44627,0.01020
DAC-2,91,hcp-Fe,,19.03413,0.06318
DAC-2,91,MgO,,62.20013,0.05207
DAC-2,91,NaCl-B2,,25.78800,0.02892
DAC-2,91,Pt,last,53.76822,0.03787
DAC-2,92,Pt,first,53.75230,0.03295
DAC-2,92,Ta,,30.54667,0.01699
DAC-2,92,Cu,,38.97917,0.05239
DAC-2,92,Au,,57.93223,0.14141
DAC-2,92,W,,28.44329,0.03479
DAC-2,92,Mo,,27.42670,0.01603
DAC-2,92,hcp-Fe,,19.02166,0.06734
DAC-2,92,MgO,,62.11321,0.17538
DAC-2,92,NaCl-B2,,25.72362,0.02687
DAC-2,92,Pt,last,53.72147,0.03616
DAC-2,93,Pt,first,53.70625,0.03323
DAC-2,93,Ta,,30.50559,0.01312
DAC-2,93,Cu,,38.93240,0.05585
DAC-2,93,Au,,57.86727,0.13950
DAC-2,93,W,,28.41763,0.03554
DAC-2,93,Mo,,27.40163,0.01445
DAC-2,93,hcp-Fe,,18.99916,0.06104
DAC-2,93,MgO,,62.04534,0.18130
DAC-2,93,NaCl-B2,,25.65893,0.02625
DAC-2,93,Pt,last,53.68129,0.03730
DAC-2,94,Pt,first,53.65831,0.02615
DAC-2,94,Ta,,30.47708,0.01426
DAC-2,94,Cu,,38.88442,0.05713
DAC-2,94,Au,,57.79829,0.16164
DAC-2,94,W,,28.39109,0.03496
DAC-2,94,Mo,,27.37552,0.01313
DAC-2,94,hcp-Fe,,18.98413,0.07733
DAC-2,94,MgO,,61.94820,0.18212
DAC-2,94,NaCl-B2,,25.60142,0.01396
DAC-2,94,Pt,last,53.64640,0.03353
DAC-2,95,Pt,first,53.60840,0.03158
DAC-2,95,Ta,,30.45183,0.01123
DAC-2,95,Cu,,38.83481,0.05492
DAC-2,95,Au,,57.73170,0.16991
DAC-2,95,W,,28.36223,0.03618
DAC-2,95,Mo,,27.35293,0.01485
DAC-2,95,hcp-Fe,,18.96744,0.07115
DAC-2,95,MgO,,61.90581,0.09512
DAC-2,95,NaCl-B2,,25.55189,0.00806
DAC-2,95,Pt,last,53.60477,0.04014
DAC-2,96,Pt,first,53.56875,0.03343
DAC-2,96,Ta,,30.42197,0.01567
DAC-2,96,Cu,,38.78689,0.05505
DAC-2,96,Au,,57.67605,0.15829
DAC-2,96,W,,28.33968,0.03661
DAC-2,96,Mo,,27.32862,0.01724
DAC-2,96,hcp-Fe,,18.94319,0.06576
DAC-2,96,MgO,,61.82476,0.06579
DAC-2,96,NaCl-B2,,25.48576,0.02511
DAC-2,96,Pt,last,53.54913,0.03689
DAC-2,97,Pt,first,53.51467,0.05196
DAC-2,97,Ta,,30.38608,0.01287
DAC-2,97,Cu,,38.73666,0.05694
DAC-2,97,Au,,57.60567,0.14256
DAC-2,97,W,,28.31254,0.03919
DAC-2,97,Mo,,27.30525,0.01904
DAC-2,97,hcp-Fe,,18.92915,0.08158
DAC-2,97,MgO,,61.70848,0.12561
DAC-2,97,NaCl-B2,,25.43236,0.02520
DAC-2,97,Pt,last,53.50267,0.05478
DAC-2,98,Pt,first,53.46642,0.05742
DAC-2,98,Ta,,30.36347,0.01442
DAC-2,98,Cu,,38.68268,0.05922
DAC-2,98,Au,,57.53918,0.16720
DAC-2,98,W,,28.29124,0.03905
DAC-2,98,Mo,,27.28418,0.01956
DAC-2,98,hcp-Fe,,18.90568,0.06713
DAC-2,98,MgO,,61.56384,0.11426
DAC-2,98,NaCl-B2,,25.37299,0.01222
DAC-2,98,Pt,last,53.42477,0.06947
DAC-2,99,Pt,first,53.41377,0.08278
DAC-2,99,Ta,,30.33776,0.01548
DAC-2,99,Cu,,38.64196,0.06187
DAC-2,99,Au,,57.47692,0.16933
DAC-2,99,W,,28.26594,0.03826
DAC-2,99,Mo,,27.25764,0.01845
DAC-2,99,hcp-Fe,,18.88763,0.08300
DAC-2,99,MgO,,61.52318,0.10955
DAC-2,99,NaCl-B2,,25.32446,0.01661
DAC-2,99,Pt,last,53.39299,0.07777
DAC-2,100,Pt,first,53.37885,0.08143
DAC-2,100,Ta,,30.30507,0.01293
DAC-2,100,Cu,,38.59077,0.06149
DAC-2,100,Au,,57.42058,0.14728
DAC-2,100,W,,28.24092,0.04131
DAC-2,100,Mo,,27.23488,0.01800
DAC-2,100,hcp-Fe,,18.86764,0.07363
DAC-2,100,MgO,,61.44676,0.04148
DAC-2,100,NaCl-B2,,25.26093,0.01730
DAC-2,100,Pt,last,53.33638,0.07540
DAC-2,101,Pt,first,53.34904,0.06722
DAC-2,101,Ta,,30.27757,0.01478
DAC-2,101,Cu,,38.54742,0.05992
DAC-2,101,Au,,57.34821,0.16030
DAC-2,101,W,,28.21761,0.04223
DAC-2,101,Mo,,27.21220,0.02083
DAC-2,101,hcp-Fe,,18.85123,0.09279
DAC-2,101,MgO,,61.38190,0.13427
DAC-2,101,NaCl-B2,,25.21053,0.03045
DAC-2,101,Pt,last,53.31713,0.06430
DAC-2,102,Pt,first,53.30639,0.05785
DAC-2,102,Ta,,30.24750,0.01485
DAC-2,102,Cu,,38.49940,0.05875
DAC-2,102,Au,,57.29440,0.14442
DAC-2,102,W,,28.19292,0.04096
DAC-2,102,Mo,,27.18528,0.01742
DAC-2,102,hcp-Fe,,18.82995,0.08285
DAC-2,102,MgO,,61.28849,0.10178
DAC-2,102,NaCl-B2,,25.15344,0.01860
DAC-2,102,Pt,last,53.26313,0.05045
DAC-2,103,Pt,first,53.26869,0.04967
DAC-2,103,Ta,,30.22387,0.01616
DAC-2,103,Cu,,38.45762,0.06174
DAC-2,103,Au,,57.22663,0.15406
DAC-2,103,W,,28.16743,0.04136
DAC-2,103,Mo,,27.16321,0.01651
DAC-2,103,hcp-Fe,,18.81218,0.09963
DAC-2,103,MgO,,61.25808,0.10862
DAC-2,103,NaCl-B2,,25.10338,0.01189
DAC-2,103,Pt,last,53.21899,0.05093
DAC-2,104,Pt,first,53.23655,0.04396
DAC-2,104,Ta,,30.19627,0.01218
DAC-2,104,Cu,,38.40826,0.06147
DAC-2,104,Au,,57.17841,0.16034
DAC-2,104,W,,28.14733,0.04280
DAC-2,104,Mo,,27.14052,0.01551
DAC-2,104,hcp-Fe,,18.79381,0.09880
DAC-2,104,MgO,,61.11338,0.03542
DAC-2,104,NaCl-B2,,25.04677,0.05935
DAC-2,104,Pt,last,53.19496,0.04163
DAC-2,105,Pt,first,53.19036,0.04764
DAC-2,105,Ta,,30.16724,0.01776
DAC-2,105,Cu,,38.36923,0.06268
DAC-2,105,Au,,57.11794,0.14651
DAC-2,105,W,,28.12542,0.04254
DAC-2,105,Mo,,27.11450,0.01846
DAC-2,105,hcp-Fe,,18.77577,0.09521
DAC-2,105,MgO,,61.13448,0.03270
DAC-2,105,NaCl-B2,,25.00809,0.00959
DAC-2,105,Pt,last,53.15479,0.04656
DAC-2,106,Pt,first,53.14777,0.04139
DAC-2,106,Ta,,30.14173,0.01325
DAC-2,106,Cu,,38.32093,0.06471
DAC-2,106,Au,,57.05506,0.14855
DAC-2,106,W,,28.10083,0.03929
DAC-2,106,Mo,,27.09857,0.01998
DAC-2,106,hcp-Fe,,18.75869,0.08138
DAC-2,106,MgO,,60.95224,0.07301
DAC-2,106,NaCl-B2,,24.95388,0.04906
DAC-2,106,Pt,last,53.11124,0.05532
DAC-2,107,Pt,first,53.09782,0.05508
DAC-2,107,Ta,,30.11351,0.01133
DAC-2,107,Cu,,38.27409,0.06502
DAC-2,107,Au,,56.99287,0.15969
DAC-2,107,W,,28.07924,0.03831
DAC-2,107,Mo,,27.07432,0.01556
DAC-2,107,hcp-Fe,,18.73649,0.07417
DAC-2,107,MgO,,60.91373,0.09902
DAC-2,107,NaCl-B2,,24.90553,0.04868
DAC-2,107,Pt,last,53.05762,0.05712
DAC-2,108,Pt,first,53.05457,0.06235
DAC-2,108,Ta,,30.08274,0.01383
DAC-2,108,Cu,,38.23000,0.06565
DAC-2,108,Au,,56.93984,0.13654
DAC-2,108,W,,28.05707,0.03880
DAC-2,108,Mo,,27.05131,0.01483
DAC-2,108,hcp-Fe,,18.71584,0.10280
DAC-2,108,MgO,,60.89612,0.10418
DAC-2,108,NaCl-B2,,24.85120,0.01386
DAC-2,108,Pt,last,53.00262,0.05735
DAC-2,109,Pt,first,53.01028,0.05581
DAC-2,109,Ta,,30.05792,0.01587
DAC-2,109,Cu,,38.18535,0.06847
DAC-2,109,Au,,56.88423,0.16088
DAC-2,109,W,,28.03533,0.03953
DAC-2,109,Mo,,27.02719,0.01598
DAC-2,109,hcp-Fe,,18.70437,0.09805
DAC-2,109,MgO,,60.77051,0.08062
DAC-2,109,NaCl-B2,,24.81542,0.02821
DAC-2,109,Pt,last,52.95073,0.07241
DAC-2,110,Pt,first,52.89734,0.06458
DAC-2,110,Ta,,29.98493,0.00692
DAC-2,110,Cu,,38.08284,0.06858
DAC-2,110,Au,,56.74604,0.15502
DAC-2,110,W,,27.97932,0.03832
DAC-2,110,Mo,,26.97334,0.01025
DAC-2,110,hcp-Fe,,18.65727,0.09207
DAC-2,110,MgO,,60.65101,0.03939
DAC-2,110,NaCl-B2,,24.70803,0.01013
DAC-2,110,Pt,last,52.85602,0.06325
DAC-2,111,Pt,first,52.84012,0.05690
DAC-2,111,Ta,,29.94132,0.00996
DAC-2,111,Cu,,38.00643,0.06834
DAC-2,111,Au,,56.63941,0.14704
DAC-2,111,W,,27.94012,0.03705
DAC-2,111,Mo,,26.92836,0.01291
DAC-2,111,hcp-Fe,,18.62846,0.10094
DAC-2,111,MgO,,60.49392,0.03562
DAC-2,111,NaCl-B2,,24.62586,0.04048
DAC-2,111,Pt,last,52.78182,0.06405
DAC-2,112,Pt,first,52.76557,0.09263
DAC-2,112,Ta,,29.88578,0.01320
DAC-2,112,Cu,,37.91328,0.06942
DAC-2,112,Au,,56.52630,0.14629
DAC-2,112,W,,27.89022,0.03758
DAC-2,112,Mo,,26.87889,0.01419
DAC-2,112,hcp-Fe,,18.59456,0.10237
DAC-2,112,MgO,,60.27286,0.12735
DAC-2,112,NaCl-B2,,24.52700,0.03292
DAC-2,112,Pt,last,52.72157,0.08865
DAC-2,113,Pt,first,52.68852,0.08290
DAC-2,113,Ta,,29.82560,0.01142
DAC-2,113,Cu,,37.83040,0.06697
DAC-2,113,Au,,56.42266,0.15189
DAC-2,113,W,,27.84200,0.03862
DAC-2,113,Mo,,26.83141,0.01662
DAC-2,113,hcp-Fe,,18.56439,0.09191
DAC-2,113,MgO,,60.21345,0.03139
DAC-2,113,NaCl-B2,,24.43615,0.02882
DAC-2,113,Pt,last,52.64773,0.07854
DAC-2,114,Pt,first,52.60511,0.07349
DAC-2,114,Ta,,29.77993,0.01447
DAC-2,114,Cu,,37.74812,0.06349
DAC-2,114,Au,,56.31050,0.14943
DAC-2,114,W,,27.80034,0.03796
DAC-2,114,Mo,,26.78261,0.01832
DAC-2,114,hcp-Fe,,18.51603,0.06038
DAC-2,114,MgO,,60.04398,0.19110
DAC-2,114,NaCl-B2,,24.35950,0.01997
DAC-2,114,Pt,last,52.54719,0.07406
DAC-2,115,Pt,first,52.51970,0.07028
DAC-2,115,Ta,,29.72343,0.01225
DAC-2,115,Cu,,37.66442,0.06294
DAC-2,115,Au,,56.20573,0.16357
DAC-2,115,W,,27.76035,0.03883
DAC-2,115,Mo,,26.73612,0.02205
DAC-2,115,hcp-Fe,,18.48320,0.06210
DAC-2,115,MgO,,59.91660,0.12522
DAC-2,115,NaCl-B2,,24.27331,0.01440
DAC-2,115,Pt,last,52.48296,0.07000
DAC-2,116,Pt,first,52.44642,0.07614
DAC-2,116,Ta,,29.66926,0.01315
DAC-2,116,Cu,,37.58395,0.05970
DAC-2,116,Au,,56.09954,0.14971
DAC-2,116,W,,27.71365,0.03650
DAC-2,116,Mo,,26.68696,0.02503
DAC-2,116,hcp-Fe,,18.44961,0.06159
DAC-2,116,MgO,,59.80290,0.24279
DAC-2,116,NaCl-B2,,24.19527,0.00627
DAC-2,116,Pt,last,52.40399,0.06811
DAC-2,117,Pt,first,52.36666,0.07084
DAC-2,117,Ta,,29.61655,0.01495
DAC-2,117,Cu,,37.50233,0.05780
DAC-2,117,Au,,55.99205,0.14681
DAC-2,117,W,,27.67465,0.03349
DAC-2,117,Mo,,26.64523,0.02740
DAC-2,117,hcp-Fe,,18.40569,0.05815
DAC-2,117,MgO,,59.66609,0.20705
DAC-2,117,NaCl-B2,,24.11963,0.04032
DAC-2,117,Pt,last,52.32401,0.07191
DAC-2,118,Pt,first,52.28984,0.08051
DAC-2,118,Ta,,29.56333,0.01562
DAC-2,118,Cu,,37.42114,0.06131
DAC-2,118,Au,,55.89139,0.14753
DAC-2,118,W,,27.63264,0.03359
DAC-2,118,Mo,,26.59661,0.02842
DAC-2,118,hcp-Fe,,18.37293,0.04656
DAC-2,118,MgO,,59.50858,0.04495
DAC-2,118,NaCl-B2,,24.04129,0.00932
DAC-2,118,Pt,last,52.24314,0.07626
DAC-2,119,Pt,first,52.21507,0.08021
DAC-2,119,Ta,,29.50916,0.01234
DAC-2,119,Cu,,37.33900,0.06095
DAC-2,119,Au,,55.78889,0.13497
DAC-2,119,W,,27.58779,0.03116
DAC-2,119,Mo,,26.55272,0.03640
DAC-2,119,hcp-Fe,,18.34325,0.03884
DAC-2,119,MgO,,59.45216,0.05531
DAC-2,119,NaCl-B2,,23.96170,0.01651
DAC-2,119,Pt,last,52.16974,0.07193
DAC-2,120,Pt,first,52.14546,0.07603
DAC-2,120,Ta,,29.46168,0.01432
DAC-2,120,Cu,,37.27096,0.06114
DAC-2,120,Au,,55.70486,0.12577
DAC-2,120,W,,27.54645,0.02957
DAC-2,120,Mo,,26.51078,0.02760
DAC-2,120,hcp-Fe,,18.30321,0.04017
DAC-2,120,MgO,,59.28431,0.04518
DAC-2,120,NaCl-B2,,23.88587,0.02714
DAC-2,120,Pt,last,52.09865,0.07314
DAC-2,121,Pt,first,52.07955,0.08077
DAC-2,121,Ta,,29.41293,0.02235
DAC-2,121,Cu,,37.19341,0.06588
DAC-2,121,Au,,55.60108,0.13481
DAC-2,121,W,,27.50357,0.03198
DAC-2,121,Mo,,26.46634,0.03283
DAC-2,121,hcp-Fe,,18.27709,0.04683
DAC-2,121,MgO,,59.15357,0.04709
DAC-2,121,NaCl-B2,,23.80997,0.04421
DAC-2,121,Pt,last,52.02836,0.07974
DAC-2,122,Pt,first,52.01071,0.07432
DAC-2,122,Ta,,29.36072,0.01970
DAC-2,122,Cu,,37.11886,0.06907
DAC-2,122,Au,,55.51015,0.13388
DAC-2,122,W,,27.46380,0.03154
DAC-2,122,Mo,,26.41617,0.03521
DAC-2,122,hcp-Fe,,18.23638,0.04045
DAC-2,122,MgO,,59.06215,0.03564
DAC-2,122,NaCl-B2,,23.73007,0.02008
DAC-2,122,Pt,last,51.97045,0.07215
DAC-2,123,Pt,first,51.94357,0.07142
DAC-2,123,Ta,,29.31253,0.02075
DAC-2,123,Cu,,37.04834,0.07045
DAC-2,123,Au,,55.41431,0.13849
DAC-2,123,W,,27.42357,0.03212
DAC-2,123,Mo,,26.37137,0.03684
DAC-2,123,hcp-Fe,,18.21000,0.03327
DAC-2,123,MgO,,58.89904,0.12193
DAC-2,123,NaCl-B2,,23.65913,0.04290
DAC-2,123,Pt,last,51.88686,0.07000
DAC-2,124,Pt,first,51.86816,0.07019
DAC-2,124,Ta,,29.26246,0.02346
DAC-2,124,Cu,,36.97522,0.07570
DAC-2,124,Au,,55.31826,0.12154
DAC-2,124,W,,27.38275,0.03258
DAC-2,124,Mo,,26.33489,0.03819
DAC-2,124,hcp-Fe,,18.17741,0.03458
DAC-2,124,MgO,,58.79161,0.08167
DAC-2,124,NaCl-B2,,23.60050,0.01172
DAC-2,124,Pt,last,51.82143,0.06712
DAC-2,125,Pt,first,51.79949,0.06219
DAC-2,125,Ta,,29.21316,0.02066
DAC-2,125,Cu,,36.90585,0.07345
DAC-2,125,Au,,55.23242,0.13514
DAC-2,125,W,,27.34531,0.03258
DAC-2,125,Mo,,26.29159,0.03227
DAC-2,125,hcp-Fe,,18.14537,0.03574
DAC-2,125,MgO,,58.66328,0.19941
DAC-2,125,NaCl-B2,,23.53208,0.04940
DAC-2,125,Pt,last,51.75434,0.05325
DAC-2,126,Pt,first,51.70948,0.05327
DAC-2,126,Ta,,29.16389,0.02046
DAC-2,126,Cu,,36.83879,0.07253
DAC-2,126,Au,,55.14116,0.13849
DAC-2,126,W,,27.30488,0.03313
DAC-2,126,Mo,,26.24174,0.03492
DAC-2,126,hcp-Fe,,18.11688,0.04125
DAC-2,126,MgO,,58.54243,0.07133
DAC-2,126,NaCl-B2,,23.45989,0.01377
DAC-2,126,Pt,last,51.67114,0.05319
DAC-2,127,Pt,first,51.63486,0.05858
DAC-2,127,Ta,,29.11801,0.02129
DAC-2,127,Cu,,36.77268,0.07261
DAC-2,127,Au,,55.05057,0.13655
DAC-2,127,W,,27.26991,0.03314
DAC-2,127,Mo,,26.20304,0.03279
DAC-2,127,hcp-Fe,,18.08923,0.03098
DAC-2,127,MgO,,58.48138,0.03522
DAC-2,127,NaCl-B2,,23.41256,0.03216
DAC-2,127,Pt,last,51.60412,0.05619
DAC-2,128,Pt,first,51.55965,0.05811
DAC-2,128,Ta,,29.07201,0.02215
DAC-2,128,Cu,,36.70365,0.07075
DAC-2,128,Au,,54.96467,0.14520
DAC-2,128,W,,27.23049,0.03573
DAC-2,128,Mo,,26.16258,0.02828
DAC-2,128,hcp-Fe,,18.05456,0.03141
DAC-2,128,MgO,,58.31411,0.18927
DAC-2,128,NaCl-B2,,23.34242,0.00898
DAC-2,128,Pt,last,51.52208,0.05779
DAC-2,129,Pt,first,51.48563,0.06353
DAC-2,129,Ta,,29.02178,0.02014
DAC-2,129,Cu,,36.64855,0.07275
DAC-2,129,Au,,54.87522,0.15376
DAC-2,129,W,,27.19503,0.03438
DAC-2,129,Mo,,26.12539,0.02333
DAC-2,129,hcp-Fe,,18.03288,0.03840
DAC-2,129,MgO,,58.28729,0.03947
DAC-2,129,NaCl-B2,,23.27608,0.00667
DAC-2,129,Pt,last,51.45262,0.05958
DAC-2,130,Pt,first,51.42661,0.06285
DAC-2,130,Ta,,28.97918,0.02519
DAC-2,130,Cu,,36.58552,0.07524
DAC-2,130,Au,,54.78778,0.14836
DAC-2,130,W,,27.16320,0.03690
DAC-2,130,Mo,,26.08682,0.02581
DAC-2,130,hcp-Fe,,17.99845,0.05025
DAC-2,130,MgO,,58.11663,0.10384
DAC-2,130,NaCl-B2,,23.21595,0.00843
DAC-2,130,Pt,last,51.39683,0.05675
DAC-2,131,Pt,first,51.36279,0.06032
DAC-2,131,Ta,,28.93393,0.02161
DAC-2,131,Cu,,36.52030,0.07181
DAC-2,131,Au,,54.70666,0.15009
DAC-2,131,W,,27.12507,0.03807
DAC-2,131,Mo,,26.05194,0.02716
DAC-2,131,hcp-Fe,,17.96936,0.03909
DAC-2,131,MgO,,58.04221,0.10059
DAC-2,131,NaCl-B2,,23.15731,0.01571
DAC-2,131,Pt,last,51.33354,0.06186
DAC-2,132,Pt,first,51.29573,0.06819
DAC-2,132,Ta,,28.88556,0.02345
DAC-2,132,Cu,,36.45757,0.07121
DAC-2,132,Au,,54.62603,0.14263
DAC-2,132,W,,27.09026,0.03861
DAC-2,132,Mo,,26.01221,0.03425
DAC-2,132,hcp-Fe,,17.94793,0.04676
DAC-2,132,MgO,,57.93569,0.03299
DAC-2,132,NaCl-B2,,23.09424,0.00386
DAC-2,132,Pt,last,51.26843,0.06714
DAC-2,133,Pt,first,51.23977,0.07063
DAC-2,133,Ta,,28.85051,0.02310
DAC-2,133,Cu,,36.39346,0.06990
DAC-2,133,Au,,54.55271,0.16180
DAC-2,133,W,,27.05195,0.03820
DAC-2,133,Mo,,25.97727,0.03085
DAC-2,133,hcp-Fe,,17.91821,0.04624
DAC-2,133,MgO,,57.89720,0.03728
DAC-2,133,NaCl-B2,,23.04536,0.00866
DAC-2,133,Pt,last,51.21096,0.07045
DAC-2,134,Pt,first,51.18400,0.07158
DAC-2,134,Ta,,28.80633,0.02073
DAC-2,134,Cu,,36.34164,0.06990
DAC-2,134,Au,,54.47478,0.16170
DAC-2,134,W,,27.01644,0.03766
DAC-2,134,Mo,,25.93718,0.02524
DAC-2,134,hcp-Fe,,17.89796,0.05691
DAC-2,134,MgO,,57.68290,0.10803
DAC-2,134,NaCl-B2,,22.98676,0.01047
DAC-2,134,Pt,last,51.16753,0.06988
DAC-2,135,Pt,first,51.12202,0.07466
DAC-2,135,Ta,,28.76491,0.02327
DAC-2,135,Cu,,36.28041,0.06750
DAC-2,135,Au,,54.40157,0.16255
DAC-2,135,W,,26.98533,0.03919
DAC-2,135,Mo,,25.90571,0.02762
DAC-2,135,hcp-Fe,,17.86747,0.06212
DAC-2,135,MgO,,57.61128,0.04806
DAC-2,135,NaCl-B2,,22.91829,0.01074
DAC-2,135,Pt,last,51.09586,0.07344
DAC-2,136,Pt,first,51.06633,0.07992
DAC-2,136,Ta,,28.72476,0.02431
DAC-2,136,Cu,,36.22759,0.07296
DAC-2,136,Au,,54.32562,0.17131
DAC-2,136,W,,26.94942,0.03954
DAC-2,136,Mo,,25.86337,0.03002
DAC-2,136,hcp-Fe,,17.84090,0.05079
DAC-2,136,MgO,,57.52885,0.14600
DAC-2,136,NaCl-B2,,22.86851,0.03912
DAC-2,136,Pt,last,51.04165,0.07779
DAC-2,137,Pt,first,51.00834,0.07863
DAC-2,137,Ta,,28.68541,0.02576
DAC-2,137,Cu,,36.16971,0.07174
DAC-2,137,Au,,54.25602,0.15567
DAC-2,137,W,,26.91561,0.04070
DAC-2,137,Mo,,25.83591,0.03070
DAC-2,137,hcp-Fe,,17.81423,0.04651
DAC-2,137,MgO,,57.42329,0.27031
DAC-2,137,NaCl-B2,,22.82665,0.00367
DAC-2,137,Pt,last,50.98047,0.07970
DAC-2,138,Pt,first,50.95491,0.07943
DAC-2,138,Ta,,28.64796,0.02866
DAC-2,138,Cu,,36.11402,0.06851
DAC-2,138,Au,,54.18414,0.16486
DAC-2,138,W,,26.88551,0.04014
DAC-2,138,Mo,,25.80363,0.03053
DAC-2,138,hcp-Fe,,17.79266,0.06489
DAC-2,138,MgO,,57.32080,0.15415
DAC-2,138,NaCl-B2,,22.75590,0.01467
DAC-2,138,Pt,last,50.91564,0.08213
DAC-2,139,Pt,first,50.90622,0.07193
DAC-2,139,Ta,,28.60180,0.01949
DAC-2,139,Cu,,36.06424,0.06401
DAC-2,139,Au,,54.11793,0.14607
DAC-2,139,W,,26.85589,0.03848
DAC-2,139,Mo,,25.76999,0.03042
DAC-2,139,hcp-Fe,,17.76350,0.05214
DAC-2,139,MgO,,57.27914,0.27203
DAC-2,139,NaCl-B2,,22.69724,0.00821
DAC-2,139,Pt,last,50.87278,0.06818
DAC-2,140,Pt,first,50.85073,0.07156
DAC-2,140,Ta,,28.56490,0.02027
DAC-2,140,Cu,,36.01112,0.06399
DAC-2,140,Au,,54.04643,0.15438
DAC-2,140,W,,26.82298,0.03852
DAC-2,140,Mo,,25.73654,0.03037
DAC-2,140,hcp-Fe,,17.74359,0.04812
DAC-2,140,MgO,,57.18484,0.19599
DAC-2,140,NaCl-B2,,22.64470,0.02871
DAC-2,140,Pt,last,50.80870,0.07281
DAC-2,141,Pt,first,50.79492,0.06607
DAC-2,141,Ta,,28.53168,0.02215
DAC-2,141,Cu,,35.96077,0.06375
DAC-2,141,Au,,53.97071,0.16363
DAC-2,141,W,,26.79224,0.03939
DAC-2,141,Mo,,25.70624,0.02852
DAC-2,141,hcp-Fe,,17.72111,0.05705
DAC-2,141,MgO,,57.06305,0.29608
DAC-2,141,NaCl-B2,,22.60344,0.00587
DAC-2,141,Pt,last,50.76026,0.06590
DAC-2,142,Pt,first,50.73019,0.06304
DAC-2,142,Ta,,28.49207,0.02105
DAC-2,142,Cu,,35.91109,0.06320
DAC-2,142,Au,,53.90361,0.17403
DAC-2,142,W,,26.76128,0.03772
DAC-2,142,Mo,,25.67163,0.03208
DAC-2,142,hcp-Fe,,17.70316,0.06347
DAC-2,142,MgO,,56.98456,0.31813
DAC-2,142,NaCl-B2,,22.55167,0.00568
DAC-2,142,Pt,last,50.69619,0.06585
DAC-2,143,Pt,first,50.67671,0.06912
DAC-2,143,Ta,,28.45451,0.02529
DAC-2,143,Cu,,35.86512,0.06249
DAC-2,143,Au,,53.84107,0.16317
DAC-2,143,W,,26.73059,0.03987
DAC-2,143,Mo,,25.64197,0.03061
DAC-2,143,hcp-Fe,,17.67732,0.06999
DAC-2,143,MgO,,56.93055,0.17366
DAC-2,143,NaCl-B2,,22.49845,0.00748
DAC-2,143,Pt,last,50.63737,0.06746
DAC-2,144,Pt,first,50.62700,0.06726
DAC-2,144,Ta,,28.42068,0.02468
DAC-2,144,Cu,,35.81337,0.06392
DAC-2,144,Au,,53.77468,0.15781
DAC-2,144,W,,26.70172,0.03944
DAC-2,144,Mo,,25.60574,0.03150
DAC-2,144,hcp-Fe,,17.64798,0.04796
DAC-2,144,MgO,,56.83992,0.37015
DAC-2,144,NaCl-B2,,22.44509,0.01413
DAC-2,144,Pt,last,50.59300,0.06253
DAC-2,145,Pt,first,50.57468,0.06532
DAC-2,145,Ta,,28.38536,0.01749
DAC-2,145,Cu,,35.77183,0.06526
DAC-2,145,Au,,53.71771,0.15252
DAC-2,145,W,,26.67333,0.03990
DAC-2,145,Mo,,25.57604,0.03254
DAC-2,145,hcp-Fe,,17.62595,0.05141
DAC-2,145,MgO,,56.72429,0.25926
DAC-2,145,NaCl-B2,,22.40353,0.00674
DAC-2,145,Pt,last,50.54582,0.06789
DAC-2,146,Pt,first,50.52189,0.06995
DAC-2,146,Ta,,28.34975,0.02055
DAC-2,146,Cu,,35.72111,0.06351
DAC-2,146,Au,,53.64415,0.15200
DAC-2,146,W,,26.64208,0.04227
DAC-2,146,Mo,,25.54421,0.02512
DAC-2,146,hcp-Fe,,17.60342,0.06476
DAC-2,146,MgO,,56.56740,0.25857
DAC-2,146,NaCl-B2,,22.34657,0.03822
DAC-2,146,Pt,last,50.47932,0.06373
DAC-2,147,Pt,first,50.46838,0.06748
DAC-2,147,Ta,,28.31273,0.02229
DAC-2,147,Cu,,35.68187,0.06740
DAC-2,147,Au,,53.58326,0.15391
DAC-2,147,W,,26.61120,0.04269
DAC-2,147,Mo,,25.51784,0.02883
DAC-2,147,hcp-Fe,,17.58452,0.06419
DAC-2,147,MgO,,56.53790,0.46057
DAC-2,147,NaCl-B2,,22.29251,0.01567
DAC-2,147,Pt,last,50.42011,0.06859
DAC-2,148,Pt,first,50.41655,0.07025
DAC-2,148,Ta,,28.28013,0.02252
DAC-2,148,Cu,,35.63106,0.06359
DAC-2,148,Au,,53.51856,0.14675
DAC-2,148,W,,26.58154,0.04274
DAC-2,148,Mo,,25.48770,0.02360
DAC-2,148,hcp-Fe,,17.55824,0.06748
DAC-2,148,MgO,,56.50560,0.32399
DAC-2,148,NaCl-B2,,22.26556,0.01226
DAC-2,148,Pt,last,50.36896,0.06492
DAC-2,149,Pt,first,50.36261,0.06203
DAC-2,149,Ta,,28.24360,0.02454
DAC-2,149,Cu,,35.57989,0.06564
DAC-2,149,Au,,53.45629,0.14901
DAC-2,149,W,,26.55629,0.04196
DAC-2,149,Mo,,25.45997,0.03042
DAC-2,149,hcp-Fe,,17.53254,0.06789
DAC-2,149,MgO,,56.42688,0.20581
DAC-2,149,NaCl-B2,,22.21001,0.04344
DAC-2,149,Pt,last,50.32584,0.06125
DAC-2,150,Pt,first,50.31236,0.05926
DAC-2,150,Ta,,28.20901,0.02416
DAC-2,150,Cu,,35.53143,0.06254
DAC-2,150,Au,,53.39163,0.16803
DAC-2,150,W,,26.52654,0.04041
DAC-2,150,Mo,,25.42498,0.02666
DAC-2,150,hcp-Fe,,17.51725,0.07069
DAC-2,150,MgO,,56.34644,0.29118
DAC-2,150,NaCl-B2,,22.16434,0.04805
DAC-2,150,Pt,last,50.27625,0.05990
DAC-2,151,Pt,first,50.26567,0.05264
DAC-2,151,Ta,,28.18081,0.02293
DAC-2,151,Cu,,35.48610,0.06474
DAC-2,151,Au,,53.33127,0.15241
DAC-2,151,W,,26.49653,0.04100
DAC-2,151,Mo,,25.40017,0.02850
DAC-2,151,hcp-Fe,,17.48971,0.06979
DAC-2,151,MgO,,56.27239,0.19259
DAC-2,151,NaCl-B2,,22.12864,0.01164
DAC-2,151,Pt,last,50.23806,0.05151
DAC-2,152,Pt,first,50.21722,0.05767
DAC-2,152,Ta,,28.13857,0.02092
DAC-2,152,Cu,,35.44178,0.06486
DAC-2,152,Au,,53.26834,0.16635
DAC-2,152,W,,26.46796,0.04090
DAC-2,152,Mo,,25.37280,0.03084
DAC-2,152,hcp-Fe,,17.46667,0.06567
DAC-2,152,MgO,,56.03548,0.19527
DAC-2,152,NaCl-B2,,22.07467,0.01930
DAC-2,152,Pt,last,50.18331,0.05730
DAC-2,153,Pt,first,50.17770,0.06033
DAC-2,153,Ta,,28.10843,0.02749
DAC-2,153,Cu,,35.39601,0.06471
DAC-2,153,Au,,53.21403,0.15768
DAC-2,153,W,,26.44222,0.04085
DAC-2,153,Mo,,25.34557,0.02695
DAC-2,153,hcp-Fe,,17.44636,0.07678
DAC-2,153,MgO,,55.85042,0.29419
DAC-2,153,NaCl-B2,,22.03690,0.01595
DAC-2,153,Pt,last,50.14332,0.05408
DAC-2,154,Pt,first,50.13407,0.05402
DAC-2,154,Ta,,28.07760,0.02476
DAC-2,154,Cu,,35.35292,0.05977
DAC-2,154,Au,,53.14687,0.15921
DAC-2,154,W,,26.41447,0.03961
DAC-2,154,Mo,,25.31564,0.02632
DAC-2,154,hcp-Fe,,17.42817,0.05555
DAC-2,154,MgO,,55.83547,0.23252
DAC-2,154,NaCl-B2,,21.99018,0.02662
DAC-2,154,Pt,last,50.09113,0.05413
DAC-2,155,Pt,first,50.08281,0.05304
DAC-2,155,Ta,,28.04130,0.02412
DAC-2,155,Cu,,35.30437,0.05942
DAC-2,155,Au,,53.09375,0.17198
DAC-2,155,W,,26.38587,0.03767
DAC-2,155,Mo,,25.28329,0.02525
DAC-2,155,hcp-Fe,,17.39966,0.05042
DAC-2,155,MgO,,55.69273,0.33073
DAC-2,155,NaCl-B2,,21.94073,0.02035
DAC-2,155,Pt,last,50.05320,0.05484
DAC-2,156,Pt,first,50.04627,0.05535
DAC-2,156,Ta,,28.00781,0.02364
DAC-2,156,Cu,,35.26104,0.05979
DAC-2,156,Au,,53.03909,0.15618
DAC-2,156,W,,26.35799,0.03852
DAC-2,156,Mo,,25.25351,0.02662
DAC-2,156,hcp-Fe,,17.38238,0.06421
DAC-2,156,MgO,,55.60992,0.23576
DAC-2,156,NaCl-B2,,21.89336,0.02973
DAC-2,156,Pt,last,50.00391,0.05280
DAC-2,157,Pt,first,49.99450,0.05832
DAC-2,157,Ta,,27.97584,0.02599
DAC-2,157,Cu,,35.21496,0.05898
DAC-2,157,Au,,52.98160,0.13285
DAC-2,157,W,,26.33124,0.03843
DAC-2,157,Mo,,25.22428,0.02541
DAC-2,157,hcp-Fe,,17.36123,0.05277
DAC-2,157,MgO,,55.54297,0.20902
DAC-2,157,NaCl-B2,,21.85218,0.00883
DAC-2,157,Pt,last,49.94784,0.06128
DAC-2,158,Pt,first,49.93379,0.04735
DAC-2,158,Ta,,27.93408,0.02641
DAC-2,158,Cu,,35.16358,0.05944
DAC-2,158,Au,,52.91025,0.15463
DAC-2,158,W,,26.29792,0.03774
DAC-2,158,Mo,,25.19265,0.02546
DAC-2,158,hcp-Fe,,17.33363,0.06192
DAC-2,158,MgO,,55.45065,0.09647
DAC-2,158,NaCl-B2,,21.79452,0.02010
DAC-2,158,Pt,last,49.91723,0.05749
DAC-2,159,Pt,first,49.88440,0.05083
DAC-2,159,Ta,,27.89755,0.02325
DAC-2,159,Cu,,35.10813,0.05884
DAC-2,159,Au,,52.83138,0.16929
DAC-2,159,W,,26.26548,0.03505
DAC-2,159,Mo,,25.15532,0.02951
DAC-2,159,hcp-Fe,,17.31221,0.07988
DAC-2,159,MgO,,55.36571,0.15553
DAC-2,159,NaCl-B2,,21.75061,0.01022
DAC-2,159,Pt,last,49.85511,0.04688
DAC-2,160,Pt,first,49.82652,0.05613
DAC-2,160,Ta,,27.85644,0.03042
DAC-2,160,Cu,,35.05746,0.05999
DAC-2,160,Au,,52.76069,0.14870
DAC-2,160,W,,26.23080,0.03392
DAC-2,160,Mo,,25.11855,0.03016
DAC-2,160,hcp-Fe,,17.28925,0.07450
DAC-2,160,MgO,,55.25924,0.18410
DAC-2,160,NaCl-B2,,21.68937,0.03668
DAC-2,160,Pt,last,49.79126,0.04965
DAC-2,161,Pt,first,49.77013,0.04477
DAC-2,161,Ta,,27.81413,0.02714
DAC-2,161,Cu,,35.00646,0.05586
DAC-2,161,Au,,52.69433,0.17129
DAC-2,161,W,,26.19671,0.03335
DAC-2,161,Mo,,25.08238,0.02815
DAC-2,161,hcp-Fe,,17.25598,0.05657
DAC-2,161,MgO,,55.16939,0.18751
DAC-2,161,NaCl-B2,,21.64320,0.04835
DAC-2,161,Pt,last,49.73576,0.04356
DAC-2,162,Pt,first,49.71578,0.04424
DAC-2,162,Ta,,27.77238,0.02989
DAC-2,162,Cu,,34.94911,0.05316
DAC-2,162,Au,,52.62271,0.12608
DAC-2,162,W,,26.16683,0.03012
DAC-2,162,Mo,,25.05067,0.02971
DAC-2,162,hcp-Fe,,17.23257,0.06978
DAC-2,162,MgO,,55.06799,0.29054
DAC-2,162,NaCl-B2,,21.60822,0.03850
DAC-2,162,Pt,last,49.68703,0.04574
DAC-2,163,Pt,first,49.66085,0.04798
DAC-2,163,Ta,,27.73491,0.02532
DAC-2,163,Cu,,34.89924,0.05468
DAC-2,163,Au,,52.55046,0.17627
DAC-2,163,W,,26.13392,0.03233
DAC-2,163,Mo,,25.01619,0.02963
DAC-2,163,hcp-Fe,,17.20183,0.06111
DAC-2,163,MgO,,54.95710,0.24412
DAC-2,163,NaCl-B2,,21.54117,0.01765
DAC-2,163,Pt,last,49.62484,0.05613
DAC-2,164,Pt,first,49.60832,0.04960
DAC-2,164,Ta,,27.69355,0.02893
DAC-2,164,Cu,,34.84611,0.05229
DAC-2,164,Au,,52.49207,0.15283
DAC-2,164,W,,26.10053,0.03131
DAC-2,164,Mo,,24.98332,0.02771
DAC-2,164,hcp-Fe,,17.18060,0.07574
DAC-2,164,MgO,,54.87220,0.24035
DAC-2,164,NaCl-B2,,21.49357,0.05854
DAC-2,164,Pt,last,49.58609,0.05287
DAC-2,165,Pt,first,49.55264,0.05788
DAC-2,165,Ta,,27.65705,0.02747
DAC-2,165,Cu,,34.79776,0.05500
DAC-2,165,Au,,52.42103,0.13670
DAC-2,165,W,,26.07096,0.03255
DAC-2,165,Mo,,24.95858,0.02270
DAC-2,165,hcp-Fe,,17.15576,0.06929
DAC-2,165,MgO,,54.81925,0.18869
DAC-2,165,NaCl-B2,,21.45051,0.02578
DAC-2,165,Pt,last,49.53192,0.05951
DAC-2,166,Pt,first,49.50108,0.05539
DAC-2,166,Ta,,27.61578,0.02279
DAC-2,166,Cu,,34.74333,0.05459
DAC-2,166,Au,,52.34679,0.15163
DAC-2,166,W,,26.03753,0.03379
DAC-2,166,Mo,,24.91971,0.01865
DAC-2,166,hcp-Fe,,17.13127,0.06918
DAC-2,166,MgO,,54.71213,0.17918
DAC-2,166,NaCl-B2,,21.40375,0.00780
DAC-2,166,Pt,last,49.45319,0.05184
DAC-2,167,Pt,first,49.44282,0.05399
DAC-2,167,Ta,,27.57285,0.02829
DAC-2,167,Cu,,34.69033,0.05461
DAC-2,167,Au,,52.28097,0.15028
DAC-2,167,W,,26.00900,0.03198
DAC-2,167,Mo,,24.89670,0.02079
DAC-2,167,hcp-Fe,,17.10776,0.06626
DAC-2,167,MgO,,54.63654,0.16535
DAC-2,167,NaCl-B2,,21.34674,0.01879
DAC-2,167,Pt,last,49.40070,0.06020
DAC-2,168,Pt,first,49.39502,0.05235
DAC-2,168,Ta,,27.54063,0.02966
DAC-2,168,Cu,,34.64032,0.05333
DAC-2,168,Au,,52.21581,0.13903
DAC-2,168,W,,25.97615,0.03345
DAC-2,168,Mo,,24.86021,0.01814
DAC-2,168,hcp-Fe,,17.08365,0.07019
DAC-2,168,MgO,,54.57584,0.20826
DAC-2,168,NaCl-B2,,21.31037,0.01084
DAC-2,168,Pt,last,49.35342,0.05258
DAC-2,169,Pt,first,49.34298,0.04950
DAC-2,169,Ta,,27.50380,0.03106
DAC-2,169,Cu,,34.59239,0.04933
DAC-2,169,Au,,52.14827,0.15328
DAC-2,169,W,,25.94413,0.03583
DAC-2,169,Mo,,24.83028,0.02463
DAC-2,169,hcp-Fe,,17.06523,0.06273
DAC-2,169,MgO,,54.42238,0.24783
DAC-2,169,NaCl-B2,,21.27210,0.04079
DAC-2,169,Pt,last,49.30710,0.05288
DAC-2,170,Pt,first,49.30214,0.05035
DAC-2,170,Ta,,27.46689,0.03227
DAC-2,170,Cu,,34.54790,0.04962
DAC-2,170,Au,,52.08799,0.14944
DAC-2,170,W,,25.91093,0.03418
DAC-2,170,Mo,,24.80563,0.02640
DAC-2,170,hcp-Fe,,17.03852,0.07280
DAC-2,170,MgO,,54.38393,0.22045
DAC-2,170,NaCl-B2,,21.22164,0.02495
DAC-2,170,Pt,last,49.27373,0.04695
DAC-2,171,Pt,first,49.24770,0.04105
DAC-2,171,Ta,,27.42869,0.02703
DAC-2,171,Cu,,34.48919,0.05008
DAC-2,171,Au,,52.02241,0.16140
DAC-2,171,W,,25.88210,0.03363
DAC-2,171,Mo,,24.76593,0.02523
DAC-2,171,hcp-Fe,,17.02059,0.07832
DAC-2,171,MgO,,54.31888,0.21996
DAC-2,171,NaCl-B2,,21.17791,0.03869
DAC-2,171,Pt,last,49.21104,0.04274
DAC-2,172,Pt,first,49.20100,0.04422
DAC-2,172,Ta,,27.39101,0.02778
DAC-2,172,Cu,,34.44805,0.04889
DAC-2,172,Au,,51.96088,0.15134
DAC-2,172,W,,25.85133,0.03459
DAC-2,172,Mo,,24.74078,0.02639
DAC-2,172,hcp-Fe,,16.99388,0.08260
DAC-2,172,MgO,,54.17618,0.17537
DAC-2,172,NaCl-B2,,21.14418,0.00806
DAC-2,172,Pt,last,49.16649,0.04258
DAC-2,173,Pt,first,49.15322,0.04188
DAC-2,173,Ta,,27.35140,0.02540
DAC-2,173,Cu,,34.39174,0.05160
DAC-2,173,Au,,51.89774,0.14230
DAC-2,173,W,,25.82234,0.03243
DAC-2,173,Mo,,24.70090,0.02607
DAC-2,173,hcp-Fe,,16.97499,0.07755
DAC-2,173,MgO,,54.12492,0.17675
DAC-2,173,NaCl-B2,,21.10495,0.01136
DAC-2,173,Pt,last,49.10559,0.04070
DAC-2,174,Pt,first,49.09873,0.03995
DAC-2,174,Ta,,27.31889,0.02787
DAC-2,174,Cu,,34.34851,0.04866
DAC-2,174,Au,,51.83861,0.14912
DAC-2,174,W,,25.79466,0.03264
DAC-2,174,Mo,,24.66445,0.02800
DAC-2,174,hcp-Fe,,16.95184,0.07457
DAC-2,174,MgO,,54.04464,0.23641
DAC-2,174,NaCl-B2,,21.04828,0.01414
DAC-2,174,Pt,last,49.08596,0.04262
DAC-2,175,Pt,first,49.05358,0.04298
DAC-2,175,Ta,,27.27885,0.02605
DAC-2,175,Cu,,34.30338,0.05274
DAC-2,175,Au,,51.77405,0.14599
DAC-2,175,W,,25.76534,0.03305
DAC-2,175,Mo,,24.63603,0.03017
DAC-2,175,hcp-Fe,,16.93608,0.08719
DAC-2,175,MgO,,53.95664,0.25444
DAC-2,175,NaCl-B2,,21.01804,0.02178
DAC-2,175,Pt,last,49.01582,0.04660
DAC-2,176,Pt,first,49.00553,0.03730
DAC-2,176,Ta,,27.24549,0.02535
DAC-2,176,Cu,,34.26032,0.05190
DAC-2,176,Au,,51.71327,0.15175
DAC-2,176,W,,25.73318,0.03448
DAC-2,176,Mo,,24.61018,0.03258
DAC-2,176,hcp-Fe,,16.91120,0.06886
DAC-2,176,MgO,,53.89882,0.23664
DAC-2,176,NaCl-B2,,20.96947,0.06540
DAC-2,176,Pt,last,48.96562,0.04347
DAC-2,177,Pt,first,48.96276,0.04375
DAC-2,177,Ta,,27.20488,0.02621
DAC-2,177,Cu,,34.20992,0.05498
DAC-2,177,Au,,51.65449,0.15230
DAC-2,177,W,,25.70848,0.03352
DAC-2,177,Mo,,24.58111,0.03135
DAC-2,177,hcp-Fe,,16.88837,0.07418
DAC-2,177,MgO,,53.81555,0.22163
DAC-2,177,NaCl-B2,,20.93433,0.03418
DAC-2,177,Pt,last,48.92217,0.03776
DAC-2,178,Pt,first,48.89303,0.06075
DAC-2,178,Ta,,27.15814,0.02428
DAC-2,178,Cu,,34.15575,0.04682
DAC-2,178,Au,,51.57862,0.15315
DAC-2,178,W,,25.66584,0.03540
DAC-2,178,Mo,,24.53813,0.03302
DAC-2,178,hcp-Fe,,16.87912,0.05761
DAC-2,178,MgO,,53.74724,0.33243
DAC-2,178,NaCl-B2,,20.91228,0.07837
DAC-2,178,Pt,last,48.86340,0.02807
DAC-2,179,Pt,first,48.84602,0.05569
DAC-2,179,Ta,,27.17187,0.03287
DAC-2,179,Cu,,34.11746,0.04612
DAC-2,179,Au,,51.52760,0.15603
DAC-2,179,W,,25.63728,0.03494
DAC-2,179,Mo,,24.50863,0.03485
DAC-2,179,hcp-Fe,,16.86097,0.06675
DAC-2,179,MgO,,53.67438,0.31692
DAC-2,179,NaCl-B2,,20.86705,0.02921
DAC-2,179,Pt,last,48.82303,0.05827
DAC-2,180,Pt,first,48.80576,0.05567
DAC-2,180,Ta,,27.18539,0.04911
DAC-2,180,Cu,,34.06879,0.04759
DAC-2,180,Au,,51.46742,0.16206
DAC-2,180,W,,25.61062,0.03588
DAC-2,180,Mo,,24.48089,0.03687
DAC-2,180,hcp-Fe,,16.84398,0.07167
DAC-2,180,MgO,,53.59919,0.24995
DAC-2,180,NaCl-B2,,20.83482,0.01932
DAC-2,180,Pt,last,48.77592,0.05874
DAC-2,181,Pt,first,48.76759,0.05684
DAC-2,181,Ta,,27.14621,0.04928
DAC-2,181,Cu,,34.02352,0.05047
DAC-2,181,Au,,51.41248,0.14950
DAC-2,181,W,,25.58469,0.03510
DAC-2,181,Mo,,24.45337,0.03993
DAC-2,181,hcp-Fe,,16.83627,0.09172
DAC-2,181,MgO,,53.55563,0.12359
DAC-2,181,NaCl-B2,,20.79496,0.04366
DAC-2,181,Pt,last,48.74511,0.05635
DAC-2,182,Pt,first,48.71920,0.05777
DAC-2,182,Ta,,27.12048,0.04477
DAC-2,182,Cu,,33.98490,0.05260
DAC-2,182,Au,,51.35926,0.13613
DAC-2,182,W,,25.55828,0.03518
DAC-2,182,Mo,,24.42695,0.04239
DAC-2,182,hcp-Fe,,16.80502,0.06451
DAC-2,182,MgO,,53.44634,0.21736
DAC-2,182,NaCl-B2,,20.75507,0.04873
DAC-2,182,Pt,last,48.69409,0.05663
DAC-2,183,Pt,first,48.68133,0.05463
DAC-2,183,Ta,,27.08847,0.04463
DAC-2,183,Cu,,33.94286,0.05098
DAC-2,183,Au,,51.30222,0.15077
DAC-2,183,W,,25.52988,0.03604
DAC-2,183,Mo,,24.39595,0.04157
DAC-2,183,hcp-Fe,,16.78543,0.06095
DAC-2,183,MgO,,53.39464,0.27027
DAC-2,183,NaCl-B2,,20.71286,0.04210
DAC-2,183,Pt,last,48.65958,0.05335
DAC-2,184,Pt,first,48.64408,0.05145
DAC-2,184,Ta,,27.05646,0.04861
DAC-2,184,Cu,,33.89936,0.05189
DAC-2,184,Au,,51.24749,0.16191
DAC-2,184,W,,25.50136,0.03713
DAC-2,184,Mo,,24.37066,0.04334
DAC-2,184,hcp-Fe,,16.76807,0.06968
DAC-2,184,MgO,,53.33834,0.24958
DAC-2,184,NaCl-B2,,20.68466,0.01500
DAC-2,184,Pt,last,48.62287,0.05036
DAC-2,185,Pt,first,48.60462,0.04607
DAC-2,185,Ta,,27.02307,0.04834
DAC-2,185,Cu,,33.86352,0.05062
DAC-2,185,Au,,51.18720,0.16899
DAC-2,185,W,,25.47583,0.03686
DAC-2,185,Mo,,24.34350,0.04268
DAC-2,185,hcp-Fe,,16.75093,0.06166
DAC-2,185,MgO,,53.24377,0.22502
DAC-2,185,NaCl-B2,,20.64891,0.04960
DAC-2,185,Pt,last,48.57792,0.04467
DAC-2,186,Pt,first,48.56389,0.04239
DAC-2,186,Ta,,26.99347,0.04676
DAC-2,186,Cu,,33.82083,0.05008
DAC-2,186,Au,,51.13487,0.14766
DAC-2,186,W,,25.45168,0.03614
DAC-2,186,Mo,,24.31829,0.03958
DAC-2,186,hcp-Fe,,16.73317,0.06871
DAC-2,186,MgO,,53.16080,0.24492
DAC-2,186,NaCl-B2,,20.61746,0.04434
DAC-2,186,Pt,last,48.54265,0.04546
DAC-2,187,Pt,first,48.52214,0.04136
DAC-2,187,Ta,,26.95796,0.04689
DAC-2,187,Cu,,33.78039,0.05429
DAC-2,187,Au,,51.07958,0.15748
DAC-2,187,W,,25.42556,0.03693
DAC-2,187,Mo,,24.28827,0.04274
DAC-2,187,hcp-Fe,,16.70994,0.06113
DAC-2,187,MgO,,53.11917,0.24027
DAC-2,187,NaCl-B2,,20.57245,0.02767
DAC-2,187,Pt,last,48.49044,0.04057
DAC-2,188,Pt,first,48.48238,0.03893
DAC-2,188,Ta,,26.93074,0.04728
DAC-2,188,Cu,,33.74431,0.05363
DAC-2,188,Au,,51.02682,0.14501
DAC-2,188,W,,25.40092,0.03501
DAC-2,188,Mo,,24.26031,0.04345
DAC-2,188,hcp-Fe,,16.69169,0.06087
DAC-2,188,MgO,,53.02152,0.22522
DAC-2,188,NaCl-B2,,20.54359,0.01702
DAC-2,188,Pt,last,48.45899,0.04044
DAC-2,189,Pt,first,48.43653,0.03852
DAC-2,189,Ta,,26.90130,0.04331
DAC-2,189,Cu,,33.69528,0.05316
DAC-2,189,Au,,50.97286,0.15342
DAC-2,189,W,,25.37847,0.03614
DAC-2,189,Mo,,24.23307,0.04438
DAC-2,189,hcp-Fe,,16.68596,0.07566
DAC-2,189,MgO,,52.96477,0.29615
DAC-2,189,NaCl-B2,,20.51802,0.01364
DAC-2,189,Pt,last,48.42436,0.03721
DAC-2,190,Pt,first,48.39704,0.04036
DAC-2,190,Ta,,26.87412,0.04668
DAC-2,190,Cu,,33.66122,0.05141
DAC-2,190,Au,,50.92115,0.16076
DAC-2,190,W,,25.35087,0.03626
DAC-2,190,Mo,,24.20686,0.04595
DAC-2,190,hcp-Fe,,16.66232,0.06619
DAC-2,190,MgO,,52.89988,0.24857
DAC-2,190,NaCl-B2,,20.48089,0.03362
DAC-2,190,Pt,last,48.37902,0.03979
DAC-2,191,Pt,first,48.35986,0.03422
DAC-2,191,Ta,,26.83999,0.04259
DAC-2,191,Cu,,33.62137,0.05415
DAC-2,191,Au,,50.86391,0.16276
DAC-2,191,W,,25.32735,0.03585
DAC-2,191,Mo,,24.19433,0.04943
DAC-2,191,hcp-Fe,,16.64139,0.05566
DAC-2,191,MgO,,52.85516,0.20375
DAC-2,191,NaCl-B2,,20.44260,0.01353
DAC-2,191,Pt,last,48.34346,0.03360
DAC-2,192,Pt,first,48.32099,0.03144
DAC-2,192,Ta,,26.81127,0.04466
DAC-2,192,Cu,,33.58487,0.05253
DAC-2,192,Au,,50.81529,0.15073
DAC-2,192,W,,25.30181,0.03665
DAC-2,192,Mo,,24.16897,0.05436
DAC-2,192,hcp-Fe,,16.62589,0.05881
DAC-2,192,MgO,,52.77758,0.21973
DAC-2,192,NaCl-B2,,20.40843,0.02500
DAC-2,192,Pt,last,48.29958,0.03293
DAC-2,193,Pt,first,48.28347,0.03365
DAC-2,193,Ta,,26.78043,0.04525
DAC-2,193,Cu,,33.54792,0.05232
DAC-2,193,Au,,50.76488,0.15798
DAC-2,193,W,,25.27567,0.03491
DAC-2,193,Mo,,24.13777,0.04308
DAC-2,193,hcp-Fe,,16.60851,0.05584
DAC-2,193,MgO,,52.73819,0.13063
DAC-2,193,NaCl-B2,,20.37353,0.01646
DAC-2,193,Pt,last,48.26599,0.03275
DAC-2,194,Ta,,26.75128,0.04515
DAC-2,194,Cu,,33.50660,0.05281
DAC-2,194,Au,,50.70995,0.16707
DAC-2,194,Mo,,24.11538,0.04425
DAC-2,194,hcp-Fe,,16.58935,0.07144
DAC-2,194,MgO,,52.69150,0.17014
DAC-2,194,Pt,last,48.23100,0.03486
